rank,start,end,duration_min,n_samples,pct_samples_flagged,peak_score,mean_score,n_abnormal_vars,abnormal_variables,dominant_vars_top2,regime,if_pct_max,category,shutdown_context,startup_context,evidence,magnitude,breadth,severity
1,2018-07-15 21:15:00,2018-07-15 23:35:00,145.0,29,100.0,50.0,50.0,6,Cyclone_Inlet_Gas_Temp; Cyclone_Material_Temp; Cyclone_Outlet_Gas_draft; Cyclone_cone_draft; Cyclone_Gas_Outlet_Temp; Cyclone_Inlet_Draft,Cyclone_Gas_Outlet_Temp; Cyclone_Material_Temp,1,97.2,instrument_fault,True,False,Cyclone_Inlet_Gas_Temp frozen at 99.99 for 100% of interval (145 min) -> stuck value | inside COLD/SHUTDOWN regime,1.0,1.0,1.0
2,2020-05-17 10:30:00,2020-05-17 22:20:00,715.0,143,100.0,50.0,34.72,6,Cyclone_Inlet_Gas_Temp; Cyclone_Material_Temp; Cyclone_Outlet_Gas_draft; Cyclone_cone_draft; Cyclone_Gas_Outlet_Temp; Cyclone_Inlet_Draft,Cyclone_Inlet_Gas_Temp; Cyclone_Gas_Outlet_Temp,0,99.5,process_correlated,False,False,"6 coupled sensors deviate together: Cyclone_Inlet_Gas_Temp, Cyclone_Material_Temp, Cyclone_Outlet_Gas_draft, Cyclone_cone_draft, Cyclone_Gas_Outlet_Temp, Cyclone_Inlet_Draft",0.8444,1.0,0.9729
3,2017-08-06 16:30:00,2017-08-07 01:20:00,535.0,107,100.0,50.0,35.05,6,Cyclone_Inlet_Gas_Temp; Cyclone_Material_Temp; Cyclone_Outlet_Gas_draft; Cyclone_cone_draft; Cyclone_Gas_Outlet_Temp; Cyclone_Inlet_Draft,Cyclone_Material_Temp; Cyclone_Inlet_Gas_Temp,0,99.9,process_correlated,False,False,"6 coupled sensors deviate together: Cyclone_Inlet_Gas_Temp, Cyclone_Material_Temp, Cyclone_Outlet_Gas_draft, Cyclone_cone_draft, Cyclone_Gas_Outlet_Temp, Cyclone_Inlet_Draft",0.8524,1.0,0.9676
4,2017-03-30 20:55:00,2017-03-30 23:30:00,160.0,32,100.0,50.0,41.07,5,Cyclone_Inlet_Gas_Temp; Cyclone_Outlet_Gas_draft; Cyclone_cone_draft; Cyclone_Gas_Outlet_Temp; Cyclone_Inlet_Draft,Cyclone_cone_draft; Cyclone_Inlet_Draft,0,99.9,process_correlated,False,False,"5 coupled sensors deviate together: Cyclone_Inlet_Gas_Temp, Cyclone_Outlet_Gas_draft, Cyclone_cone_draft, Cyclone_Gas_Outlet_Temp, Cyclone_Inlet_Draft | note: starting at +70 min after onset, 1 instantaneous temperature step(s) >=300C across 1 channel(s) appear in single 5-min samples, none of them crossing into the cold boundary (<100C) (e.g. Cyclone_Material_Temp 900 -> 595 C, 305C) - jumps far beyond thermal-mass limits, but NOT a recorded hot<->cold operating-state transition -> the startup/shutdown evidence chain does not apply, so the period stays rankable; scores near the step(s) carry some stale-baseline inflation",0.9988,0.8333,0.9653
5,2019-07-04 20:10:00,2019-07-04 20:50:00,45.0,9,100.0,50.0,50.0,6,Cyclone_Inlet_Gas_Temp; Cyclone_Material_Temp; Cyclone_Outlet_Gas_draft; Cyclone_cone_draft; Cyclone_Gas_Outlet_Temp; Cyclone_Inlet_Draft,Cyclone_Gas_Outlet_Temp; Cyclone_Material_Temp,1,98.8,instrument_fault,True,False,"Cyclone_Inlet_Gas_Temp frozen at 100.0 for 100% of interval (45 min) -> stuck value | note: starting at onset, 1 instantaneous temperature step(s) >=300C across 1 channel(s) appear in single 5-min samples, none of them crossing into the cold boundary (<100C) (e.g. Cyclone_Inlet_Gas_Temp 869 -> 100 C, 769C) - jumps far beyond thermal-mass limits, but NOT a recorded hot<->cold operating-state transition -> the startup/shutdown evidence chain does not apply, so the period stays rankable; scores near the step(s) carry some stale-baseline inflation | inside COLD/SHUTDOWN regime",1.0,1.0,0.9628
6,2018-09-07 00:00:00,2018-09-08 01:20:00,1525.0,305,100.0,50.0,29.73,6,Cyclone_Inlet_Gas_Temp; Cyclone_Material_Temp; Cyclone_Outlet_Gas_draft; Cyclone_cone_draft; Cyclone_Gas_Outlet_Temp; Cyclone_Inlet_Draft,Cyclone_Inlet_Gas_Temp; Cyclone_Gas_Outlet_Temp,1,99.9,process_correlated,True,False,"6 coupled sensors deviate together: Cyclone_Inlet_Gas_Temp, Cyclone_Material_Temp, Cyclone_Outlet_Gas_draft, Cyclone_cone_draft, Cyclone_Gas_Outlet_Temp, Cyclone_Inlet_Draft | note: starting at onset, 3 instantaneous temperature step(s) >=300C across 3 channel(s) appear in single 5-min samples, none of them crossing into the cold boundary (<100C) (e.g. Cyclone_Inlet_Gas_Temp 961 -> 378 C, 584C) - jumps far beyond thermal-mass limits, but NOT a recorded hot<->cold operating-state transition -> the startup/shutdown evidence chain does not apply, so the period stays rankable; scores near the step(s) carry some stale-baseline inflation | inside COLD/SHUTDOWN regime",0.723,1.0,0.9362
7,2019-06-30 22:20:00,2019-06-30 23:55:00,100.0,20,100.0,50.0,39.58,5,Cyclone_Inlet_Gas_Temp; Cyclone_Material_Temp; Cyclone_Outlet_Gas_draft; Cyclone_cone_draft; Cyclone_Inlet_Draft,Cyclone_Outlet_Gas_draft; Cyclone_Inlet_Draft,0,99.6,process_correlated,False,False,"5 coupled sensors deviate together: Cyclone_Inlet_Gas_Temp, Cyclone_Material_Temp, Cyclone_Outlet_Gas_draft, Cyclone_cone_draft, Cyclone_Inlet_Draft",0.9626,0.8333,0.932
8,2019-01-08 15:45:00,2019-01-09 01:20:00,580.0,116,100.0,50.0,31.32,6,Cyclone_Inlet_Gas_Temp; Cyclone_Material_Temp; Cyclone_Outlet_Gas_draft; Cyclone_cone_draft; Cyclone_Gas_Outlet_Temp; Cyclone_Inlet_Draft,Cyclone_Inlet_Gas_Temp; Cyclone_Material_Temp,0,99.9,process_correlated,False,False,"6 coupled sensors deviate together: Cyclone_Inlet_Gas_Temp, Cyclone_Material_Temp, Cyclone_Outlet_Gas_draft, Cyclone_cone_draft, Cyclone_Gas_Outlet_Temp, Cyclone_Inlet_Draft",0.7617,1.0,0.9245
9,2017-07-31 04:30:00,2017-07-31 17:00:00,755.0,151,99.3,50.0,32.55,5,Cyclone_Inlet_Gas_Temp; Cyclone_Material_Temp; Cyclone_Outlet_Gas_draft; Cyclone_Gas_Outlet_Temp; Cyclone_Inlet_Draft,Cyclone_Inlet_Gas_Temp; Cyclone_Gas_Outlet_Temp,0,99.9,process_correlated,False,False,"5 coupled sensors deviate together: Cyclone_Inlet_Gas_Temp, Cyclone_Material_Temp, Cyclone_Outlet_Gas_draft, Cyclone_Gas_Outlet_Temp, Cyclone_Inlet_Draft",0.7916,0.8333,0.91
10,2018-08-03 00:00:00,2018-08-03 01:20:00,85.0,17,100.0,49.48,37.25,5,Cyclone_Inlet_Gas_Temp; Cyclone_Outlet_Gas_draft; Cyclone_cone_draft; Cyclone_Gas_Outlet_Temp; Cyclone_Inlet_Draft,Cyclone_Outlet_Gas_draft; Cyclone_Inlet_Draft,0,100.0,process_correlated,False,False,"5 coupled sensors deviate together: Cyclone_Inlet_Gas_Temp, Cyclone_Outlet_Gas_draft, Cyclone_cone_draft, Cyclone_Gas_Outlet_Temp, Cyclone_Inlet_Draft | note: starting at onset, 5 instantaneous temperature step(s) >=300C across 1 channel(s) appear in single 5-min samples, none of them crossing into the cold boundary (<100C) (e.g. Cyclone_Material_Temp 901 -> 438 C, 463C) - jumps far beyond thermal-mass limits, but NOT a recorded hot<->cold operating-state transition -> the startup/shutdown evidence chain does not apply, so the period stays rankable; scores near the step(s) carry some stale-baseline inflation",0.9059,0.8333,0.8983
11,2017-09-13 00:00:00,2017-09-14 00:30:00,1475.0,295,99.3,50.0,37.91,2,Cyclone_Inlet_Gas_Temp; Cyclone_Gas_Outlet_Temp,Cyclone_Inlet_Gas_Temp; Cyclone_Gas_Outlet_Temp,0,100.0,process_correlated,False,False,"2 coupled sensors deviate together: Cyclone_Inlet_Gas_Temp, Cyclone_Gas_Outlet_Temp | note: starting at onset, 1 instantaneous temperature step(s) >=300C across 1 channel(s) appear in single 5-min samples, none of them crossing into the cold boundary (<100C) (e.g. Cyclone_Material_Temp 847 -> 289 C, 558C) - jumps far beyond thermal-mass limits, but NOT a recorded hot<->cold operating-state transition -> the startup/shutdown evidence chain does not apply, so the period stays rankable; scores near the step(s) carry some stale-baseline inflation",0.922,0.3333,0.8853
12,2019-10-26 15:00:00,2019-10-27 06:55:00,960.0,192,100.0,50.0,26.56,6,Cyclone_Inlet_Gas_Temp; Cyclone_Material_Temp; Cyclone_Outlet_Gas_draft; Cyclone_cone_draft; Cyclone_Gas_Outlet_Temp; Cyclone_Inlet_Draft,Cyclone_Inlet_Gas_Temp; Cyclone_Gas_Outlet_Temp,0,98.7,process_correlated,False,False,"6 coupled sensors deviate together: Cyclone_Inlet_Gas_Temp, Cyclone_Material_Temp, Cyclone_Outlet_Gas_draft, Cyclone_cone_draft, Cyclone_Gas_Outlet_Temp, Cyclone_Inlet_Draft",0.6459,1.0,0.8825
13,2019-04-14 18:40:00,2019-04-16 05:55:00,2120.0,424,100.0,50.0,36.55,2,Cyclone_Inlet_Gas_Temp; Cyclone_Gas_Outlet_Temp,Cyclone_Inlet_Gas_Temp; Cyclone_Gas_Outlet_Temp,0,99.5,process_correlated,False,False,"2 coupled sensors deviate together: Cyclone_Inlet_Gas_Temp, Cyclone_Gas_Outlet_Temp",0.8889,0.3333,0.8812
14,2018-06-12 00:00:00,2018-06-13 01:20:00,1525.0,305,100.0,50.0,33.6,3,Cyclone_Inlet_Gas_Temp; Cyclone_Material_Temp; Cyclone_Gas_Outlet_Temp,Cyclone_Inlet_Gas_Temp; Cyclone_Gas_Outlet_Temp,0,100.0,process_correlated,False,False,"3 coupled sensors deviate together: Cyclone_Inlet_Gas_Temp, Cyclone_Material_Temp, Cyclone_Gas_Outlet_Temp | note: starting at onset, 1 instantaneous temperature step(s) >=300C across 1 channel(s) appear in single 5-min samples, none of them crossing into the cold boundary (<100C) (e.g. Cyclone_Material_Temp 927 -> 504 C, 423C) - jumps far beyond thermal-mass limits, but NOT a recorded hot<->cold operating-state transition -> the startup/shutdown evidence chain does not apply, so the period stays rankable; scores near the step(s) carry some stale-baseline inflation",0.8172,0.5,0.8717
15,2018-05-31 19:05:00,2018-06-01 01:20:00,380.0,76,100.0,50.0,28.11,6,Cyclone_Inlet_Gas_Temp; Cyclone_Material_Temp; Cyclone_Outlet_Gas_draft; Cyclone_cone_draft; Cyclone_Gas_Outlet_Temp; Cyclone_Inlet_Draft,Cyclone_Inlet_Gas_Temp; Cyclone_Material_Temp,0,99.9,process_correlated,False,False,"6 coupled sensors deviate together: Cyclone_Inlet_Gas_Temp, Cyclone_Material_Temp, Cyclone_Outlet_Gas_draft, Cyclone_cone_draft, Cyclone_Gas_Outlet_Temp, Cyclone_Inlet_Draft",0.6836,1.0,0.8716
16,2017-09-29 20:45:00,2017-09-30 11:20:00,880.0,176,98.9,50.0,41.68,1,Cyclone_Material_Temp,Cyclone_Material_Temp; Cyclone_Inlet_Gas_Temp,1,97.8,instrument_fault,True,False,Cyclone_Material_Temp frozen at 900.0 for 83% of interval (880 min) -> stuck value | inside COLD/SHUTDOWN regime,1.0,0.1667,0.8702
17,2018-09-28 08:00:00,2018-09-29 03:25:00,1170.0,234,98.3,50.0,40.23,1,Cyclone_Material_Temp,Cyclone_Material_Temp; Cyclone_Inlet_Gas_Temp,1,97.8,instrument_fault,True,False,"Cyclone_Material_Temp frozen at 900.0 for 91% of interval (1170 min) -> stuck value | note: starting at +110 min after onset, 1 instantaneous temperature step(s) >=300C across 1 channel(s) appear in single 5-min samples, none of them crossing into the cold boundary (<100C) (e.g. Cyclone_Material_Temp 900 -> 125 C, 775C) - jumps far beyond thermal-mass limits, but NOT a recorded hot<->cold operating-state transition -> the startup/shutdown evidence chain does not apply, so the period stays rankable; scores near the step(s) carry some stale-baseline inflation | inside COLD/SHUTDOWN regime",0.9784,0.1667,0.8679
18,2019-04-29 11:10:00,2019-04-30 13:30:00,1585.0,317,100.0,50.0,32.8,3,Cyclone_Inlet_Gas_Temp; Cyclone_Material_Temp; Cyclone_Gas_Outlet_Temp,Cyclone_Inlet_Gas_Temp; Cyclone_Gas_Outlet_Temp,0,99.3,process_correlated,False,False,"3 coupled sensors deviate together: Cyclone_Inlet_Gas_Temp, Cyclone_Material_Temp, Cyclone_Gas_Outlet_Temp",0.7977,0.5,0.8632
19,2018-07-11 23:10:00,2018-07-12 06:45:00,460.0,92,92.4,50.0,27.5,6,Cyclone_Inlet_Gas_Temp; Cyclone_Material_Temp; Cyclone_Outlet_Gas_draft; Cyclone_cone_draft; Cyclone_Gas_Outlet_Temp; Cyclone_Inlet_Draft,Cyclone_Inlet_Gas_Temp; Cyclone_Gas_Outlet_Temp,0,100.0,process_correlated,False,False,"6 coupled sensors deviate together: Cyclone_Inlet_Gas_Temp, Cyclone_Material_Temp, Cyclone_Outlet_Gas_draft, Cyclone_cone_draft, Cyclone_Gas_Outlet_Temp, Cyclone_Inlet_Draft | note: starting at +50 min after onset, 3 instantaneous temperature step(s) >=300C across 3 channel(s) appear in single 5-min samples, none of them crossing into the cold boundary (<100C) (e.g. Cyclone_Inlet_Gas_Temp 887 -> 396 C, 491C) - jumps far beyond thermal-mass limits, but NOT a recorded hot<->cold operating-state transition -> the startup/shutdown evidence chain does not apply, so the period stays rankable; scores near the step(s) carry some stale-baseline inflation",0.6688,1.0,0.8618
20,2017-11-11 00:00:00,2017-11-11 00:50:00,55.0,11,100.0,48.29,46.97,3,Cyclone_Outlet_Gas_draft; Cyclone_cone_draft; Cyclone_Inlet_Draft,Cyclone_Inlet_Draft; Cyclone_Outlet_Gas_draft,0,96.9,process_correlated,False,False,"3 coupled sensors deviate together: Cyclone_Outlet_Gas_draft, Cyclone_cone_draft, Cyclone_Inlet_Draft",1.0,0.5,0.8572
21,2018-11-27 05:40:00,2018-11-30 07:55:00,4460.0,892,100.0,50.0,32.53,2,Cyclone_Inlet_Gas_Temp; Cyclone_Gas_Outlet_Temp,Cyclone_Inlet_Gas_Temp; Cyclone_Gas_Outlet_Temp,0,100.0,process_correlated,False,False,"2 coupled sensors deviate together: Cyclone_Inlet_Gas_Temp, Cyclone_Gas_Outlet_Temp | note: starting at onset, 1 instantaneous temperature step(s) >=300C across 1 channel(s) appear in single 5-min samples, none of them crossing into the cold boundary (<100C) (e.g. Cyclone_Material_Temp 952 -> 640 C, 311C) - jumps far beyond thermal-mass limits, but NOT a recorded hot<->cold operating-state transition -> the startup/shutdown evidence chain does not apply, so the period stays rankable; scores near the step(s) carry some stale-baseline inflation",0.7911,0.3333,0.8559
22,2017-09-06 00:00:00,2017-09-06 02:50:00,175.0,35,100.0,50.0,28.51,6,Cyclone_Inlet_Gas_Temp; Cyclone_Material_Temp; Cyclone_Outlet_Gas_draft; Cyclone_cone_draft; Cyclone_Gas_Outlet_Temp; Cyclone_Inlet_Draft,Cyclone_Inlet_Gas_Temp; Cyclone_Gas_Outlet_Temp,1,100.0,process_correlated,True,False,"6 coupled sensors deviate together: Cyclone_Inlet_Gas_Temp, Cyclone_Material_Temp, Cyclone_Outlet_Gas_draft, Cyclone_cone_draft, Cyclone_Gas_Outlet_Temp, Cyclone_Inlet_Draft | note: starting at onset, 3 instantaneous temperature step(s) >=300C across 3 channel(s) appear in single 5-min samples, none of them crossing into the cold boundary (<100C) (e.g. Cyclone_Inlet_Gas_Temp 888 -> 495 C, 393C) - jumps far beyond thermal-mass limits, but NOT a recorded hot<->cold operating-state transition -> the startup/shutdown evidence chain does not apply, so the period stays rankable; scores near the step(s) carry some stale-baseline inflation | inside COLD/SHUTDOWN regime",0.6934,1.0,0.8516
23,2018-09-27 21:45:00,2018-09-28 05:15:00,455.0,91,100.0,50.0,41.29,1,Cyclone_Material_Temp,Cyclone_Material_Temp; Cyclone_Inlet_Gas_Temp,1,93.4,instrument_fault,True,False,Cyclone_Material_Temp frozen at 900.0 for 81% of interval (455 min) -> stuck value | inside COLD/SHUTDOWN regime,1.0,0.1667,0.8502
24,2018-09-27 13:45:00,2018-09-27 20:35:00,415.0,83,100.0,50.0,41.44,1,Cyclone_Material_Temp,Cyclone_Material_Temp; Cyclone_Inlet_Gas_Temp,1,97.8,single_sensor_deviation,True,False,"Cyclone_Material_Temp alone outside regime envelope; other sensors consistent with current regime | note: starting at +10 min after onset, 2 instantaneous temperature step(s) >=300C across 1 channel(s) appear in single 5-min samples, none of them crossing into the cold boundary (<100C) (e.g. Cyclone_Material_Temp 900 -> 123 C, 777C) - jumps far beyond thermal-mass limits, but NOT a recorded hot<->cold operating-state transition -> the startup/shutdown evidence chain does not apply, so the period stays rankable; scores near the step(s) carry some stale-baseline inflation | inside COLD/SHUTDOWN regime",1.0,0.1667,0.8473
25,2018-02-24 09:10:00,2018-02-24 10:15:00,70.0,14,100.0,50.0,30.28,6,Cyclone_Inlet_Gas_Temp; Cyclone_Material_Temp; Cyclone_Outlet_Gas_draft; Cyclone_cone_draft; Cyclone_Gas_Outlet_Temp; Cyclone_Inlet_Draft,Cyclone_Gas_Outlet_Temp; Cyclone_Material_Temp,0,99.6,process_correlated,False,False,"6 coupled sensors deviate together: Cyclone_Inlet_Gas_Temp, Cyclone_Material_Temp, Cyclone_Outlet_Gas_draft, Cyclone_cone_draft, Cyclone_Gas_Outlet_Temp, Cyclone_Inlet_Draft | note: starting at +5 min after onset, 6 instantaneous temperature step(s) >=300C across 1 channel(s) appear in single 5-min samples, none of them crossing into the cold boundary (<100C) (e.g. Cyclone_Inlet_Gas_Temp 1006 -> 100 C, 906C) - jumps far beyond thermal-mass limits, but NOT a recorded hot<->cold operating-state transition -> the startup/shutdown evidence chain does not apply, so the period stays rankable; scores near the step(s) carry some stale-baseline inflation",0.7364,1.0,0.844
26,2017-12-10 17:25:00,2017-12-11 01:20:00,480.0,96,92.7,50.0,42.23,1,Cyclone_Material_Temp,Cyclone_Material_Temp; Cyclone_Outlet_Gas_draft,1,100.0,single_sensor_deviation,True,False,"Cyclone_Material_Temp alone outside regime envelope; other sensors consistent with current regime | note: an instantaneous hot<->cold jump occurs 395 min AFTER onset (3 channels); it did not create the period, so the period stays rankable, but scores after it carry some stale-baseline inflation | note: starting at +45 min after onset, 2 instantaneous temperature step(s) >=300C across 1 channel(s) appear in single 5-min samples, none of them crossing into the cold boundary (<100C) (e.g. Cyclone_Material_Temp 900 -> 111 C, 789C) - jumps far beyond thermal-mass limits, but NOT a recorded hot<->cold operating-state transition -> the startup/shutdown evidence chain does not apply, so the period stays rankable; scores near the step(s) carry some stale-baseline inflation | inside COLD/SHUTDOWN regime",1.0,0.1667,0.8438
27,2019-03-16 22:10:00,2019-03-18 17:10:00,2585.0,517,100.0,50.0,29.83,3,Cyclone_Inlet_Gas_Temp; Cyclone_Material_Temp; Cyclone_Gas_Outlet_Temp,Cyclone_Inlet_Gas_Temp; Cyclone_Gas_Outlet_Temp,1,99.7,process_correlated,True,False,"3 coupled sensors deviate together: Cyclone_Inlet_Gas_Temp, Cyclone_Material_Temp, Cyclone_Gas_Outlet_Temp | inside COLD/SHUTDOWN regime",0.7255,0.5,0.8425
28,2018-08-07 14:15:00,2018-08-08 01:20:00,670.0,134,100.0,50.0,33.29,3,Cyclone_Inlet_Gas_Temp; Cyclone_Material_Temp; Cyclone_Gas_Outlet_Temp,Cyclone_Inlet_Gas_Temp; Cyclone_Gas_Outlet_Temp,1,99.9,process_correlated,True,False,"3 coupled sensors deviate together: Cyclone_Inlet_Gas_Temp, Cyclone_Material_Temp, Cyclone_Gas_Outlet_Temp | inside COLD/SHUTDOWN regime",0.8096,0.5,0.8414
29,2020-02-22 04:35:00,2020-02-23 11:20:00,1850.0,370,98.9,50.0,30.58,3,Cyclone_Inlet_Gas_Temp; Cyclone_Material_Temp; Cyclone_Gas_Outlet_Temp,Cyclone_Inlet_Gas_Temp; Cyclone_Gas_Outlet_Temp,0,99.5,process_correlated,False,False,"3 coupled sensors deviate together: Cyclone_Inlet_Gas_Temp, Cyclone_Material_Temp, Cyclone_Gas_Outlet_Temp",0.7437,0.5,0.8397
30,2017-05-04 01:35:00,2017-05-05 01:20:00,1430.0,286,99.7,50.0,34.12,2,Cyclone_Inlet_Gas_Temp; Cyclone_Gas_Outlet_Temp,Cyclone_Inlet_Gas_Temp; Cyclone_Gas_Outlet_Temp,0,99.9,process_correlated,False,False,"2 coupled sensors deviate together: Cyclone_Inlet_Gas_Temp, Cyclone_Gas_Outlet_Temp",0.8298,0.3333,0.8384
31,2018-10-07 00:00:00,2018-10-07 16:10:00,975.0,195,99.0,50.0,32.07,3,Cyclone_Inlet_Gas_Temp; Cyclone_Material_Temp; Cyclone_Gas_Outlet_Temp,Cyclone_Inlet_Gas_Temp; Cyclone_Gas_Outlet_Temp,1,100.0,process_correlated,True,False,"3 coupled sensors deviate together: Cyclone_Inlet_Gas_Temp, Cyclone_Material_Temp, Cyclone_Gas_Outlet_Temp | note: starting at onset, 3 instantaneous temperature step(s) >=300C across 3 channel(s) appear in single 5-min samples, none of them crossing into the cold boundary (<100C) (e.g. Cyclone_Inlet_Gas_Temp 895 -> 395 C, 500C) - jumps far beyond thermal-mass limits, but NOT a recorded hot<->cold operating-state transition -> the startup/shutdown evidence chain does not apply, so the period stays rankable; scores near the step(s) carry some stale-baseline inflation | inside COLD/SHUTDOWN regime",0.7799,0.5,0.8374
32,2018-01-04 16:00:00,2018-01-05 16:20:00,1465.0,293,99.7,50.0,33.83,2,Cyclone_Inlet_Gas_Temp; Cyclone_Gas_Outlet_Temp,Cyclone_Inlet_Gas_Temp; Cyclone_Gas_Outlet_Temp,0,99.4,process_correlated,False,False,"2 coupled sensors deviate together: Cyclone_Inlet_Gas_Temp, Cyclone_Gas_Outlet_Temp | note: starting at +100 min after onset, 2 instantaneous temperature step(s) >=300C across 1 channel(s) appear in single 5-min samples, none of them crossing into the cold boundary (<100C) (e.g. Cyclone_Material_Temp 464 -> 900 C, 436C) - jumps far beyond thermal-mass limits, but NOT a recorded hot<->cold operating-state transition -> the startup/shutdown evidence chain does not apply, so the period stays rankable; scores near the step(s) carry some stale-baseline inflation",0.8227,0.3333,0.8356
33,2018-05-11 00:00:00,2018-05-11 12:20:00,745.0,149,100.0,50.0,32.47,3,Cyclone_Inlet_Gas_Temp; Cyclone_Material_Temp; Cyclone_Gas_Outlet_Temp,Cyclone_Inlet_Gas_Temp; Cyclone_Gas_Outlet_Temp,1,98.9,process_correlated,True,False,"3 coupled sensors deviate together: Cyclone_Inlet_Gas_Temp, Cyclone_Material_Temp, Cyclone_Gas_Outlet_Temp | inside COLD/SHUTDOWN regime",0.7897,0.5,0.8348
34,2017-08-12 00:00:00,2017-08-12 22:05:00,1330.0,266,98.9,50.0,30.4,3,Cyclone_Inlet_Gas_Temp; Cyclone_Material_Temp; Cyclone_Gas_Outlet_Temp,Cyclone_Inlet_Gas_Temp; Cyclone_Gas_Outlet_Temp,1,100.0,process_correlated,True,False,"3 coupled sensors deviate together: Cyclone_Inlet_Gas_Temp, Cyclone_Material_Temp, Cyclone_Gas_Outlet_Temp | note: starting at onset, 3 instantaneous temperature step(s) >=300C across 3 channel(s) appear in single 5-min samples, none of them crossing into the cold boundary (<100C) (e.g. Cyclone_Inlet_Gas_Temp 912 -> 259 C, 653C) - jumps far beyond thermal-mass limits, but NOT a recorded hot<->cold operating-state transition -> the startup/shutdown evidence chain does not apply, so the period stays rankable; scores near the step(s) carry some stale-baseline inflation | inside COLD/SHUTDOWN regime",0.7393,0.5,0.8269
35,2017-09-28 18:10:00,2017-09-29 05:40:00,695.0,139,94.2,50.0,38.37,1,Cyclone_Material_Temp,Cyclone_Material_Temp; Cyclone_Outlet_Gas_draft,1,97.7,single_sensor_deviation,True,False,Cyclone_Material_Temp alone outside regime envelope; other sensors consistent with current regime | inside COLD/SHUTDOWN regime,0.9332,0.1667,0.8237
36,2017-10-20 11:50:00,2017-10-20 13:50:00,125.0,25,100.0,41.13,26.61,6,Cyclone_Inlet_Gas_Temp; Cyclone_Material_Temp; Cyclone_Outlet_Gas_draft; Cyclone_cone_draft; Cyclone_Gas_Outlet_Temp; Cyclone_Inlet_Draft,Cyclone_Inlet_Draft; Cyclone_cone_draft,0,99.1,process_correlated,False,False,"6 coupled sensors deviate together: Cyclone_Inlet_Gas_Temp, Cyclone_Material_Temp, Cyclone_Outlet_Gas_draft, Cyclone_cone_draft, Cyclone_Gas_Outlet_Temp, Cyclone_Inlet_Draft",0.6472,1.0,0.8176
37,2019-05-14 04:40:00,2019-05-14 10:25:00,350.0,70,100.0,50.0,23.64,6,Cyclone_Inlet_Gas_Temp; Cyclone_Material_Temp; Cyclone_Outlet_Gas_draft; Cyclone_cone_draft; Cyclone_Gas_Outlet_Temp; Cyclone_Inlet_Draft,Cyclone_Inlet_Gas_Temp; Cyclone_Gas_Outlet_Temp,0,99.0,process_correlated,False,False,"6 coupled sensors deviate together: Cyclone_Inlet_Gas_Temp, Cyclone_Material_Temp, Cyclone_Outlet_Gas_draft, Cyclone_cone_draft, Cyclone_Gas_Outlet_Temp, Cyclone_Inlet_Draft",0.5749,1.0,0.8142
38,2018-06-06 00:00:00,2018-06-07 01:20:00,1525.0,305,100.0,50.0,31.93,2,Cyclone_Inlet_Gas_Temp; Cyclone_Gas_Outlet_Temp,Cyclone_Inlet_Gas_Temp; Cyclone_Gas_Outlet_Temp,1,100.0,process_correlated,True,False,"2 coupled sensors deviate together: Cyclone_Inlet_Gas_Temp, Cyclone_Gas_Outlet_Temp | note: starting at onset, 3 instantaneous temperature step(s) >=300C across 3 channel(s) appear in single 5-min samples, none of them crossing into the cold boundary (<100C) (e.g. Cyclone_Inlet_Gas_Temp 904 -> 182 C, 722C) - jumps far beyond thermal-mass limits, but NOT a recorded hot<->cold operating-state transition -> the startup/shutdown evidence chain does not apply, so the period stays rankable; scores near the step(s) carry some stale-baseline inflation | inside COLD/SHUTDOWN regime",0.7765,0.3333,0.814
39,2018-03-10 08:00:00,2018-03-10 14:45:00,410.0,82,92.7,50.0,39.06,1,Cyclone_Material_Temp,Cyclone_Material_Temp; Cyclone_Inlet_Gas_Temp,1,97.8,single_sensor_deviation,True,False,Cyclone_Material_Temp alone outside regime envelope; other sensors consistent with current regime | inside COLD/SHUTDOWN regime,0.9499,0.1667,0.8135
40,2020-01-05 00:00:00,2020-01-06 01:20:00,1525.0,305,100.0,50.0,22.52,5,Cyclone_Inlet_Gas_Temp; Cyclone_Outlet_Gas_draft; Cyclone_cone_draft; Cyclone_Gas_Outlet_Temp; Cyclone_Inlet_Draft,Cyclone_Inlet_Gas_Temp; Cyclone_Gas_Outlet_Temp,1,99.9,process_correlated,True,False,"5 coupled sensors deviate together: Cyclone_Inlet_Gas_Temp, Cyclone_Outlet_Gas_draft, Cyclone_cone_draft, Cyclone_Gas_Outlet_Temp, Cyclone_Inlet_Draft | note: starting at onset, 2 instantaneous temperature step(s) >=300C across 2 channel(s) appear in single 5-min samples, none of them crossing into the cold boundary (<100C) (e.g. Cyclone_Inlet_Gas_Temp 32 -> 342 C, 310C) - jumps far beyond thermal-mass limits, but NOT a recorded hot<->cold operating-state transition -> the startup/shutdown evidence chain does not apply, so the period stays rankable; scores near the step(s) carry some stale-baseline inflation | inside COLD/SHUTDOWN regime",0.5477,0.8333,0.8106
41,2018-01-02 13:20:00,2018-01-03 01:20:00,725.0,145,98.6,50.0,24.54,5,Cyclone_Inlet_Gas_Temp; Cyclone_Material_Temp; Cyclone_cone_draft; Cyclone_Gas_Outlet_Temp; Cyclone_Inlet_Draft,Cyclone_Inlet_Gas_Temp; Cyclone_Material_Temp,0,99.9,process_correlated,False,False,"5 coupled sensors deviate together: Cyclone_Inlet_Gas_Temp, Cyclone_Material_Temp, Cyclone_cone_draft, Cyclone_Gas_Outlet_Temp, Cyclone_Inlet_Draft",0.5968,0.8333,0.8098
42,2019-09-03 05:30:00,2019-09-04 01:20:00,1195.0,239,100.0,50.0,29.14,3,Cyclone_Inlet_Gas_Temp; Cyclone_Material_Temp; Cyclone_Gas_Outlet_Temp,Cyclone_Inlet_Gas_Temp; Cyclone_Gas_Outlet_Temp,0,99.9,process_correlated,False,False,"3 coupled sensors deviate together: Cyclone_Inlet_Gas_Temp, Cyclone_Material_Temp, Cyclone_Gas_Outlet_Temp",0.7087,0.5,0.8092
43,2019-08-13 12:15:00,2019-08-14 12:05:00,1435.0,287,100.0,50.0,31.61,2,Cyclone_Inlet_Gas_Temp; Cyclone_Gas_Outlet_Temp,Cyclone_Inlet_Gas_Temp; Cyclone_Gas_Outlet_Temp,1,98.8,process_correlated,True,False,"2 coupled sensors deviate together: Cyclone_Inlet_Gas_Temp, Cyclone_Gas_Outlet_Temp | inside COLD/SHUTDOWN regime",0.7688,0.3333,0.8081
44,2019-10-24 09:05:00,2019-10-26 10:20:00,2960.0,592,100.0,50.0,26.66,3,Cyclone_Inlet_Gas_Temp; Cyclone_Material_Temp; Cyclone_Gas_Outlet_Temp,Cyclone_Inlet_Gas_Temp; Cyclone_Gas_Outlet_Temp,1,98.6,process_correlated,True,False,"3 coupled sensors deviate together: Cyclone_Inlet_Gas_Temp, Cyclone_Material_Temp, Cyclone_Gas_Outlet_Temp | inside COLD/SHUTDOWN regime",0.6484,0.5,0.8081
45,2017-01-23 01:35:00,2017-01-23 07:10:00,340.0,68,98.5,50.0,23.22,6,Cyclone_Inlet_Gas_Temp; Cyclone_Material_Temp; Cyclone_Outlet_Gas_draft; Cyclone_cone_draft; Cyclone_Gas_Outlet_Temp; Cyclone_Inlet_Draft,Cyclone_Inlet_Gas_Temp; Cyclone_Material_Temp,0,99.0,process_correlated,False,False,"6 coupled sensors deviate together: Cyclone_Inlet_Gas_Temp, Cyclone_Material_Temp, Cyclone_Outlet_Gas_draft, Cyclone_cone_draft, Cyclone_Gas_Outlet_Temp, Cyclone_Inlet_Draft",0.5647,1.0,0.8065
46,2018-10-16 10:50:00,2018-10-18 13:20:00,3035.0,607,97.4,50.0,26.61,3,Cyclone_Inlet_Gas_Temp; Cyclone_Material_Temp; Cyclone_Gas_Outlet_Temp,Cyclone_Inlet_Gas_Temp; Cyclone_Gas_Outlet_Temp,1,98.9,process_correlated,True,False,"3 coupled sensors deviate together: Cyclone_Inlet_Gas_Temp, Cyclone_Material_Temp, Cyclone_Gas_Outlet_Temp | inside COLD/SHUTDOWN regime",0.6472,0.5,0.8054
47,2019-12-01 03:45:00,2019-12-01 05:25:00,105.0,21,100.0,34.48,25.52,6,Cyclone_Inlet_Gas_Temp; Cyclone_Material_Temp; Cyclone_Outlet_Gas_draft; Cyclone_cone_draft; Cyclone_Gas_Outlet_Temp; Cyclone_Inlet_Draft,Cyclone_Outlet_Gas_draft; Cyclone_cone_draft,0,99.6,process_correlated,False,False,"6 coupled sensors deviate together: Cyclone_Inlet_Gas_Temp, Cyclone_Material_Temp, Cyclone_Outlet_Gas_draft, Cyclone_cone_draft, Cyclone_Gas_Outlet_Temp, Cyclone_Inlet_Draft",0.6206,1.0,0.7986
48,2017-12-06 12:30:00,2017-12-06 14:05:00,100.0,20,95.0,50.0,25.91,6,Cyclone_Inlet_Gas_Temp; Cyclone_Material_Temp; Cyclone_Outlet_Gas_draft; Cyclone_cone_draft; Cyclone_Gas_Outlet_Temp; Cyclone_Inlet_Draft,Cyclone_Outlet_Gas_draft; Cyclone_Inlet_Draft,0,99.7,process_correlated,False,False,"6 coupled sensors deviate together: Cyclone_Inlet_Gas_Temp, Cyclone_Material_Temp, Cyclone_Outlet_Gas_draft, Cyclone_cone_draft, Cyclone_Gas_Outlet_Temp, Cyclone_Inlet_Draft",0.6301,1.0,0.7963
49,2019-06-20 22:40:00,2019-06-22 03:20:00,1725.0,345,100.0,50.0,26.81,3,Cyclone_Inlet_Gas_Temp; Cyclone_Material_Temp; Cyclone_Gas_Outlet_Temp,Cyclone_Inlet_Gas_Temp; Cyclone_Gas_Outlet_Temp,1,98.8,process_correlated,True,False,"3 coupled sensors deviate together: Cyclone_Inlet_Gas_Temp, Cyclone_Material_Temp, Cyclone_Gas_Outlet_Temp | inside COLD/SHUTDOWN regime",0.652,0.5,0.7925
50,2017-10-14 03:25:00,2017-10-14 04:35:00,75.0,15,100.0,50.0,50.0,1,Cyclone_Material_Temp,Cyclone_Material_Temp; Cyclone_Inlet_Gas_Temp,1,97.8,instrument_fault,True,False,Cyclone_Material_Temp frozen at 900.0 for 100% of interval (75 min) -> stuck value | inside COLD/SHUTDOWN regime,1.0,0.1667,0.7924
51,2017-10-27 09:40:00,2017-10-27 19:40:00,605.0,121,99.2,50.0,20.48,6,Cyclone_Inlet_Gas_Temp; Cyclone_Material_Temp; Cyclone_Outlet_Gas_draft; Cyclone_cone_draft; Cyclone_Gas_Outlet_Temp; Cyclone_Inlet_Draft,Cyclone_Material_Temp; Cyclone_Inlet_Gas_Temp,0,99.6,process_correlated,False,False,"6 coupled sensors deviate together: Cyclone_Inlet_Gas_Temp, Cyclone_Material_Temp, Cyclone_Outlet_Gas_draft, Cyclone_cone_draft, Cyclone_Gas_Outlet_Temp, Cyclone_Inlet_Draft | note: starting at +80 min after onset, 2 instantaneous temperature step(s) >=300C across 1 channel(s) appear in single 5-min samples, none of them crossing into the cold boundary (<100C) (e.g. Cyclone_Material_Temp 432 -> 900 C, 468C) - jumps far beyond thermal-mass limits, but NOT a recorded hot<->cold operating-state transition -> the startup/shutdown evidence chain does not apply, so the period stays rankable; scores near the step(s) carry some stale-baseline inflation",0.4981,1.0,0.7923
52,2017-10-31 21:15:00,2017-10-31 23:35:00,145.0,29,100.0,49.01,24.05,6,Cyclone_Inlet_Gas_Temp; Cyclone_Material_Temp; Cyclone_Outlet_Gas_draft; Cyclone_cone_draft; Cyclone_Gas_Outlet_Temp; Cyclone_Inlet_Draft,Cyclone_Outlet_Gas_draft; Cyclone_Inlet_Draft,0,99.9,process_correlated,False,False,"6 coupled sensors deviate together: Cyclone_Inlet_Gas_Temp, Cyclone_Material_Temp, Cyclone_Outlet_Gas_draft, Cyclone_cone_draft, Cyclone_Gas_Outlet_Temp, Cyclone_Inlet_Draft | note: starting at +80 min after onset, 2 instantaneous temperature step(s) >=300C across 1 channel(s) appear in single 5-min samples, none of them crossing into the cold boundary (<100C) (e.g. Cyclone_Material_Temp 472 -> 837 C, 366C) - jumps far beyond thermal-mass limits, but NOT a recorded hot<->cold operating-state transition -> the startup/shutdown evidence chain does not apply, so the period stays rankable; scores near the step(s) carry some stale-baseline inflation",0.5849,1.0,0.791
53,2017-09-09 04:45:00,2017-09-09 13:55:00,555.0,111,100.0,50.0,20.29,6,Cyclone_Inlet_Gas_Temp; Cyclone_Material_Temp; Cyclone_Outlet_Gas_draft; Cyclone_cone_draft; Cyclone_Gas_Outlet_Temp; Cyclone_Inlet_Draft,Cyclone_Inlet_Gas_Temp; Cyclone_Material_Temp,0,99.9,process_correlated,False,False,"6 coupled sensors deviate together: Cyclone_Inlet_Gas_Temp, Cyclone_Material_Temp, Cyclone_Outlet_Gas_draft, Cyclone_cone_draft, Cyclone_Gas_Outlet_Temp, Cyclone_Inlet_Draft",0.4935,1.0,0.788
54,2018-06-20 00:00:00,2018-06-21 18:30:00,2555.0,511,100.0,50.0,28.17,2,Cyclone_Inlet_Gas_Temp; Cyclone_Gas_Outlet_Temp,Cyclone_Inlet_Gas_Temp; Cyclone_Gas_Outlet_Temp,0,99.4,process_correlated,False,False,"2 coupled sensors deviate together: Cyclone_Inlet_Gas_Temp, Cyclone_Gas_Outlet_Temp",0.6851,0.3333,0.7845
55,2018-03-04 17:10:00,2018-03-05 01:20:00,495.0,99,100.0,50.0,29.35,3,Cyclone_Inlet_Gas_Temp; Cyclone_Material_Temp; Cyclone_Gas_Outlet_Temp,Cyclone_Inlet_Gas_Temp; Cyclone_Gas_Outlet_Temp,1,99.8,process_correlated,True,False,"3 coupled sensors deviate together: Cyclone_Inlet_Gas_Temp, Cyclone_Material_Temp, Cyclone_Gas_Outlet_Temp | inside COLD/SHUTDOWN regime",0.7138,0.5,0.7834
56,2017-09-09 03:30:00,2017-09-09 04:20:00,55.0,11,100.0,50.0,44.04,1,Cyclone_Material_Temp,Cyclone_Material_Temp; Cyclone_Inlet_Gas_Temp,0,97.9,instrument_fault,False,False,Cyclone_Material_Temp=0.0 in 100% of interval while gas path at 857C -> transmitter/loop failure,1.0,0.1667,0.7826
57,2018-01-06 00:00:00,2018-01-06 02:30:00,155.0,31,100.0,50.0,23.19,6,Cyclone_Inlet_Gas_Temp; Cyclone_Material_Temp; Cyclone_Outlet_Gas_draft; Cyclone_cone_draft; Cyclone_Gas_Outlet_Temp; Cyclone_Inlet_Draft,Cyclone_Inlet_Gas_Temp; Cyclone_Material_Temp,1,99.9,process_correlated,True,False,"6 coupled sensors deviate together: Cyclone_Inlet_Gas_Temp, Cyclone_Material_Temp, Cyclone_Outlet_Gas_draft, Cyclone_cone_draft, Cyclone_Gas_Outlet_Temp, Cyclone_Inlet_Draft | note: starting at onset, 3 instantaneous temperature step(s) >=300C across 3 channel(s) appear in single 5-min samples, none of them crossing into the cold boundary (<100C) (e.g. Cyclone_Inlet_Gas_Temp 921 -> 546 C, 374C) - jumps far beyond thermal-mass limits, but NOT a recorded hot<->cold operating-state transition -> the startup/shutdown evidence chain does not apply, so the period stays rankable; scores near the step(s) carry some stale-baseline inflation | inside COLD/SHUTDOWN regime",0.564,1.0,0.7826
58,2018-04-07 19:55:00,2018-04-08 01:20:00,330.0,66,100.0,50.0,24.11,5,Cyclone_Inlet_Gas_Temp; Cyclone_Material_Temp; Cyclone_Outlet_Gas_draft; Cyclone_cone_draft; Cyclone_Inlet_Draft,Cyclone_Inlet_Gas_Temp; Cyclone_Material_Temp,0,99.8,process_correlated,False,False,"5 coupled sensors deviate together: Cyclone_Inlet_Gas_Temp, Cyclone_Material_Temp, Cyclone_Outlet_Gas_draft, Cyclone_cone_draft, Cyclone_Inlet_Draft",0.5864,0.8333,0.7808
59,2017-09-19 00:35:00,2017-09-20 02:35:00,1565.0,313,99.0,50.0,29.23,2,Cyclone_Inlet_Gas_Temp; Cyclone_Gas_Outlet_Temp,Cyclone_Inlet_Gas_Temp; Cyclone_Gas_Outlet_Temp,0,99.5,process_correlated,False,False,"2 coupled sensors deviate together: Cyclone_Inlet_Gas_Temp, Cyclone_Gas_Outlet_Temp",0.7109,0.3333,0.7806
60,2018-02-10 13:45:00,2018-02-10 15:45:00,125.0,25,84.0,50.0,39.92,1,Cyclone_Material_Temp,Cyclone_Material_Temp; Cyclone_Inlet_Gas_Temp,1,97.8,single_sensor_deviation,True,False,"Cyclone_Material_Temp alone outside regime envelope; other sensors consistent with current regime | note: starting at +40 min after onset, 6 instantaneous temperature step(s) >=300C across 1 channel(s) appear in single 5-min samples, none of them crossing into the cold boundary (<100C) (e.g. Cyclone_Material_Temp 900 -> 137 C, 763C) - jumps far beyond thermal-mass limits, but NOT a recorded hot<->cold operating-state transition -> the startup/shutdown evidence chain does not apply, so the period stays rankable; scores near the step(s) carry some stale-baseline inflation | inside COLD/SHUTDOWN regime",0.9709,0.1667,0.7762
61,2018-09-12 12:50:00,2018-09-13 00:10:00,685.0,137,100.0,50.0,18.69,6,Cyclone_Inlet_Gas_Temp; Cyclone_Material_Temp; Cyclone_Outlet_Gas_draft; Cyclone_cone_draft; Cyclone_Gas_Outlet_Temp; Cyclone_Inlet_Draft,Cyclone_Inlet_Gas_Temp; Cyclone_Material_Temp,0,99.4,process_correlated,False,False,"6 coupled sensors deviate together: Cyclone_Inlet_Gas_Temp, Cyclone_Material_Temp, Cyclone_Outlet_Gas_draft, Cyclone_cone_draft, Cyclone_Gas_Outlet_Temp, Cyclone_Inlet_Draft",0.4545,1.0,0.7752
62,2019-03-01 05:25:00,2019-03-01 11:05:00,345.0,69,100.0,50.0,20.46,6,Cyclone_Inlet_Gas_Temp; Cyclone_Material_Temp; Cyclone_Outlet_Gas_draft; Cyclone_cone_draft; Cyclone_Gas_Outlet_Temp; Cyclone_Inlet_Draft,Cyclone_Inlet_Gas_Temp; Cyclone_Inlet_Draft,0,99.8,process_correlated,False,False,"6 coupled sensors deviate together: Cyclone_Inlet_Gas_Temp, Cyclone_Material_Temp, Cyclone_Outlet_Gas_draft, Cyclone_cone_draft, Cyclone_Gas_Outlet_Temp, Cyclone_Inlet_Draft",0.4976,1.0,0.7748
63,2017-03-21 03:00:00,2017-03-25 04:25:00,5850.0,1170,99.9,50.0,25.19,2,Cyclone_Inlet_Gas_Temp; Cyclone_Gas_Outlet_Temp,Cyclone_Inlet_Gas_Temp; Cyclone_Gas_Outlet_Temp,0,99.6,process_correlated,False,False,"2 coupled sensors deviate together: Cyclone_Inlet_Gas_Temp, Cyclone_Gas_Outlet_Temp",0.6126,0.3333,0.7746
64,2018-02-02 00:00:00,2018-02-02 09:50:00,595.0,119,100.0,50.0,27.85,3,Cyclone_Inlet_Gas_Temp; Cyclone_Material_Temp; Cyclone_Gas_Outlet_Temp,Cyclone_Inlet_Gas_Temp; Cyclone_Gas_Outlet_Temp,1,99.9,process_correlated,True,False,"3 coupled sensors deviate together: Cyclone_Inlet_Gas_Temp, Cyclone_Material_Temp, Cyclone_Gas_Outlet_Temp | note: starting at onset, 5 instantaneous temperature step(s) >=300C across 3 channel(s) appear in single 5-min samples, none of them crossing into the cold boundary (<100C) (e.g. Cyclone_Inlet_Gas_Temp 855 -> 227 C, 628C) - jumps far beyond thermal-mass limits, but NOT a recorded hot<->cold operating-state transition -> the startup/shutdown evidence chain does not apply, so the period stays rankable; scores near the step(s) carry some stale-baseline inflation | inside COLD/SHUTDOWN regime",0.6773,0.5,0.771
65,2017-01-11 19:30:00,2017-01-11 20:45:00,80.0,16,100.0,48.91,29.36,4,Cyclone_Outlet_Gas_draft; Cyclone_cone_draft; Cyclone_Gas_Outlet_Temp; Cyclone_Inlet_Draft,Cyclone_Outlet_Gas_draft; Cyclone_cone_draft,0,99.9,process_correlated,False,False,"4 coupled sensors deviate together: Cyclone_Outlet_Gas_draft, Cyclone_cone_draft, Cyclone_Gas_Outlet_Temp, Cyclone_Inlet_Draft",0.714,0.6667,0.7624
66,2018-02-26 11:00:00,2018-02-26 20:00:00,545.0,109,99.1,50.0,18.0,6,Cyclone_Inlet_Gas_Temp; Cyclone_Material_Temp; Cyclone_Outlet_Gas_draft; Cyclone_cone_draft; Cyclone_Gas_Outlet_Temp; Cyclone_Inlet_Draft,Cyclone_Material_Temp; Cyclone_Inlet_Gas_Temp,0,99.0,process_correlated,False,False,"6 coupled sensors deviate together: Cyclone_Inlet_Gas_Temp, Cyclone_Material_Temp, Cyclone_Outlet_Gas_draft, Cyclone_cone_draft, Cyclone_Gas_Outlet_Temp, Cyclone_Inlet_Draft",0.4378,1.0,0.7584
67,2019-12-23 20:40:00,2019-12-25 01:45:00,1750.0,350,98.6,50.0,23.85,3,Cyclone_Inlet_Gas_Temp; Cyclone_Material_Temp; Cyclone_Gas_Outlet_Temp,Cyclone_Inlet_Gas_Temp; Cyclone_Gas_Outlet_Temp,1,98.9,process_correlated,True,False,"3 coupled sensors deviate together: Cyclone_Inlet_Gas_Temp, Cyclone_Material_Temp, Cyclone_Gas_Outlet_Temp | inside COLD/SHUTDOWN regime",0.58,0.5,0.7552
68,2018-02-26 07:15:00,2018-02-26 09:45:00,155.0,31,100.0,50.0,23.96,5,Cyclone_Inlet_Gas_Temp; Cyclone_Material_Temp; Cyclone_Outlet_Gas_draft; Cyclone_cone_draft; Cyclone_Inlet_Draft,Cyclone_Outlet_Gas_draft; Cyclone_Inlet_Draft,0,99.9,process_correlated,False,False,"5 coupled sensors deviate together: Cyclone_Inlet_Gas_Temp, Cyclone_Material_Temp, Cyclone_Outlet_Gas_draft, Cyclone_cone_draft, Cyclone_Inlet_Draft",0.5827,0.8333,0.7547
69,2019-11-29 11:40:00,2019-12-01 01:20:00,2265.0,453,100.0,50.0,26.03,2,Cyclone_Inlet_Gas_Temp; Cyclone_Gas_Outlet_Temp,Cyclone_Inlet_Gas_Temp; Cyclone_Gas_Outlet_Temp,0,100.0,process_correlated,False,False,"2 coupled sensors deviate together: Cyclone_Inlet_Gas_Temp, Cyclone_Gas_Outlet_Temp",0.633,0.3333,0.7545
70,2017-10-13 20:00:00,2017-10-13 21:55:00,120.0,24,79.2,50.0,38.55,1,Cyclone_Material_Temp,Cyclone_Material_Temp; Cyclone_Outlet_Gas_draft,1,97.8,single_sensor_deviation,True,False,Cyclone_Material_Temp alone outside regime envelope; other sensors consistent with current regime | inside COLD/SHUTDOWN regime,0.9375,0.1667,0.7527
71,2017-10-19 21:25:00,2017-10-20 02:05:00,285.0,57,100.0,50.0,34.11,1,Cyclone_Material_Temp,Cyclone_Material_Temp; Cyclone_Gas_Outlet_Temp,0,99.4,single_sensor_deviation,False,False,"Cyclone_Material_Temp alone outside regime envelope; other sensors consistent with current regime | note: starting at onset, 1 instantaneous temperature step(s) >=300C across 1 channel(s) appear in single 5-min samples, none of them crossing into the cold boundary (<100C) (e.g. Cyclone_Material_Temp 888 -> 125 C, 762C) - jumps far beyond thermal-mass limits, but NOT a recorded hot<->cold operating-state transition -> the startup/shutdown evidence chain does not apply, so the period stays rankable; scores near the step(s) carry some stale-baseline inflation",0.8296,0.1667,0.7494
72,2020-04-30 11:25:00,2020-05-01 01:20:00,840.0,168,96.4,50.0,25.4,3,Cyclone_Inlet_Gas_Temp; Cyclone_Material_Temp; Cyclone_Gas_Outlet_Temp,Cyclone_Inlet_Gas_Temp; Cyclone_Gas_Outlet_Temp,1,99.9,process_correlated,True,False,"3 coupled sensors deviate together: Cyclone_Inlet_Gas_Temp, Cyclone_Material_Temp, Cyclone_Gas_Outlet_Temp | inside COLD/SHUTDOWN regime",0.6177,0.5,0.748
73,2018-02-19 20:40:00,2018-02-20 00:50:00,255.0,51,94.1,50.0,28.51,3,Cyclone_Inlet_Gas_Temp; Cyclone_Gas_Outlet_Temp; Cyclone_Inlet_Draft,Cyclone_Inlet_Gas_Temp; Cyclone_Gas_Outlet_Temp,0,99.5,process_correlated,False,False,"3 coupled sensors deviate together: Cyclone_Inlet_Gas_Temp, Cyclone_Gas_Outlet_Temp, Cyclone_Inlet_Draft",0.6934,0.5,0.7452
74,2018-02-15 19:15:00,2018-02-17 12:20:00,2470.0,494,98.6,50.0,25.1,2,Cyclone_Inlet_Gas_Temp; Cyclone_Gas_Outlet_Temp,Cyclone_Inlet_Gas_Temp; Cyclone_Gas_Outlet_Temp,0,99.4,process_correlated,False,False,"2 coupled sensors deviate together: Cyclone_Inlet_Gas_Temp, Cyclone_Gas_Outlet_Temp",0.6104,0.3333,0.7443
75,2019-07-16 08:00:00,2019-07-16 09:20:00,85.0,17,100.0,50.0,24.28,5,Cyclone_Inlet_Gas_Temp; Cyclone_Outlet_Gas_draft; Cyclone_cone_draft; Cyclone_Gas_Outlet_Temp; Cyclone_Inlet_Draft,Cyclone_cone_draft; Cyclone_Outlet_Gas_draft,0,99.6,process_correlated,False,False,"5 coupled sensors deviate together: Cyclone_Inlet_Gas_Temp, Cyclone_Outlet_Gas_draft, Cyclone_cone_draft, Cyclone_Gas_Outlet_Temp, Cyclone_Inlet_Draft",0.5905,0.8333,0.7394
76,2018-12-22 10:15:00,2018-12-22 11:40:00,90.0,18,100.0,40.54,24.1,5,Cyclone_Inlet_Gas_Temp; Cyclone_Outlet_Gas_draft; Cyclone_cone_draft; Cyclone_Gas_Outlet_Temp; Cyclone_Inlet_Draft,Cyclone_Outlet_Gas_draft; Cyclone_Inlet_Draft,0,99.7,process_correlated,False,False,"5 coupled sensors deviate together: Cyclone_Inlet_Gas_Temp, Cyclone_Outlet_Gas_draft, Cyclone_cone_draft, Cyclone_Gas_Outlet_Temp, Cyclone_Inlet_Draft",0.5861,0.8333,0.739
77,2018-10-06 03:35:00,2018-10-06 05:00:00,90.0,18,100.0,50.0,29.83,3,Cyclone_Outlet_Gas_draft; Cyclone_cone_draft; Cyclone_Inlet_Draft,Cyclone_Outlet_Gas_draft; Cyclone_Inlet_Draft,0,99.5,process_correlated,False,False,"3 coupled sensors deviate together: Cyclone_Outlet_Gas_draft, Cyclone_cone_draft, Cyclone_Inlet_Draft",0.7255,0.5,0.7346
78,2017-01-25 16:20:00,2017-01-25 17:40:00,85.0,17,100.0,38.33,26.81,4,Cyclone_Inlet_Gas_Temp; Cyclone_Outlet_Gas_draft; Cyclone_cone_draft; Cyclone_Inlet_Draft,Cyclone_Outlet_Gas_draft; Cyclone_Inlet_Draft,0,99.9,process_correlated,False,False,"4 coupled sensors deviate together: Cyclone_Inlet_Gas_Temp, Cyclone_Outlet_Gas_draft, Cyclone_cone_draft, Cyclone_Inlet_Draft",0.652,0.6667,0.7331
79,2018-05-12 22:40:00,2018-05-12 23:55:00,80.0,16,100.0,29.34,20.74,6,Cyclone_Inlet_Gas_Temp; Cyclone_Material_Temp; Cyclone_Outlet_Gas_draft; Cyclone_cone_draft; Cyclone_Gas_Outlet_Temp; Cyclone_Inlet_Draft,Cyclone_Inlet_Draft; Cyclone_Outlet_Gas_draft,0,99.5,process_correlated,False,False,"6 coupled sensors deviate together: Cyclone_Inlet_Gas_Temp, Cyclone_Material_Temp, Cyclone_Outlet_Gas_draft, Cyclone_cone_draft, Cyclone_Gas_Outlet_Temp, Cyclone_Inlet_Draft",0.5044,1.0,0.7314
80,2017-12-09 21:20:00,2017-12-09 23:55:00,160.0,32,100.0,34.0,18.77,6,Cyclone_Inlet_Gas_Temp; Cyclone_Material_Temp; Cyclone_Outlet_Gas_draft; Cyclone_cone_draft; Cyclone_Gas_Outlet_Temp; Cyclone_Inlet_Draft,Cyclone_Material_Temp; Cyclone_Outlet_Gas_draft,0,99.8,process_correlated,False,False,"6 coupled sensors deviate together: Cyclone_Inlet_Gas_Temp, Cyclone_Material_Temp, Cyclone_Outlet_Gas_draft, Cyclone_cone_draft, Cyclone_Gas_Outlet_Temp, Cyclone_Inlet_Draft",0.4565,1.0,0.7295
81,2018-06-27 14:05:00,2018-06-27 16:30:00,150.0,30,100.0,37.67,21.94,5,Cyclone_Inlet_Gas_Temp; Cyclone_Material_Temp; Cyclone_Outlet_Gas_draft; Cyclone_cone_draft; Cyclone_Inlet_Draft,Cyclone_Inlet_Draft; Cyclone_Outlet_Gas_draft,0,99.6,process_correlated,False,False,"5 coupled sensors deviate together: Cyclone_Inlet_Gas_Temp, Cyclone_Material_Temp, Cyclone_Outlet_Gas_draft, Cyclone_cone_draft, Cyclone_Inlet_Draft",0.5336,0.8333,0.7289
82,2018-02-04 00:00:00,2018-02-04 22:25:00,1350.0,270,99.6,50.0,25.11,2,Cyclone_Inlet_Gas_Temp; Cyclone_Gas_Outlet_Temp,Cyclone_Inlet_Gas_Temp; Cyclone_Gas_Outlet_Temp,1,100.0,process_correlated,True,False,"2 coupled sensors deviate together: Cyclone_Inlet_Gas_Temp, Cyclone_Gas_Outlet_Temp | note: starting at onset, 3 instantaneous temperature step(s) >=300C across 3 channel(s) appear in single 5-min samples, none of them crossing into the cold boundary (<100C) (e.g. Cyclone_Inlet_Gas_Temp 936 -> 446 C, 490C) - jumps far beyond thermal-mass limits, but NOT a recorded hot<->cold operating-state transition -> the startup/shutdown evidence chain does not apply, so the period stays rankable; scores near the step(s) carry some stale-baseline inflation | inside COLD/SHUTDOWN regime",0.6107,0.3333,0.7261
83,2019-09-14 07:10:00,2019-09-15 06:15:00,1390.0,278,100.0,50.0,24.8,2,Cyclone_Inlet_Gas_Temp; Cyclone_Gas_Outlet_Temp,Cyclone_Inlet_Gas_Temp; Cyclone_Gas_Outlet_Temp,0,99.5,process_correlated,False,False,"2 coupled sensors deviate together: Cyclone_Inlet_Gas_Temp, Cyclone_Gas_Outlet_Temp",0.6031,0.3333,0.7236
84,2018-04-04 00:00:00,2018-04-04 04:50:00,295.0,59,100.0,50.0,19.7,5,Cyclone_Inlet_Gas_Temp; Cyclone_Outlet_Gas_draft; Cyclone_cone_draft; Cyclone_Gas_Outlet_Temp; Cyclone_Inlet_Draft,Cyclone_cone_draft; Cyclone_Outlet_Gas_draft,0,99.9,process_correlated,False,False,"5 coupled sensors deviate together: Cyclone_Inlet_Gas_Temp, Cyclone_Outlet_Gas_draft, Cyclone_cone_draft, Cyclone_Gas_Outlet_Temp, Cyclone_Inlet_Draft | note: starting at onset, 2 instantaneous temperature step(s) >=300C across 2 channel(s) appear in single 5-min samples, none of them crossing into the cold boundary (<100C) (e.g. Cyclone_Inlet_Gas_Temp 857 -> 453 C, 404C) - jumps far beyond thermal-mass limits, but NOT a recorded hot<->cold operating-state transition -> the startup/shutdown evidence chain does not apply, so the period stays rankable; scores near the step(s) carry some stale-baseline inflation",0.4791,0.8333,0.7232
85,2019-11-02 16:10:00,2019-11-02 18:40:00,155.0,31,96.8,44.58,21.6,5,Cyclone_Inlet_Gas_Temp; Cyclone_Outlet_Gas_draft; Cyclone_cone_draft; Cyclone_Gas_Outlet_Temp; Cyclone_Inlet_Draft,Cyclone_cone_draft; Cyclone_Inlet_Draft,0,99.8,process_correlated,False,False,"5 coupled sensors deviate together: Cyclone_Inlet_Gas_Temp, Cyclone_Outlet_Gas_draft, Cyclone_cone_draft, Cyclone_Gas_Outlet_Temp, Cyclone_Inlet_Draft",0.5253,0.8333,0.7222
86,2018-09-25 15:30:00,2018-09-26 12:45:00,1280.0,256,99.2,50.0,24.96,2,Cyclone_Inlet_Gas_Temp; Cyclone_Gas_Outlet_Temp,Cyclone_Inlet_Gas_Temp; Cyclone_Gas_Outlet_Temp,0,98.2,process_correlated,False,False,"2 coupled sensors deviate together: Cyclone_Inlet_Gas_Temp, Cyclone_Gas_Outlet_Temp | note: starting at +100 min after onset, 2 instantaneous temperature step(s) >=300C across 1 channel(s) appear in single 5-min samples, none of them crossing into the cold boundary (<100C) (e.g. Cyclone_Material_Temp 433 -> 900 C, 467C) - jumps far beyond thermal-mass limits, but NOT a recorded hot<->cold operating-state transition -> the startup/shutdown evidence chain does not apply, so the period stays rankable; scores near the step(s) carry some stale-baseline inflation",0.607,0.3333,0.7221
87,2018-08-22 18:10:00,2018-08-22 19:30:00,85.0,17,100.0,44.74,28.95,3,Cyclone_Outlet_Gas_draft; Cyclone_cone_draft; Cyclone_Inlet_Draft,Cyclone_Outlet_Gas_draft; Cyclone_cone_draft,0,99.8,process_correlated,False,False,"3 coupled sensors deviate together: Cyclone_Outlet_Gas_draft, Cyclone_cone_draft, Cyclone_Inlet_Draft",0.7041,0.5,0.722
88,2019-05-13 04:15:00,2019-05-14 04:00:00,1430.0,286,100.0,50.0,24.57,2,Cyclone_Inlet_Gas_Temp; Cyclone_Gas_Outlet_Temp,Cyclone_Inlet_Gas_Temp; Cyclone_Gas_Outlet_Temp,1,99.0,process_correlated,True,False,"2 coupled sensors deviate together: Cyclone_Inlet_Gas_Temp, Cyclone_Gas_Outlet_Temp | inside COLD/SHUTDOWN regime",0.5975,0.3333,0.7217
89,2018-02-25 10:45:00,2018-02-25 16:15:00,335.0,67,100.0,50.0,31.2,1,Cyclone_Material_Temp,Cyclone_Material_Temp; Cyclone_Gas_Outlet_Temp,0,98.3,instrument_fault,False,False,Cyclone_Material_Temp=0.0 in 75% of interval while gas path at 874C -> transmitter/loop failure,0.7588,0.1667,0.7189
90,2018-01-16 15:15:00,2018-01-16 20:05:00,295.0,59,100.0,32.31,15.93,6,Cyclone_Inlet_Gas_Temp; Cyclone_Material_Temp; Cyclone_Outlet_Gas_draft; Cyclone_cone_draft; Cyclone_Gas_Outlet_Temp; Cyclone_Inlet_Draft,Cyclone_Outlet_Gas_draft; Cyclone_cone_draft,0,99.5,process_correlated,False,False,"6 coupled sensors deviate together: Cyclone_Inlet_Gas_Temp, Cyclone_Material_Temp, Cyclone_Outlet_Gas_draft, Cyclone_cone_draft, Cyclone_Gas_Outlet_Temp, Cyclone_Inlet_Draft",0.3874,1.0,0.7143
91,2019-03-06 02:10:00,2019-03-07 01:20:00,1395.0,279,100.0,50.0,23.55,2,Cyclone_Inlet_Gas_Temp; Cyclone_Gas_Outlet_Temp,Cyclone_Inlet_Gas_Temp; Cyclone_Gas_Outlet_Temp,0,100.0,process_correlated,False,False,"2 coupled sensors deviate together: Cyclone_Inlet_Gas_Temp, Cyclone_Gas_Outlet_Temp | note: an instantaneous hot<->cold jump occurs 1310 min AFTER onset (3 channels); it did not create the period, so the period stays rankable, but scores after it carry some stale-baseline inflation",0.5727,0.3333,0.7085
92,2017-10-13 23:40:00,2017-10-14 01:00:00,85.0,17,88.2,39.29,34.84,1,Cyclone_Material_Temp,Cyclone_Material_Temp; Cyclone_Outlet_Gas_draft,1,92.7,instrument_fault,True,False,Cyclone_Material_Temp frozen at 900.0 for 88% of interval (85 min) -> stuck value | inside COLD/SHUTDOWN regime,0.8473,0.1667,0.7063
93,2017-05-29 20:15:00,2017-05-30 22:25:00,1575.0,315,100.0,50.0,22.98,2,Cyclone_Inlet_Gas_Temp; Cyclone_Gas_Outlet_Temp,Cyclone_Inlet_Gas_Temp; Cyclone_Gas_Outlet_Temp,1,98.6,process_correlated,True,False,"2 coupled sensors deviate together: Cyclone_Inlet_Gas_Temp, Cyclone_Gas_Outlet_Temp | inside COLD/SHUTDOWN regime",0.5589,0.3333,0.7054
94,2018-05-06 10:45:00,2018-05-07 17:55:00,1875.0,375,98.7,50.0,22.62,2,Cyclone_Inlet_Gas_Temp; Cyclone_Gas_Outlet_Temp,Cyclone_Inlet_Gas_Temp; Cyclone_Gas_Outlet_Temp,0,99.2,process_correlated,False,False,"2 coupled sensors deviate together: Cyclone_Inlet_Gas_Temp, Cyclone_Gas_Outlet_Temp",0.5501,0.3333,0.7051
95,2017-07-12 04:15:00,2017-07-13 01:20:00,1270.0,254,100.0,50.0,20.35,3,Cyclone_Inlet_Gas_Temp; Cyclone_Material_Temp; Cyclone_Gas_Outlet_Temp,Cyclone_Inlet_Gas_Temp; Cyclone_Gas_Outlet_Temp,1,100.0,process_correlated,True,False,"3 coupled sensors deviate together: Cyclone_Inlet_Gas_Temp, Cyclone_Material_Temp, Cyclone_Gas_Outlet_Temp | inside COLD/SHUTDOWN regime",0.4949,0.5,0.7035
96,2019-12-23 17:10:00,2019-12-23 18:30:00,85.0,17,100.0,50.0,27.32,3,Cyclone_Inlet_Gas_Temp; Cyclone_Material_Temp; Cyclone_Gas_Outlet_Temp,Cyclone_Inlet_Gas_Temp; Cyclone_Gas_Outlet_Temp,1,97.0,process_correlated,True,False,"3 coupled sensors deviate together: Cyclone_Inlet_Gas_Temp, Cyclone_Material_Temp, Cyclone_Gas_Outlet_Temp | inside COLD/SHUTDOWN regime",0.6644,0.5,0.702
97,2017-12-09 00:00:00,2017-12-09 08:45:00,530.0,106,100.0,50.0,28.54,1,Cyclone_Material_Temp,Cyclone_Material_Temp; Cyclone_Outlet_Gas_draft,0,99.3,instrument_fault,False,False,Cyclone_Material_Temp frozen at 60.72 for 82% of interval (530 min) -> stuck value,0.6941,0.1667,0.7011
98,2018-08-29 01:05:00,2018-08-30 01:40:00,1480.0,296,100.0,50.0,19.7,3,Cyclone_Inlet_Gas_Temp; Cyclone_cone_draft; Cyclone_Gas_Outlet_Temp,Cyclone_Inlet_Gas_Temp; Cyclone_Gas_Outlet_Temp,0,99.1,process_correlated,False,False,"3 coupled sensors deviate together: Cyclone_Inlet_Gas_Temp, Cyclone_cone_draft, Cyclone_Gas_Outlet_Temp",0.4791,0.5,0.7005
99,2019-05-05 00:50:00,2019-05-05 23:55:00,1390.0,278,99.6,50.0,22.86,2,Cyclone_Inlet_Gas_Temp; Cyclone_Gas_Outlet_Temp,Cyclone_Inlet_Gas_Temp; Cyclone_Gas_Outlet_Temp,0,99.3,process_correlated,False,False,"2 coupled sensors deviate together: Cyclone_Inlet_Gas_Temp, Cyclone_Gas_Outlet_Temp",0.556,0.3333,0.6994
100,2018-06-24 21:20:00,2018-06-25 00:00:00,165.0,33,100.0,50.0,31.28,1,Cyclone_Material_Temp,Cyclone_Material_Temp; Cyclone_cone_draft,0,98.3,single_sensor_deviation,False,False,"Cyclone_Material_Temp alone outside regime envelope; other sensors consistent with current regime | note: starting at onset, 6 instantaneous temperature step(s) >=300C across 1 channel(s) appear in single 5-min samples, none of them crossing into the cold boundary (<100C) (e.g. Cyclone_Material_Temp 972 -> 100 C, 872C) - jumps far beyond thermal-mass limits, but NOT a recorded hot<->cold operating-state transition -> the startup/shutdown evidence chain does not apply, so the period stays rankable; scores near the step(s) carry some stale-baseline inflation",0.7607,0.1667,0.6971
101,2019-02-08 00:00:00,2019-02-08 14:50:00,895.0,179,100.0,50.0,23.78,2,Cyclone_Inlet_Gas_Temp; Cyclone_Gas_Outlet_Temp,Cyclone_Inlet_Gas_Temp; Cyclone_Gas_Outlet_Temp,1,100.0,process_correlated,True,False,"2 coupled sensors deviate together: Cyclone_Inlet_Gas_Temp, Cyclone_Gas_Outlet_Temp | note: starting at onset, 3 instantaneous temperature step(s) >=300C across 3 channel(s) appear in single 5-min samples, none of them crossing into the cold boundary (<100C) (e.g. Cyclone_Inlet_Gas_Temp 908 -> 472 C, 436C) - jumps far beyond thermal-mass limits, but NOT a recorded hot<->cold operating-state transition -> the startup/shutdown evidence chain does not apply, so the period stays rankable; scores near the step(s) carry some stale-baseline inflation | inside COLD/SHUTDOWN regime",0.5783,0.3333,0.697
102,2017-11-27 20:30:00,2017-11-28 20:10:00,1425.0,285,100.0,50.0,22.55,2,Cyclone_Inlet_Gas_Temp; Cyclone_Gas_Outlet_Temp,Cyclone_Inlet_Gas_Temp; Cyclone_Gas_Outlet_Temp,0,98.9,process_correlated,False,False,"2 coupled sensors deviate together: Cyclone_Inlet_Gas_Temp, Cyclone_Gas_Outlet_Temp",0.5484,0.3333,0.6969
103,2018-06-05 15:50:00,2018-06-05 18:00:00,135.0,27,100.0,50.0,31.71,1,Cyclone_Material_Temp,Cyclone_Material_Temp; Cyclone_Gas_Outlet_Temp,0,99.1,instrument_fault,False,False,"Cyclone_Material_Temp frozen at 40.57 for 89% of interval (135 min) -> stuck value | note: starting at onset, 1 instantaneous temperature step(s) >=300C across 1 channel(s) appear in single 5-min samples, none of them crossing into the cold boundary (<100C) (e.g. Cyclone_Material_Temp 946 -> 135 C, 811C) - jumps far beyond thermal-mass limits, but NOT a recorded hot<->cold operating-state transition -> the startup/shutdown evidence chain does not apply, so the period stays rankable; scores near the step(s) carry some stale-baseline inflation",0.7712,0.1667,0.696
104,2018-09-22 09:45:00,2018-09-22 10:50:00,70.0,14,100.0,50.0,24.26,4,Cyclone_Inlet_Gas_Temp; Cyclone_Outlet_Gas_draft; Cyclone_cone_draft; Cyclone_Inlet_Draft,Cyclone_Inlet_Draft; Cyclone_Outlet_Gas_draft,0,99.5,process_correlated,False,False,"4 coupled sensors deviate together: Cyclone_Inlet_Gas_Temp, Cyclone_Outlet_Gas_draft, Cyclone_cone_draft, Cyclone_Inlet_Draft",0.59,0.6667,0.6957
105,2017-02-08 02:00:00,2017-02-08 10:10:00,495.0,99,97.0,50.0,28.28,1,Cyclone_Material_Temp,Cyclone_Material_Temp; Cyclone_Inlet_Gas_Temp,0,99.1,single_sensor_deviation,False,False,Cyclone_Material_Temp alone outside regime envelope; other sensors consistent with current regime,0.6878,0.1667,0.6924
106,2018-06-28 06:45:00,2018-06-28 12:15:00,335.0,67,100.0,20.28,13.67,6,Cyclone_Inlet_Gas_Temp; Cyclone_Material_Temp; Cyclone_Outlet_Gas_draft; Cyclone_cone_draft; Cyclone_Gas_Outlet_Temp; Cyclone_Inlet_Draft,Cyclone_Inlet_Gas_Temp; Cyclone_Inlet_Draft,0,99.5,process_correlated,False,False,"6 coupled sensors deviate together: Cyclone_Inlet_Gas_Temp, Cyclone_Material_Temp, Cyclone_Outlet_Gas_draft, Cyclone_cone_draft, Cyclone_Gas_Outlet_Temp, Cyclone_Inlet_Draft | note: starting at +115 min after onset, 2 instantaneous temperature step(s) >=300C across 1 channel(s) appear in single 5-min samples, none of them crossing into the cold boundary (<100C) (e.g. Cyclone_Material_Temp 520 -> 861 C, 341C) - jumps far beyond thermal-mass limits, but NOT a recorded hot<->cold operating-state transition -> the startup/shutdown evidence chain does not apply, so the period stays rankable; scores near the step(s) carry some stale-baseline inflation",0.3325,1.0,0.6907
107,2017-01-19 08:55:00,2017-01-19 09:50:00,60.0,12,100.0,41.13,24.19,4,Cyclone_Material_Temp; Cyclone_Outlet_Gas_draft; Cyclone_cone_draft; Cyclone_Inlet_Draft,Cyclone_Inlet_Draft; Cyclone_Outlet_Gas_draft,0,99.5,process_correlated,False,False,"4 coupled sensors deviate together: Cyclone_Material_Temp, Cyclone_Outlet_Gas_draft, Cyclone_cone_draft, Cyclone_Inlet_Draft",0.5883,0.6667,0.6899
108,2019-01-07 00:00:00,2019-01-07 04:25:00,270.0,54,100.0,28.15,16.82,5,Cyclone_Inlet_Gas_Temp; Cyclone_Outlet_Gas_draft; Cyclone_cone_draft; Cyclone_Gas_Outlet_Temp; Cyclone_Inlet_Draft,Cyclone_Outlet_Gas_draft; Cyclone_cone_draft,0,99.9,process_correlated,False,False,"5 coupled sensors deviate together: Cyclone_Inlet_Gas_Temp, Cyclone_Outlet_Gas_draft, Cyclone_cone_draft, Cyclone_Gas_Outlet_Temp, Cyclone_Inlet_Draft | note: starting at onset, 1 instantaneous temperature step(s) >=300C across 1 channel(s) appear in single 5-min samples, none of them crossing into the cold boundary (<100C) (e.g. Cyclone_Material_Temp 958 -> 609 C, 348C) - jumps far beyond thermal-mass limits, but NOT a recorded hot<->cold operating-state transition -> the startup/shutdown evidence chain does not apply, so the period stays rankable; scores near the step(s) carry some stale-baseline inflation",0.4091,0.8333,0.6851
109,2019-05-15 14:10:00,2019-05-15 15:40:00,95.0,19,100.0,40.97,31.69,1,Cyclone_Material_Temp,Cyclone_Material_Temp; Cyclone_cone_draft,0,98.4,instrument_fault,False,False,"Cyclone_Material_Temp=0.0 in 89% of interval while gas path at 921C -> transmitter/loop failure | note: starting at +90 min after onset, 1 instantaneous temperature step(s) >=300C across 1 channel(s) appear in single 5-min samples, none of them crossing into the cold boundary (<100C) (e.g. Cyclone_Material_Temp 164 -> 558 C, 394C) - jumps far beyond thermal-mass limits, but NOT a recorded hot<->cold operating-state transition -> the startup/shutdown evidence chain does not apply, so the period stays rankable; scores near the step(s) carry some stale-baseline inflation",0.7707,0.1667,0.6845
110,2019-07-18 23:25:00,2019-07-19 00:45:00,85.0,17,100.0,46.46,25.81,3,Cyclone_Outlet_Gas_draft; Cyclone_cone_draft; Cyclone_Inlet_Draft,Cyclone_Outlet_Gas_draft; Cyclone_Inlet_Draft,0,99.5,process_correlated,False,False,"3 coupled sensors deviate together: Cyclone_Outlet_Gas_draft, Cyclone_cone_draft, Cyclone_Inlet_Draft",0.6277,0.5,0.6836
111,2017-07-20 09:05:00,2017-07-20 14:25:00,325.0,65,100.0,50.0,16.11,5,Cyclone_Inlet_Gas_Temp; Cyclone_Material_Temp; Cyclone_Outlet_Gas_draft; Cyclone_cone_draft; Cyclone_Inlet_Draft,Cyclone_Inlet_Draft; Cyclone_Outlet_Gas_draft,0,99.8,process_correlated,False,False,"5 coupled sensors deviate together: Cyclone_Inlet_Gas_Temp, Cyclone_Material_Temp, Cyclone_Outlet_Gas_draft, Cyclone_cone_draft, Cyclone_Inlet_Draft",0.3918,0.8333,0.6823
112,2017-06-04 00:00:00,2017-06-05 01:20:00,1525.0,305,100.0,50.0,20.94,2,Cyclone_Inlet_Gas_Temp; Cyclone_Gas_Outlet_Temp,Cyclone_Inlet_Gas_Temp; Cyclone_Gas_Outlet_Temp,1,100.0,process_correlated,True,False,"2 coupled sensors deviate together: Cyclone_Inlet_Gas_Temp, Cyclone_Gas_Outlet_Temp | note: starting at onset, 2 instantaneous temperature step(s) >=300C across 2 channel(s) appear in single 5-min samples, none of them crossing into the cold boundary (<100C) (e.g. Cyclone_Inlet_Gas_Temp 878 -> 187 C, 691C) - jumps far beyond thermal-mass limits, but NOT a recorded hot<->cold operating-state transition -> the startup/shutdown evidence chain does not apply, so the period stays rankable; scores near the step(s) carry some stale-baseline inflation | inside COLD/SHUTDOWN regime",0.5093,0.3333,0.6794
113,2017-11-09 06:50:00,2017-11-09 07:55:00,70.0,14,100.0,35.32,32.07,1,Cyclone_Material_Temp,Cyclone_Material_Temp; Cyclone_Gas_Outlet_Temp,0,99.4,instrument_fault,False,False,Cyclone_Material_Temp=0.0 in 79% of interval while gas path at 907C -> transmitter/loop failure,0.7799,0.1667,0.6794
114,2017-10-17 20:10:00,2017-10-19 08:10:00,2165.0,433,99.5,50.0,19.88,2,Cyclone_Inlet_Gas_Temp; Cyclone_Gas_Outlet_Temp,Cyclone_Inlet_Gas_Temp; Cyclone_Gas_Outlet_Temp,1,99.2,process_correlated,True,False,"2 coupled sensors deviate together: Cyclone_Inlet_Gas_Temp, Cyclone_Gas_Outlet_Temp | inside COLD/SHUTDOWN regime",0.4835,0.3333,0.6771
115,2020-06-27 22:05:00,2020-06-28 06:05:00,485.0,97,93.8,50.0,27.31,1,Cyclone_Material_Temp,Cyclone_Material_Temp; Cyclone_Inlet_Draft,0,98.4,single_sensor_deviation,False,False,Cyclone_Material_Temp alone outside regime envelope; other sensors consistent with current regime,0.6642,0.1667,0.6762
116,2018-05-21 23:35:00,2018-05-22 01:00:00,90.0,18,100.0,35.07,21.75,4,Cyclone_Outlet_Gas_draft; Cyclone_cone_draft; Cyclone_Gas_Outlet_Temp; Cyclone_Inlet_Draft,Cyclone_cone_draft; Cyclone_Outlet_Gas_draft,0,99.7,process_correlated,False,False,"4 coupled sensors deviate together: Cyclone_Outlet_Gas_draft, Cyclone_cone_draft, Cyclone_Gas_Outlet_Temp, Cyclone_Inlet_Draft",0.529,0.6667,0.673
117,2017-05-18 23:45:00,2017-05-20 01:35:00,1555.0,311,98.4,50.0,20.48,2,Cyclone_Inlet_Gas_Temp; Cyclone_Gas_Outlet_Temp,Cyclone_Inlet_Gas_Temp; Cyclone_Gas_Outlet_Temp,0,99.4,process_correlated,False,False,"2 coupled sensors deviate together: Cyclone_Inlet_Gas_Temp, Cyclone_Gas_Outlet_Temp",0.4981,0.3333,0.6726
118,2018-09-05 10:55:00,2018-09-05 13:50:00,180.0,36,97.2,31.09,14.02,6,Cyclone_Inlet_Gas_Temp; Cyclone_Material_Temp; Cyclone_Outlet_Gas_draft; Cyclone_cone_draft; Cyclone_Gas_Outlet_Temp; Cyclone_Inlet_Draft,Cyclone_Inlet_Gas_Temp; Cyclone_Material_Temp,0,99.6,process_correlated,False,False,"6 coupled sensors deviate together: Cyclone_Inlet_Gas_Temp, Cyclone_Material_Temp, Cyclone_Outlet_Gas_draft, Cyclone_cone_draft, Cyclone_Gas_Outlet_Temp, Cyclone_Inlet_Draft",0.341,1.0,0.6719
119,2018-10-26 10:45:00,2018-10-26 17:25:00,405.0,81,100.0,18.95,11.63,6,Cyclone_Inlet_Gas_Temp; Cyclone_Material_Temp; Cyclone_Outlet_Gas_draft; Cyclone_cone_draft; Cyclone_Gas_Outlet_Temp; Cyclone_Inlet_Draft,Cyclone_Inlet_Gas_Temp; Cyclone_Inlet_Draft,0,99.1,process_correlated,False,False,"6 coupled sensors deviate together: Cyclone_Inlet_Gas_Temp, Cyclone_Material_Temp, Cyclone_Outlet_Gas_draft, Cyclone_cone_draft, Cyclone_Gas_Outlet_Temp, Cyclone_Inlet_Draft | note: starting at +55 min after onset, 6 instantaneous temperature step(s) >=300C across 1 channel(s) appear in single 5-min samples, none of them crossing into the cold boundary (<100C) (e.g. Cyclone_Material_Temp 524 -> 860 C, 335C) - jumps far beyond thermal-mass limits, but NOT a recorded hot<->cold operating-state transition -> the startup/shutdown evidence chain does not apply, so the period stays rankable; scores near the step(s) carry some stale-baseline inflation",0.2828,1.0,0.6718
120,2020-03-22 19:55:00,2020-03-25 04:10:00,3380.0,676,100.0,50.0,18.19,2,Cyclone_Inlet_Gas_Temp; Cyclone_Gas_Outlet_Temp,Cyclone_Inlet_Gas_Temp; Cyclone_Gas_Outlet_Temp,0,98.8,process_correlated,False,False,"2 coupled sensors deviate together: Cyclone_Inlet_Gas_Temp, Cyclone_Gas_Outlet_Temp",0.4424,0.3333,0.6713
121,2018-06-02 08:00:00,2018-06-02 08:45:00,50.0,10,100.0,44.42,25.13,3,Cyclone_Outlet_Gas_draft; Cyclone_cone_draft; Cyclone_Inlet_Draft,Cyclone_Outlet_Gas_draft; Cyclone_Inlet_Draft,0,99.8,process_correlated,False,False,"3 coupled sensors deviate together: Cyclone_Outlet_Gas_draft, Cyclone_cone_draft, Cyclone_Inlet_Draft",0.6112,0.5,0.6584
122,2019-10-13 22:50:00,2019-10-14 00:15:00,90.0,18,72.2,50.0,32.21,1,Cyclone_Material_Temp,Cyclone_Material_Temp; Cyclone_Inlet_Gas_Temp,1,97.7,single_sensor_deviation,True,False,Cyclone_Material_Temp alone outside regime envelope; other sensors consistent with current regime | inside COLD/SHUTDOWN regime,0.7833,0.1667,0.658
123,2017-06-14 01:30:00,2017-06-14 07:05:00,340.0,68,94.1,37.05,14.03,5,Cyclone_Inlet_Gas_Temp; Cyclone_Outlet_Gas_draft; Cyclone_cone_draft; Cyclone_Gas_Outlet_Temp; Cyclone_Inlet_Draft,Cyclone_Inlet_Gas_Temp; Cyclone_Inlet_Draft,0,99.8,process_correlated,False,False,"5 coupled sensors deviate together: Cyclone_Inlet_Gas_Temp, Cyclone_Outlet_Gas_draft, Cyclone_cone_draft, Cyclone_Gas_Outlet_Temp, Cyclone_Inlet_Draft",0.3412,0.8333,0.6517
124,2019-10-18 10:50:00,2019-10-18 12:00:00,75.0,15,73.3,50.0,32.03,1,Cyclone_Material_Temp,Cyclone_Material_Temp; Cyclone_Inlet_Gas_Temp,1,97.8,single_sensor_deviation,True,False,Cyclone_Material_Temp alone outside regime envelope; other sensors consistent with current regime | inside COLD/SHUTDOWN regime,0.779,0.1667,0.6513
125,2017-03-19 17:35:00,2017-03-19 18:05:00,35.0,7,100.0,35.43,31.47,1,Cyclone_Material_Temp,Cyclone_Material_Temp; Cyclone_Inlet_Gas_Temp,0,97.0,instrument_fault,False,False,Cyclone_Material_Temp frozen at 42.09 for 86% of interval (35 min) -> stuck value,0.7654,0.1667,0.6502
126,2017-10-13 17:55:00,2017-10-13 18:35:00,45.0,9,66.7,50.0,33.82,1,Cyclone_Material_Temp,Cyclone_Material_Temp; Cyclone_Outlet_Gas_draft,1,97.8,single_sensor_deviation,True,False,Cyclone_Material_Temp alone outside regime envelope; other sensors consistent with current regime | inside COLD/SHUTDOWN regime,0.8225,0.1667,0.6496
127,2018-11-02 12:15:00,2018-11-02 17:05:00,295.0,59,94.9,17.39,10.88,6,Cyclone_Inlet_Gas_Temp; Cyclone_Material_Temp; Cyclone_Outlet_Gas_draft; Cyclone_cone_draft; Cyclone_Gas_Outlet_Temp; Cyclone_Inlet_Draft,Cyclone_Inlet_Gas_Temp; Cyclone_Material_Temp,0,99.7,process_correlated,False,False,"6 coupled sensors deviate together: Cyclone_Inlet_Gas_Temp, Cyclone_Material_Temp, Cyclone_Outlet_Gas_draft, Cyclone_cone_draft, Cyclone_Gas_Outlet_Temp, Cyclone_Inlet_Draft",0.2646,1.0,0.6468
128,2018-01-08 00:00:00,2018-01-08 01:20:00,85.0,17,100.0,40.49,22.66,3,Cyclone_Outlet_Gas_draft; Cyclone_cone_draft; Cyclone_Inlet_Draft,Cyclone_Outlet_Gas_draft; Cyclone_cone_draft,0,99.7,process_correlated,False,False,"3 coupled sensors deviate together: Cyclone_Outlet_Gas_draft, Cyclone_cone_draft, Cyclone_Inlet_Draft",0.5511,0.5,0.645
129,2018-09-17 02:10:00,2018-09-17 17:35:00,930.0,186,96.8,50.0,19.68,2,Cyclone_Inlet_Gas_Temp; Cyclone_Gas_Outlet_Temp,Cyclone_Inlet_Gas_Temp; Cyclone_Gas_Outlet_Temp,1,99.1,process_correlated,True,False,"2 coupled sensors deviate together: Cyclone_Inlet_Gas_Temp, Cyclone_Gas_Outlet_Temp | inside COLD/SHUTDOWN regime",0.4786,0.3333,0.6444
130,2018-02-10 16:55:00,2018-02-10 18:00:00,70.0,14,78.6,39.29,31.01,1,Cyclone_Material_Temp,Cyclone_Material_Temp; Cyclone_Inlet_Gas_Temp,1,92.3,single_sensor_deviation,True,False,Cyclone_Material_Temp alone outside regime envelope; other sensors consistent with current regime | inside COLD/SHUTDOWN regime,0.7542,0.1667,0.6425
131,2018-12-13 15:05:00,2018-12-13 20:35:00,335.0,67,100.0,36.58,15.81,4,Cyclone_Inlet_Gas_Temp; Cyclone_Outlet_Gas_draft; Cyclone_cone_draft; Cyclone_Inlet_Draft,Cyclone_Inlet_Draft; Cyclone_Outlet_Gas_draft,0,99.5,process_correlated,False,False,"4 coupled sensors deviate together: Cyclone_Inlet_Gas_Temp, Cyclone_Outlet_Gas_draft, Cyclone_cone_draft, Cyclone_Inlet_Draft",0.3845,0.6667,0.6423
132,2019-08-30 17:20:00,2019-08-30 18:00:00,45.0,9,100.0,36.93,30.02,1,Cyclone_Material_Temp,Cyclone_Material_Temp; Cyclone_Gas_Outlet_Temp,0,98.0,instrument_fault,False,False,Cyclone_Material_Temp=0.0 in 100% of interval while gas path at 898C -> transmitter/loop failure,0.7301,0.1667,0.6403
133,2019-08-17 08:45:00,2019-08-17 13:55:00,315.0,63,100.0,16.22,9.69,6,Cyclone_Inlet_Gas_Temp; Cyclone_Material_Temp; Cyclone_Outlet_Gas_draft; Cyclone_cone_draft; Cyclone_Gas_Outlet_Temp; Cyclone_Inlet_Draft,Cyclone_Inlet_Gas_Temp; Cyclone_Inlet_Draft,0,99.0,process_correlated,False,False,"6 coupled sensors deviate together: Cyclone_Inlet_Gas_Temp, Cyclone_Material_Temp, Cyclone_Outlet_Gas_draft, Cyclone_cone_draft, Cyclone_Gas_Outlet_Temp, Cyclone_Inlet_Draft",0.2357,1.0,0.64
134,2018-06-22 14:05:00,2018-06-22 16:30:00,150.0,30,96.7,43.32,27.0,1,Cyclone_Material_Temp,Cyclone_Material_Temp; Cyclone_cone_draft,0,98.3,instrument_fault,False,False,"Cyclone_Material_Temp frozen at 100.0 for 93% of interval (150 min) -> stuck value | note: starting at onset, 3 instantaneous temperature step(s) >=300C across 1 channel(s) appear in single 5-min samples, none of them crossing into the cold boundary (<100C) (e.g. Cyclone_Material_Temp 935 -> 100 C, 835C) - jumps far beyond thermal-mass limits, but NOT a recorded hot<->cold operating-state transition -> the startup/shutdown evidence chain does not apply, so the period stays rankable; scores near the step(s) carry some stale-baseline inflation",0.6566,0.1667,0.638
135,2018-09-15 08:35:00,2018-09-16 05:10:00,1240.0,248,100.0,50.0,18.05,2,Cyclone_Inlet_Gas_Temp; Cyclone_Gas_Outlet_Temp,Cyclone_Inlet_Gas_Temp; Cyclone_Gas_Outlet_Temp,0,99.5,process_correlated,False,False,"2 coupled sensors deviate together: Cyclone_Inlet_Gas_Temp, Cyclone_Gas_Outlet_Temp",0.439,0.3333,0.6373
136,2019-10-03 00:00:00,2019-10-03 07:20:00,445.0,89,100.0,50.0,20.62,2,Cyclone_Inlet_Gas_Temp; Cyclone_Gas_Outlet_Temp,Cyclone_Gas_Outlet_Temp; Cyclone_Inlet_Gas_Temp,1,100.0,process_correlated,True,False,"2 coupled sensors deviate together: Cyclone_Inlet_Gas_Temp, Cyclone_Gas_Outlet_Temp | note: starting at onset, 2 instantaneous temperature step(s) >=300C across 2 channel(s) appear in single 5-min samples, none of them crossing into the cold boundary (<100C) (e.g. Cyclone_Inlet_Gas_Temp 930 -> 132 C, 798C) - jumps far beyond thermal-mass limits, but NOT a recorded hot<->cold operating-state transition -> the startup/shutdown evidence chain does not apply, so the period stays rankable; scores near the step(s) carry some stale-baseline inflation | inside COLD/SHUTDOWN regime",0.5015,0.3333,0.6358
137,2019-10-29 11:25:00,2019-10-29 12:30:00,70.0,14,100.0,30.63,16.05,5,Cyclone_Inlet_Gas_Temp; Cyclone_Outlet_Gas_draft; Cyclone_cone_draft; Cyclone_Gas_Outlet_Temp; Cyclone_Inlet_Draft,Cyclone_Outlet_Gas_draft; Cyclone_Inlet_Draft,0,99.6,process_correlated,False,False,"5 coupled sensors deviate together: Cyclone_Inlet_Gas_Temp, Cyclone_Outlet_Gas_draft, Cyclone_cone_draft, Cyclone_Gas_Outlet_Temp, Cyclone_Inlet_Draft",0.3903,0.8333,0.6324
138,2018-08-05 18:55:00,2018-08-05 20:05:00,75.0,15,93.3,50.0,25.47,2,Cyclone_Outlet_Gas_draft; Cyclone_Inlet_Draft,Cyclone_Inlet_Draft; Cyclone_Outlet_Gas_draft,0,99.6,process_correlated,False,False,"2 coupled sensors deviate together: Cyclone_Outlet_Gas_draft, Cyclone_Inlet_Draft",0.6194,0.3333,0.6306
139,2017-07-23 00:10:00,2017-07-23 05:15:00,310.0,62,100.0,47.95,24.18,1,Cyclone_Material_Temp,Cyclone_Material_Temp; Cyclone_Inlet_Draft,0,97.7,single_sensor_deviation,False,False,Cyclone_Material_Temp alone outside regime envelope; other sensors consistent with current regime,0.5881,0.1667,0.6304
140,2018-07-15 01:45:00,2018-07-15 06:30:00,290.0,58,100.0,24.7,12.06,5,Cyclone_Inlet_Gas_Temp; Cyclone_Material_Temp; Cyclone_Outlet_Gas_draft; Cyclone_cone_draft; Cyclone_Inlet_Draft,Cyclone_Material_Temp; Cyclone_Inlet_Draft,0,99.6,process_correlated,False,False,"5 coupled sensors deviate together: Cyclone_Inlet_Gas_Temp, Cyclone_Material_Temp, Cyclone_Outlet_Gas_draft, Cyclone_cone_draft, Cyclone_Inlet_Draft",0.2933,0.8333,0.6291
141,2018-10-27 22:35:00,2018-10-27 23:30:00,60.0,12,100.0,38.51,28.19,1,Cyclone_Material_Temp,Cyclone_Material_Temp; Cyclone_Inlet_Draft,0,98.4,instrument_fault,False,False,Cyclone_Material_Temp frozen at 91.62 for 92% of interval (60 min) -> stuck value,0.6856,0.1667,0.627
142,2018-04-13 07:35:00,2018-04-13 11:20:00,230.0,46,93.5,29.77,25.27,1,Cyclone_Material_Temp,Cyclone_Material_Temp; Cyclone_Gas_Outlet_Temp,0,95.2,single_sensor_deviation,False,False,"Cyclone_Material_Temp alone outside regime envelope; other sensors consistent with current regime | note: starting at onset, 2 instantaneous temperature step(s) >=300C across 1 channel(s) appear in single 5-min samples, none of them crossing into the cold boundary (<100C) (e.g. Cyclone_Material_Temp 834 -> 1147 C, 313C) - jumps far beyond thermal-mass limits, but NOT a recorded hot<->cold operating-state transition -> the startup/shutdown evidence chain does not apply, so the period stays rankable; scores near the step(s) carry some stale-baseline inflation",0.6146,0.1667,0.6269
143,2019-04-02 17:25:00,2019-04-02 18:45:00,85.0,17,100.0,48.96,21.03,3,Cyclone_Outlet_Gas_draft; Cyclone_cone_draft; Cyclone_Inlet_Draft,Cyclone_cone_draft; Cyclone_Outlet_Gas_draft,0,99.7,process_correlated,False,False,"3 coupled sensors deviate together: Cyclone_Outlet_Gas_draft, Cyclone_cone_draft, Cyclone_Inlet_Draft",0.5114,0.5,0.625
144,2018-09-27 12:20:00,2018-09-27 13:15:00,60.0,12,66.7,50.0,30.99,1,Cyclone_Material_Temp,Cyclone_Material_Temp; Cyclone_Inlet_Gas_Temp,1,97.8,single_sensor_deviation,True,False,Cyclone_Material_Temp alone outside regime envelope; other sensors consistent with current regime | inside COLD/SHUTDOWN regime,0.7537,0.1667,0.624
145,2020-07-03 21:30:00,2020-07-04 01:25:00,240.0,48,100.0,50.0,24.3,1,Cyclone_Material_Temp,Cyclone_Material_Temp; Cyclone_Inlet_Draft,0,100.0,single_sensor_deviation,False,False,"Cyclone_Material_Temp alone outside regime envelope; other sensors consistent with current regime | note: an instantaneous hot<->cold jump occurs 150 min AFTER onset (3 channels); it did not create the period, so the period stays rankable, but scores after it carry some stale-baseline inflation",0.591,0.1667,0.6237
146,2018-04-17 20:15:00,2018-04-17 21:35:00,85.0,17,100.0,33.85,26.97,1,Cyclone_Material_Temp,Cyclone_Material_Temp; Cyclone_Inlet_Draft,0,97.8,instrument_fault,False,False,Cyclone_Material_Temp=0.0 in 94% of interval while gas path at 868C -> transmitter/loop failure,0.6559,0.1667,0.6232
147,2017-04-28 17:30:00,2017-04-28 18:45:00,80.0,16,100.0,33.37,27.12,1,Cyclone_Material_Temp,Cyclone_Material_Temp; Cyclone_cone_draft,0,97.8,instrument_fault,False,False,Cyclone_Material_Temp frozen at 71.19 for 100% of interval (80 min) -> stuck value,0.6596,0.1667,0.6231
148,2017-02-03 03:45:00,2017-02-03 08:55:00,315.0,63,100.0,19.45,11.16,5,Cyclone_Inlet_Gas_Temp; Cyclone_Material_Temp; Cyclone_Outlet_Gas_draft; Cyclone_cone_draft; Cyclone_Inlet_Draft,Cyclone_Inlet_Gas_Temp; Cyclone_Inlet_Draft,0,98.9,process_correlated,False,False,"5 coupled sensors deviate together: Cyclone_Inlet_Gas_Temp, Cyclone_Material_Temp, Cyclone_Outlet_Gas_draft, Cyclone_cone_draft, Cyclone_Inlet_Draft",0.2714,0.8333,0.6207
149,2020-05-28 01:35:00,2020-05-28 02:45:00,75.0,15,100.0,27.95,14.89,5,Cyclone_Inlet_Gas_Temp; Cyclone_Outlet_Gas_draft; Cyclone_cone_draft; Cyclone_Gas_Outlet_Temp; Cyclone_Inlet_Draft,Cyclone_Outlet_Gas_draft; Cyclone_Inlet_Draft,0,99.5,process_correlated,False,False,"5 coupled sensors deviate together: Cyclone_Inlet_Gas_Temp, Cyclone_Outlet_Gas_draft, Cyclone_cone_draft, Cyclone_Gas_Outlet_Temp, Cyclone_Inlet_Draft",0.3621,0.8333,0.6204
150,2019-07-19 13:35:00,2019-07-19 16:15:00,165.0,33,97.0,41.47,18.92,3,Cyclone_Outlet_Gas_draft; Cyclone_cone_draft; Cyclone_Inlet_Draft,Cyclone_Outlet_Gas_draft; Cyclone_Inlet_Draft,0,99.6,process_correlated,False,False,"3 coupled sensors deviate together: Cyclone_Outlet_Gas_draft, Cyclone_cone_draft, Cyclone_Inlet_Draft",0.4601,0.5,0.617
151,2020-02-05 10:55:00,2020-02-05 13:45:00,175.0,35,100.0,11.88,9.23,6,Cyclone_Inlet_Gas_Temp; Cyclone_Material_Temp; Cyclone_Outlet_Gas_draft; Cyclone_cone_draft; Cyclone_Gas_Outlet_Temp; Cyclone_Inlet_Draft,Cyclone_Inlet_Gas_Temp; Cyclone_Inlet_Draft,0,99.4,process_correlated,False,False,"6 coupled sensors deviate together: Cyclone_Inlet_Gas_Temp, Cyclone_Material_Temp, Cyclone_Outlet_Gas_draft, Cyclone_cone_draft, Cyclone_Gas_Outlet_Temp, Cyclone_Inlet_Draft",0.2245,1.0,0.6155
152,2018-10-23 09:40:00,2018-10-23 16:45:00,430.0,86,96.5,22.4,10.08,5,Cyclone_Inlet_Gas_Temp; Cyclone_Outlet_Gas_draft; Cyclone_cone_draft; Cyclone_Gas_Outlet_Temp; Cyclone_Inlet_Draft,Cyclone_Inlet_Gas_Temp; Cyclone_Inlet_Draft,0,99.5,process_correlated,False,False,"5 coupled sensors deviate together: Cyclone_Inlet_Gas_Temp, Cyclone_Outlet_Gas_draft, Cyclone_cone_draft, Cyclone_Gas_Outlet_Temp, Cyclone_Inlet_Draft",0.2451,0.8333,0.6136
153,2017-09-17 18:15:00,2017-09-17 19:10:00,60.0,12,100.0,24.18,11.85,6,Cyclone_Inlet_Gas_Temp; Cyclone_Material_Temp; Cyclone_Outlet_Gas_draft; Cyclone_cone_draft; Cyclone_Gas_Outlet_Temp; Cyclone_Inlet_Draft,Cyclone_Material_Temp; Cyclone_Gas_Outlet_Temp,0,99.0,process_correlated,False,False,"6 coupled sensors deviate together: Cyclone_Inlet_Gas_Temp, Cyclone_Material_Temp, Cyclone_Outlet_Gas_draft, Cyclone_cone_draft, Cyclone_Gas_Outlet_Temp, Cyclone_Inlet_Draft",0.2882,1.0,0.6134
154,2019-05-28 13:15:00,2019-05-28 15:55:00,165.0,33,100.0,26.07,24.41,1,Cyclone_Material_Temp,Cyclone_Material_Temp; Cyclone_Inlet_Draft,0,97.2,instrument_fault,False,False,Cyclone_Material_Temp=0.0 in 91% of interval while gas path at 886C -> transmitter/loop failure,0.5937,0.1667,0.613
155,2018-05-23 21:20:00,2018-05-23 22:40:00,85.0,17,100.0,25.01,20.04,3,Cyclone_Outlet_Gas_draft; Cyclone_cone_draft; Cyclone_Inlet_Draft,Cyclone_Inlet_Draft; Cyclone_Outlet_Gas_draft,0,99.5,process_correlated,False,False,"3 coupled sensors deviate together: Cyclone_Outlet_Gas_draft, Cyclone_cone_draft, Cyclone_Inlet_Draft",0.4874,0.5,0.6129
156,2019-09-17 01:00:00,2019-09-17 09:40:00,525.0,105,100.0,50.0,14.98,3,Cyclone_Outlet_Gas_draft; Cyclone_cone_draft; Cyclone_Inlet_Draft,Cyclone_cone_draft; Cyclone_Inlet_Draft,1,99.3,process_correlated,True,False,"3 coupled sensors deviate together: Cyclone_Outlet_Gas_draft, Cyclone_cone_draft, Cyclone_Inlet_Draft | inside COLD/SHUTDOWN regime",0.3643,0.5,0.6093
157,2020-01-29 03:05:00,2020-01-29 04:35:00,95.0,19,84.2,49.94,20.85,3,Cyclone_Outlet_Gas_draft; Cyclone_cone_draft; Cyclone_Inlet_Draft,Cyclone_cone_draft; Cyclone_Outlet_Gas_draft,0,99.6,process_correlated,False,False,"3 coupled sensors deviate together: Cyclone_Outlet_Gas_draft, Cyclone_cone_draft, Cyclone_Inlet_Draft",0.5071,0.5,0.6087
158,2018-02-05 17:45:00,2018-02-05 19:05:00,85.0,17,100.0,26.51,16.47,4,Cyclone_Inlet_Gas_Temp; Cyclone_Outlet_Gas_draft; Cyclone_cone_draft; Cyclone_Inlet_Draft,Cyclone_Outlet_Gas_draft; Cyclone_cone_draft,0,99.5,process_correlated,False,False,"4 coupled sensors deviate together: Cyclone_Inlet_Gas_Temp, Cyclone_Outlet_Gas_draft, Cyclone_cone_draft, Cyclone_Inlet_Draft",0.4006,0.6667,0.6065
159,2020-07-26 06:25:00,2020-07-26 12:40:00,380.0,76,97.4,42.0,12.66,4,Cyclone_Inlet_Gas_Temp; Cyclone_Outlet_Gas_draft; Cyclone_cone_draft; Cyclone_Inlet_Draft,Cyclone_Inlet_Draft; Cyclone_Outlet_Gas_draft,0,99.5,process_correlated,False,False,"4 coupled sensors deviate together: Cyclone_Inlet_Gas_Temp, Cyclone_Outlet_Gas_draft, Cyclone_cone_draft, Cyclone_Inlet_Draft",0.3079,0.6667,0.6049
160,2017-03-04 14:30:00,2017-03-04 15:50:00,85.0,17,100.0,24.13,16.31,4,Cyclone_Inlet_Gas_Temp; Cyclone_Outlet_Gas_draft; Cyclone_cone_draft; Cyclone_Inlet_Draft,Cyclone_Outlet_Gas_draft; Cyclone_Inlet_Draft,0,99.8,process_correlated,False,False,"4 coupled sensors deviate together: Cyclone_Inlet_Gas_Temp, Cyclone_Outlet_Gas_draft, Cyclone_cone_draft, Cyclone_Inlet_Draft",0.3967,0.6667,0.6045
161,2018-02-13 21:40:00,2018-02-13 23:05:00,90.0,18,100.0,36.41,25.3,1,Cyclone_Material_Temp,Cyclone_Material_Temp; Cyclone_Inlet_Gas_Temp,0,98.3,instrument_fault,False,False,Cyclone_Material_Temp=0.0 in 94% of interval while gas path at 900C -> transmitter/loop failure,0.6153,0.1667,0.6045
162,2018-03-09 00:00:00,2018-03-09 01:55:00,120.0,24,95.8,33.55,18.49,3,Cyclone_Outlet_Gas_draft; Cyclone_cone_draft; Cyclone_Inlet_Draft,Cyclone_Outlet_Gas_draft; Cyclone_Inlet_Draft,0,99.9,process_correlated,False,False,"3 coupled sensors deviate together: Cyclone_Outlet_Gas_draft, Cyclone_cone_draft, Cyclone_Inlet_Draft",0.4497,0.5,0.6002
163,2018-08-21 05:40:00,2018-08-21 08:05:00,150.0,30,100.0,24.81,23.57,1,Cyclone_Material_Temp,Cyclone_Material_Temp; Cyclone_Inlet_Gas_Temp,0,98.0,instrument_fault,False,False,Cyclone_Material_Temp=0.0 in 93% of interval while gas path at 890C -> transmitter/loop failure,0.5732,0.1667,0.5997
164,2019-02-07 00:45:00,2019-02-07 02:10:00,90.0,18,100.0,24.81,24.81,1,Cyclone_Material_Temp,Cyclone_Material_Temp; Cyclone_cone_draft,0,97.4,instrument_fault,False,False,Cyclone_Material_Temp=0.0 in 100% of interval while gas path at 871C -> transmitter/loop failure,0.6034,0.1667,0.5985
165,2019-10-19 08:50:00,2019-10-19 09:20:00,35.0,7,71.4,50.0,29.72,1,Cyclone_Material_Temp,Cyclone_Material_Temp; Cyclone_Inlet_Gas_Temp,1,97.8,single_sensor_deviation,True,False,"Cyclone_Material_Temp alone outside regime envelope; other sensors consistent with current regime | note: starting at +5 min after onset, 2 instantaneous temperature step(s) >=300C across 1 channel(s) appear in single 5-min samples, none of them crossing into the cold boundary (<100C) (e.g. Cyclone_Material_Temp 900 -> 107 C, 793C) - jumps far beyond thermal-mass limits, but NOT a recorded hot<->cold operating-state transition -> the startup/shutdown evidence chain does not apply, so the period stays rankable; scores near the step(s) carry some stale-baseline inflation | inside COLD/SHUTDOWN regime",0.7228,0.1667,0.5967
166,2018-10-25 16:55:00,2018-10-25 18:10:00,80.0,16,100.0,24.56,12.7,5,Cyclone_Inlet_Gas_Temp; Cyclone_Outlet_Gas_draft; Cyclone_cone_draft; Cyclone_Gas_Outlet_Temp; Cyclone_Inlet_Draft,Cyclone_cone_draft; Cyclone_Outlet_Gas_draft,0,99.4,process_correlated,False,False,"5 coupled sensors deviate together: Cyclone_Inlet_Gas_Temp, Cyclone_Outlet_Gas_draft, Cyclone_cone_draft, Cyclone_Gas_Outlet_Temp, Cyclone_Inlet_Draft",0.3089,0.8333,0.5957
167,2019-02-25 14:50:00,2019-02-25 16:30:00,105.0,21,95.2,31.61,15.46,4,Cyclone_Inlet_Gas_Temp; Cyclone_Outlet_Gas_draft; Cyclone_cone_draft; Cyclone_Inlet_Draft,Cyclone_Inlet_Draft; Cyclone_Outlet_Gas_draft,0,99.5,process_correlated,False,False,"4 coupled sensors deviate together: Cyclone_Inlet_Gas_Temp, Cyclone_Outlet_Gas_draft, Cyclone_cone_draft, Cyclone_Inlet_Draft",0.376,0.6667,0.5955
168,2020-07-17 14:30:00,2020-07-17 16:00:00,95.0,19,100.0,21.11,12.09,5,Cyclone_Inlet_Gas_Temp; Cyclone_Outlet_Gas_draft; Cyclone_cone_draft; Cyclone_Gas_Outlet_Temp; Cyclone_Inlet_Draft,Cyclone_Gas_Outlet_Temp; Cyclone_cone_draft,0,99.8,process_correlated,False,False,"5 coupled sensors deviate together: Cyclone_Inlet_Gas_Temp, Cyclone_Outlet_Gas_draft, Cyclone_cone_draft, Cyclone_Gas_Outlet_Temp, Cyclone_Inlet_Draft",0.294,0.8333,0.5937
169,2018-05-19 13:00:00,2018-05-19 14:10:00,75.0,15,100.0,26.53,15.74,4,Cyclone_Outlet_Gas_draft; Cyclone_cone_draft; Cyclone_Gas_Outlet_Temp; Cyclone_Inlet_Draft,Cyclone_Outlet_Gas_draft; Cyclone_Inlet_Draft,0,99.5,process_correlated,False,False,"4 coupled sensors deviate together: Cyclone_Outlet_Gas_draft, Cyclone_cone_draft, Cyclone_Gas_Outlet_Temp, Cyclone_Inlet_Draft",0.3828,0.6667,0.5935
170,2018-07-05 17:15:00,2018-07-06 06:30:00,800.0,160,92.5,50.0,19.25,1,Cyclone_Gas_Outlet_Temp,Cyclone_Gas_Outlet_Temp; Cyclone_Inlet_Gas_Temp,0,99.9,single_sensor_deviation,False,False,"Cyclone_Gas_Outlet_Temp alone outside regime envelope; other sensors consistent with current regime | note: starting at onset, 1 instantaneous temperature step(s) >=300C across 1 channel(s) appear in single 5-min samples, none of them crossing into the cold boundary (<100C) (e.g. Cyclone_Gas_Outlet_Temp 883 -> 522 C, 361C) - jumps far beyond thermal-mass limits, but NOT a recorded hot<->cold operating-state transition -> the startup/shutdown evidence chain does not apply, so the period stays rankable; scores near the step(s) carry some stale-baseline inflation",0.4682,0.1667,0.5922
171,2019-08-31 00:10:00,2019-08-31 01:20:00,75.0,15,100.0,24.75,24.75,1,Cyclone_Material_Temp,Cyclone_Material_Temp; Cyclone_Gas_Outlet_Temp,0,97.5,instrument_fault,False,False,Cyclone_Material_Temp frozen at 2.18 for 100% of interval (75 min) -> stuck value,0.6019,0.1667,0.592
172,2017-08-28 13:55:00,2017-08-28 15:05:00,75.0,15,100.0,30.31,15.43,4,Cyclone_Inlet_Gas_Temp; Cyclone_Outlet_Gas_draft; Cyclone_cone_draft; Cyclone_Inlet_Draft,Cyclone_Outlet_Gas_draft; Cyclone_Inlet_Draft,0,99.9,process_correlated,False,False,"4 coupled sensors deviate together: Cyclone_Inlet_Gas_Temp, Cyclone_Outlet_Gas_draft, Cyclone_cone_draft, Cyclone_Inlet_Draft",0.3753,0.6667,0.5897
173,2018-11-03 12:40:00,2018-11-03 15:25:00,170.0,34,100.0,29.77,22.31,1,Cyclone_Material_Temp,Cyclone_Material_Temp; Cyclone_Gas_Outlet_Temp,0,99.6,instrument_fault,False,False,"Cyclone_Material_Temp=0.0 in 74% of interval while gas path at 893C -> transmitter/loop failure | note: starting at onset, 4 instantaneous temperature step(s) >=300C across 1 channel(s) appear in single 5-min samples, none of them crossing into the cold boundary (<100C) (e.g. Cyclone_Material_Temp 970 -> 1375 C, 405C) - jumps far beyond thermal-mass limits, but NOT a recorded hot<->cold operating-state transition -> the startup/shutdown evidence chain does not apply, so the period stays rankable; scores near the step(s) carry some stale-baseline inflation",0.5426,0.1667,0.5883
174,2019-11-20 05:05:00,2019-11-20 06:15:00,75.0,15,100.0,33.39,18.3,3,Cyclone_Outlet_Gas_draft; Cyclone_cone_draft; Cyclone_Inlet_Draft,Cyclone_Outlet_Gas_draft; Cyclone_Inlet_Draft,0,99.5,process_correlated,False,False,"3 coupled sensors deviate together: Cyclone_Outlet_Gas_draft, Cyclone_cone_draft, Cyclone_Inlet_Draft",0.4451,0.5,0.5876
175,2018-07-29 21:55:00,2018-07-29 23:15:00,85.0,17,100.0,23.86,14.8,4,Cyclone_Outlet_Gas_draft; Cyclone_cone_draft; Cyclone_Gas_Outlet_Temp; Cyclone_Inlet_Draft,Cyclone_Outlet_Gas_draft; Cyclone_cone_draft,0,99.9,process_correlated,False,False,"4 coupled sensors deviate together: Cyclone_Outlet_Gas_draft, Cyclone_cone_draft, Cyclone_Gas_Outlet_Temp, Cyclone_Inlet_Draft",0.3599,0.6667,0.586
176,2020-07-28 09:20:00,2020-07-28 10:00:00,45.0,9,66.7,50.0,28.58,1,Cyclone_Material_Temp,Cyclone_Material_Temp; Cyclone_Inlet_Gas_Temp,0,97.3,single_sensor_deviation,False,False,"Cyclone_Material_Temp alone outside regime envelope; other sensors consistent with current regime | note: starting at +20 min after onset, 1 instantaneous temperature step(s) >=300C across 1 channel(s) appear in single 5-min samples, none of them crossing into the cold boundary (<100C) (e.g. Cyclone_Material_Temp 921 -> 171 C, 750C) - jumps far beyond thermal-mass limits, but NOT a recorded hot<->cold operating-state transition -> the startup/shutdown evidence chain does not apply, so the period stays rankable; scores near the step(s) carry some stale-baseline inflation",0.6951,0.1667,0.5854
177,2017-06-16 19:20:00,2017-06-16 20:45:00,90.0,18,100.0,23.4,17.53,3,Cyclone_Outlet_Gas_draft; Cyclone_cone_draft; Cyclone_Inlet_Draft,Cyclone_Outlet_Gas_draft; Cyclone_Inlet_Draft,0,99.6,process_correlated,False,False,"3 coupled sensors deviate together: Cyclone_Outlet_Gas_draft, Cyclone_cone_draft, Cyclone_Inlet_Draft",0.4263,0.5,0.584
178,2018-06-09 14:45:00,2018-06-09 16:00:00,80.0,16,100.0,24.81,23.81,1,Cyclone_Material_Temp,Cyclone_Material_Temp; Cyclone_cone_draft,0,99.0,instrument_fault,False,False,Cyclone_Material_Temp=0.0 in 94% of interval while gas path at 894C -> transmitter/loop failure,0.5791,0.1667,0.5825
179,2018-10-16 08:15:00,2018-10-16 09:55:00,105.0,21,95.2,50.0,23.42,1,Cyclone_Inlet_Gas_Temp,Cyclone_Inlet_Gas_Temp; Cyclone_Material_Temp,1,98.7,single_sensor_deviation,True,False,"Cyclone_Inlet_Gas_Temp alone outside regime envelope; other sensors consistent with current regime | note: starting at +20 min after onset, 2 instantaneous temperature step(s) >=300C across 1 channel(s) appear in single 5-min samples, none of them crossing into the cold boundary (<100C) (e.g. Cyclone_Material_Temp 900 -> 106 C, 794C) - jumps far beyond thermal-mass limits, but NOT a recorded hot<->cold operating-state transition -> the startup/shutdown evidence chain does not apply, so the period stays rankable; scores near the step(s) carry some stale-baseline inflation | inside COLD/SHUTDOWN regime",0.5696,0.1667,0.5811
180,2018-04-26 19:15:00,2018-04-30 18:40:00,5730.0,1146,100.0,50.0,12.46,1,Cyclone_Gas_Outlet_Temp,Cyclone_Gas_Outlet_Temp; Cyclone_Inlet_Gas_Temp,0,99.5,single_sensor_deviation,False,False,Cyclone_Gas_Outlet_Temp alone outside regime envelope; other sensors consistent with current regime,0.303,0.1667,0.5809
181,2017-06-19 17:30:00,2017-06-19 19:10:00,105.0,21,100.0,25.09,22.79,1,Cyclone_Material_Temp,Cyclone_Material_Temp; Cyclone_Outlet_Gas_draft,0,97.9,instrument_fault,False,False,Cyclone_Material_Temp frozen at 94.39 for 100% of interval (105 min) -> stuck value,0.5543,0.1667,0.5787
182,2019-01-18 11:10:00,2019-01-18 12:25:00,80.0,16,100.0,21.54,14.33,4,Cyclone_Inlet_Gas_Temp; Cyclone_Outlet_Gas_draft; Cyclone_cone_draft; Cyclone_Inlet_Draft,Cyclone_Outlet_Gas_draft; Cyclone_Inlet_Draft,0,99.4,process_correlated,False,False,"4 coupled sensors deviate together: Cyclone_Inlet_Gas_Temp, Cyclone_Outlet_Gas_draft, Cyclone_cone_draft, Cyclone_Inlet_Draft",0.3485,0.6667,0.5783
183,2017-04-04 00:00:00,2017-04-04 01:20:00,85.0,17,100.0,20.29,14.16,4,Cyclone_Outlet_Gas_draft; Cyclone_cone_draft; Cyclone_Gas_Outlet_Temp; Cyclone_Inlet_Draft,Cyclone_Outlet_Gas_draft; Cyclone_cone_draft,0,99.5,process_correlated,False,False,"4 coupled sensors deviate together: Cyclone_Outlet_Gas_draft, Cyclone_cone_draft, Cyclone_Gas_Outlet_Temp, Cyclone_Inlet_Draft",0.3444,0.6667,0.5782
184,2018-12-16 20:20:00,2018-12-16 21:05:00,50.0,10,100.0,27.05,24.55,1,Cyclone_Material_Temp,Cyclone_Material_Temp; Cyclone_Gas_Outlet_Temp,0,96.9,instrument_fault,False,False,Cyclone_Material_Temp frozen at 99.88 for 100% of interval (50 min) -> stuck value,0.5971,0.1667,0.5767
185,2018-08-05 02:35:00,2018-08-05 03:50:00,80.0,16,100.0,17.18,14.14,4,Cyclone_Inlet_Gas_Temp; Cyclone_Outlet_Gas_draft; Cyclone_cone_draft; Cyclone_Inlet_Draft,Cyclone_Inlet_Draft; Cyclone_Outlet_Gas_draft,0,99.5,process_correlated,False,False,"4 coupled sensors deviate together: Cyclone_Inlet_Gas_Temp, Cyclone_Outlet_Gas_draft, Cyclone_cone_draft, Cyclone_Inlet_Draft",0.3439,0.6667,0.576
186,2017-07-04 00:00:00,2017-07-04 00:55:00,60.0,12,100.0,12.29,11.74,5,Cyclone_Inlet_Gas_Temp; Cyclone_Outlet_Gas_draft; Cyclone_cone_draft; Cyclone_Gas_Outlet_Temp; Cyclone_Inlet_Draft,Cyclone_Inlet_Gas_Temp; Cyclone_Gas_Outlet_Temp,0,99.2,process_correlated,False,False,"5 coupled sensors deviate together: Cyclone_Inlet_Gas_Temp, Cyclone_Outlet_Gas_draft, Cyclone_cone_draft, Cyclone_Gas_Outlet_Temp, Cyclone_Inlet_Draft | note: starting at onset, 2 instantaneous temperature step(s) >=300C across 2 channel(s) appear in single 5-min samples, none of them crossing into the cold boundary (<100C) (e.g. Cyclone_Inlet_Gas_Temp 931 -> 607 C, 324C) - jumps far beyond thermal-mass limits, but NOT a recorded hot<->cold operating-state transition -> the startup/shutdown evidence chain does not apply, so the period stays rankable; scores near the step(s) carry some stale-baseline inflation",0.2855,0.8333,0.5748
187,2018-05-20 13:35:00,2018-05-20 21:20:00,470.0,94,100.0,50.0,18.44,1,Cyclone_Gas_Outlet_Temp,Cyclone_Gas_Outlet_Temp; Cyclone_Inlet_Draft,0,99.1,single_sensor_deviation,False,False,Cyclone_Gas_Outlet_Temp alone outside regime envelope; other sensors consistent with current regime,0.4485,0.1667,0.5735
188,2018-05-21 13:00:00,2018-05-21 19:55:00,420.0,84,100.0,49.54,18.67,1,Cyclone_Gas_Outlet_Temp,Cyclone_Gas_Outlet_Temp; Cyclone_Inlet_Draft,0,97.5,single_sensor_deviation,False,False,Cyclone_Gas_Outlet_Temp alone outside regime envelope; other sensors consistent with current regime,0.4541,0.1667,0.5727
189,2019-08-02 00:00:00,2019-08-02 01:10:00,75.0,15,100.0,38.69,17.05,3,Cyclone_Outlet_Gas_draft; Cyclone_cone_draft; Cyclone_Inlet_Draft,Cyclone_Outlet_Gas_draft; Cyclone_Inlet_Draft,0,99.9,process_correlated,False,False,"3 coupled sensors deviate together: Cyclone_Outlet_Gas_draft, Cyclone_cone_draft, Cyclone_Inlet_Draft",0.4147,0.5,0.5723
190,2018-06-18 05:00:00,2018-06-18 06:25:00,90.0,18,100.0,25.27,13.38,4,Cyclone_Inlet_Gas_Temp; Cyclone_Outlet_Gas_draft; Cyclone_cone_draft; Cyclone_Inlet_Draft,Cyclone_Outlet_Gas_draft; Cyclone_Inlet_Draft,0,99.5,process_correlated,False,False,"4 coupled sensors deviate together: Cyclone_Inlet_Gas_Temp, Cyclone_Outlet_Gas_draft, Cyclone_cone_draft, Cyclone_Inlet_Draft",0.3254,0.6667,0.5704
191,2017-12-13 15:35:00,2017-12-13 16:15:00,45.0,9,100.0,29.11,18.21,3,Cyclone_Outlet_Gas_draft; Cyclone_cone_draft; Cyclone_Inlet_Draft,Cyclone_Outlet_Gas_draft; Cyclone_Inlet_Draft,0,99.8,process_correlated,False,False,"3 coupled sensors deviate together: Cyclone_Outlet_Gas_draft, Cyclone_cone_draft, Cyclone_Inlet_Draft",0.4429,0.5,0.5703
192,2018-01-30 21:35:00,2018-01-30 22:25:00,55.0,11,100.0,33.33,17.68,3,Cyclone_Outlet_Gas_draft; Cyclone_cone_draft; Cyclone_Inlet_Draft,Cyclone_Outlet_Gas_draft; Cyclone_Inlet_Draft,0,99.5,process_correlated,False,False,"3 coupled sensors deviate together: Cyclone_Outlet_Gas_draft, Cyclone_cone_draft, Cyclone_Inlet_Draft",0.43,0.5,0.5701
193,2018-03-07 20:35:00,2018-03-07 21:00:00,30.0,6,100.0,29.33,25.3,1,Cyclone_Material_Temp,Cyclone_Material_Temp; Cyclone_cone_draft,0,97.4,instrument_fault,False,False,Cyclone_Material_Temp=0.0 in 50% of interval while gas path at 918C -> transmitter/loop failure,0.6153,0.1667,0.5698
194,2019-08-11 16:30:00,2019-08-11 21:10:00,285.0,57,94.7,11.11,7.75,5,Cyclone_Inlet_Gas_Temp; Cyclone_Material_Temp; Cyclone_Outlet_Gas_draft; Cyclone_cone_draft; Cyclone_Inlet_Draft,Cyclone_Material_Temp; Cyclone_Inlet_Draft,0,99.4,process_correlated,False,False,"5 coupled sensors deviate together: Cyclone_Inlet_Gas_Temp, Cyclone_Material_Temp, Cyclone_Outlet_Gas_draft, Cyclone_cone_draft, Cyclone_Inlet_Draft",0.1885,0.8333,0.5698
195,2020-12-04 15:30:00,2020-12-04 16:20:00,55.0,11,63.6,50.0,27.06,1,Cyclone_Material_Temp,Cyclone_Material_Temp; Cyclone_Inlet_Draft,1,97.8,single_sensor_deviation,True,False,"Cyclone_Material_Temp alone outside regime envelope; other sensors consistent with current regime | note: starting at +20 min after onset, 3 instantaneous temperature step(s) >=300C across 1 channel(s) appear in single 5-min samples, none of them crossing into the cold boundary (<100C) (e.g. Cyclone_Material_Temp 813 -> 120 C, 693C) - jumps far beyond thermal-mass limits, but NOT a recorded hot<->cold operating-state transition -> the startup/shutdown evidence chain does not apply, so the period stays rankable; scores near the step(s) carry some stale-baseline inflation | inside COLD/SHUTDOWN regime",0.6581,0.1667,0.5697
196,2020-07-17 16:35:00,2020-07-17 17:25:00,55.0,11,100.0,24.81,23.68,1,Cyclone_Material_Temp,Cyclone_Material_Temp; Cyclone_Outlet_Gas_draft,0,98.3,single_sensor_deviation,False,False,Cyclone_Material_Temp alone outside regime envelope; other sensors consistent with current regime,0.5759,0.1667,0.569
197,2018-03-13 23:15:00,2018-03-14 00:35:00,85.0,17,94.1,50.0,23.06,1,Cyclone_Material_Temp,Cyclone_Material_Temp; Cyclone_Gas_Outlet_Temp,0,98.6,single_sensor_deviation,False,False,Cyclone_Material_Temp alone outside regime envelope; other sensors consistent with current regime,0.5608,0.1667,0.5687
198,2017-12-12 18:55:00,2017-12-13 00:35:00,345.0,69,94.2,28.24,19.35,1,Cyclone_Material_Temp,Cyclone_Material_Temp; Cyclone_Outlet_Gas_draft,0,99.5,instrument_fault,False,False,Cyclone_Material_Temp at range limit 1375C in 1% of interval -> sensor saturation,0.4706,0.1667,0.5682
199,2018-08-24 22:30:00,2018-08-24 23:45:00,80.0,16,100.0,29.72,16.52,3,Cyclone_Outlet_Gas_draft; Cyclone_cone_draft; Cyclone_Inlet_Draft,Cyclone_Inlet_Draft; Cyclone_Outlet_Gas_draft,0,99.5,process_correlated,False,False,"3 coupled sensors deviate together: Cyclone_Outlet_Gas_draft, Cyclone_cone_draft, Cyclone_Inlet_Draft",0.4018,0.5,0.5678
200,2017-06-25 09:05:00,2017-06-25 09:35:00,35.0,7,100.0,36.81,21.67,2,Cyclone_Outlet_Gas_draft; Cyclone_Inlet_Draft,Cyclone_Inlet_Draft; Cyclone_Outlet_Gas_draft,0,99.6,process_correlated,False,False,"2 coupled sensors deviate together: Cyclone_Outlet_Gas_draft, Cyclone_Inlet_Draft",0.527,0.3333,0.5675
201,2017-08-13 11:15:00,2017-08-13 11:40:00,30.0,6,100.0,28.93,15.92,4,Cyclone_Inlet_Gas_Temp; Cyclone_Outlet_Gas_draft; Cyclone_cone_draft; Cyclone_Inlet_Draft,Cyclone_Outlet_Gas_draft; Cyclone_Inlet_Gas_Temp,0,99.6,process_correlated,False,False,"4 coupled sensors deviate together: Cyclone_Inlet_Gas_Temp, Cyclone_Outlet_Gas_draft, Cyclone_cone_draft, Cyclone_Inlet_Draft",0.3872,0.6667,0.5668
202,2019-11-20 16:10:00,2019-11-20 17:30:00,85.0,17,100.0,15.13,12.98,4,Cyclone_Inlet_Gas_Temp; Cyclone_Outlet_Gas_draft; Cyclone_cone_draft; Cyclone_Inlet_Draft,Cyclone_cone_draft; Cyclone_Outlet_Gas_draft,0,99.5,process_correlated,False,False,"4 coupled sensors deviate together: Cyclone_Inlet_Gas_Temp, Cyclone_Outlet_Gas_draft, Cyclone_cone_draft, Cyclone_Inlet_Draft",0.3157,0.6667,0.5637
203,2018-08-04 12:00:00,2018-08-04 12:50:00,55.0,11,100.0,25.58,17.0,3,Cyclone_Outlet_Gas_draft; Cyclone_cone_draft; Cyclone_Inlet_Draft,Cyclone_Inlet_Draft; Cyclone_Outlet_Gas_draft,0,99.6,process_correlated,False,False,"3 coupled sensors deviate together: Cyclone_Outlet_Gas_draft, Cyclone_cone_draft, Cyclone_Inlet_Draft",0.4134,0.5,0.5618
204,2017-09-14 01:10:00,2017-09-14 03:00:00,115.0,23,100.0,10.14,8.93,5,Cyclone_Inlet_Gas_Temp; Cyclone_Outlet_Gas_draft; Cyclone_cone_draft; Cyclone_Gas_Outlet_Temp; Cyclone_Inlet_Draft,Cyclone_Inlet_Gas_Temp; Cyclone_Inlet_Draft,0,98.9,process_correlated,False,False,"5 coupled sensors deviate together: Cyclone_Inlet_Gas_Temp, Cyclone_Outlet_Gas_draft, Cyclone_cone_draft, Cyclone_Gas_Outlet_Temp, Cyclone_Inlet_Draft",0.2172,0.8333,0.5611
205,2018-05-16 10:50:00,2018-05-17 23:00:00,2175.0,435,99.5,50.0,13.29,1,Cyclone_Gas_Outlet_Temp,Cyclone_Gas_Outlet_Temp; Cyclone_Inlet_Gas_Temp,0,99.6,single_sensor_deviation,False,False,"Cyclone_Gas_Outlet_Temp alone outside regime envelope; other sensors consistent with current regime | note: starting at +45 min after onset, 3 instantaneous temperature step(s) >=300C across 2 channel(s) appear in single 5-min samples, none of them crossing into the cold boundary (<100C) (e.g. Cyclone_Gas_Outlet_Temp 699 -> 346 C, 353C) - jumps far beyond thermal-mass limits, but NOT a recorded hot<->cold operating-state transition -> the startup/shutdown evidence chain does not apply, so the period stays rankable; scores near the step(s) carry some stale-baseline inflation",0.3232,0.1667,0.5593
206,2017-04-01 05:30:00,2017-04-01 06:10:00,45.0,9,100.0,27.33,17.24,3,Cyclone_Outlet_Gas_draft; Cyclone_cone_draft; Cyclone_Inlet_Draft,Cyclone_Outlet_Gas_draft; Cyclone_Inlet_Draft,0,99.7,process_correlated,False,False,"3 coupled sensors deviate together: Cyclone_Outlet_Gas_draft, Cyclone_cone_draft, Cyclone_Inlet_Draft",0.4193,0.5,0.5584
207,2018-01-09 22:15:00,2018-01-09 23:55:00,105.0,21,100.0,27.76,18.02,2,Cyclone_Inlet_Gas_Temp; Cyclone_Gas_Outlet_Temp,Cyclone_Inlet_Gas_Temp; Cyclone_Gas_Outlet_Temp,1,91.8,process_correlated,True,False,"2 coupled sensors deviate together: Cyclone_Inlet_Gas_Temp, Cyclone_Gas_Outlet_Temp | inside COLD/SHUTDOWN regime",0.4382,0.3333,0.5576
208,2018-07-03 19:10:00,2018-07-03 20:25:00,80.0,16,93.8,21.31,13.17,4,Cyclone_Outlet_Gas_draft; Cyclone_cone_draft; Cyclone_Gas_Outlet_Temp; Cyclone_Inlet_Draft,Cyclone_Outlet_Gas_draft; Cyclone_Inlet_Draft,0,99.4,process_correlated,False,False,"4 coupled sensors deviate together: Cyclone_Outlet_Gas_draft, Cyclone_cone_draft, Cyclone_Gas_Outlet_Temp, Cyclone_Inlet_Draft",0.3203,0.6667,0.5572
209,2017-12-25 06:15:00,2017-12-25 07:20:00,70.0,14,100.0,20.73,15.93,3,Cyclone_Outlet_Gas_draft; Cyclone_cone_draft; Cyclone_Inlet_Draft,Cyclone_Outlet_Gas_draft; Cyclone_Inlet_Draft,0,99.5,process_correlated,False,False,"3 coupled sensors deviate together: Cyclone_Outlet_Gas_draft, Cyclone_cone_draft, Cyclone_Inlet_Draft",0.3874,0.5,0.5564
210,2018-06-11 06:10:00,2018-06-11 06:55:00,50.0,10,100.0,27.94,16.72,3,Cyclone_Outlet_Gas_draft; Cyclone_cone_draft; Cyclone_Inlet_Draft,Cyclone_Outlet_Gas_draft; Cyclone_cone_draft,0,99.7,process_correlated,False,False,"3 coupled sensors deviate together: Cyclone_Outlet_Gas_draft, Cyclone_cone_draft, Cyclone_Inlet_Draft",0.4066,0.5,0.5554
211,2018-10-12 18:40:00,2018-10-12 19:45:00,70.0,14,92.9,13.98,10.41,5,Cyclone_Inlet_Gas_Temp; Cyclone_Outlet_Gas_draft; Cyclone_cone_draft; Cyclone_Gas_Outlet_Temp; Cyclone_Inlet_Draft,Cyclone_cone_draft; Cyclone_Gas_Outlet_Temp,0,99.6,process_correlated,False,False,"5 coupled sensors deviate together: Cyclone_Inlet_Gas_Temp, Cyclone_Outlet_Gas_draft, Cyclone_cone_draft, Cyclone_Gas_Outlet_Temp, Cyclone_Inlet_Draft",0.2532,0.8333,0.5554
212,2018-07-31 11:20:00,2018-07-31 12:25:00,70.0,14,100.0,26.15,15.81,3,Cyclone_Outlet_Gas_draft; Cyclone_cone_draft; Cyclone_Inlet_Draft,Cyclone_Outlet_Gas_draft; Cyclone_Inlet_Draft,0,99.9,process_correlated,False,False,"3 coupled sensors deviate together: Cyclone_Outlet_Gas_draft, Cyclone_cone_draft, Cyclone_Inlet_Draft",0.3845,0.5,0.5549
213,2017-02-11 15:55:00,2017-02-11 17:25:00,95.0,19,94.7,37.79,21.31,1,Cyclone_Material_Temp,Cyclone_Material_Temp; Cyclone_Outlet_Gas_draft,0,97.6,single_sensor_deviation,False,False,"Cyclone_Material_Temp alone outside regime envelope; other sensors consistent with current regime | note: starting at +40 min after onset, 5 instantaneous temperature step(s) >=300C across 1 channel(s) appear in single 5-min samples, none of them crossing into the cold boundary (<100C) (e.g. Cyclone_Material_Temp -185 -> 385 C, 570C) - jumps far beyond thermal-mass limits, but NOT a recorded hot<->cold operating-state transition -> the startup/shutdown evidence chain does not apply, so the period stays rankable; scores near the step(s) carry some stale-baseline inflation",0.5183,0.1667,0.5515
214,2017-01-06 08:15:00,2017-01-06 09:00:00,50.0,10,100.0,15.63,10.22,5,Cyclone_Inlet_Gas_Temp; Cyclone_Outlet_Gas_draft; Cyclone_cone_draft; Cyclone_Gas_Outlet_Temp; Cyclone_Inlet_Draft,Cyclone_Outlet_Gas_draft; Cyclone_Inlet_Gas_Temp,0,99.5,process_correlated,False,False,"5 coupled sensors deviate together: Cyclone_Inlet_Gas_Temp, Cyclone_Outlet_Gas_draft, Cyclone_cone_draft, Cyclone_Gas_Outlet_Temp, Cyclone_Inlet_Draft",0.2486,0.8333,0.5504
215,2017-04-29 00:30:00,2017-04-29 01:10:00,45.0,9,100.0,20.63,13.45,4,Cyclone_Inlet_Gas_Temp; Cyclone_Outlet_Gas_draft; Cyclone_cone_draft; Cyclone_Inlet_Draft,Cyclone_cone_draft; Cyclone_Outlet_Gas_draft,0,99.4,process_correlated,False,False,"4 coupled sensors deviate together: Cyclone_Inlet_Gas_Temp, Cyclone_Outlet_Gas_draft, Cyclone_cone_draft, Cyclone_Inlet_Draft",0.3271,0.6667,0.5493
216,2019-08-01 11:05:00,2019-08-01 12:25:00,85.0,17,100.0,28.8,14.81,3,Cyclone_Outlet_Gas_draft; Cyclone_cone_draft; Cyclone_Inlet_Draft,Cyclone_cone_draft; Cyclone_Outlet_Gas_draft,0,99.3,process_correlated,False,False,"3 coupled sensors deviate together: Cyclone_Outlet_Gas_draft, Cyclone_cone_draft, Cyclone_Inlet_Draft",0.3602,0.5,0.5488
217,2017-04-04 17:15:00,2017-04-04 18:00:00,50.0,10,100.0,32.79,16.17,3,Cyclone_Outlet_Gas_draft; Cyclone_cone_draft; Cyclone_Inlet_Draft,Cyclone_Outlet_Gas_draft; Cyclone_cone_draft,0,99.6,process_correlated,False,False,"3 coupled sensors deviate together: Cyclone_Outlet_Gas_draft, Cyclone_cone_draft, Cyclone_Inlet_Draft",0.3933,0.5,0.5486
218,2017-05-08 03:20:00,2017-05-08 04:05:00,50.0,10,100.0,23.38,16.17,3,Cyclone_Outlet_Gas_draft; Cyclone_cone_draft; Cyclone_Inlet_Draft,Cyclone_Outlet_Gas_draft; Cyclone_Inlet_Draft,0,99.5,process_correlated,False,False,"3 coupled sensors deviate together: Cyclone_Outlet_Gas_draft, Cyclone_cone_draft, Cyclone_Inlet_Draft",0.3933,0.5,0.5486
219,2017-05-20 09:05:00,2017-05-20 10:40:00,100.0,20,100.0,13.09,11.18,4,Cyclone_Inlet_Gas_Temp; Cyclone_Outlet_Gas_draft; Cyclone_cone_draft; Cyclone_Inlet_Draft,Cyclone_cone_draft; Cyclone_Outlet_Gas_draft,1,97.5,process_correlated,True,False,"4 coupled sensors deviate together: Cyclone_Inlet_Gas_Temp, Cyclone_Outlet_Gas_draft, Cyclone_cone_draft, Cyclone_Inlet_Draft | inside COLD/SHUTDOWN regime",0.2719,0.6667,0.5469
220,2020-05-21 11:20:00,2020-05-21 12:20:00,65.0,13,100.0,23.37,12.23,4,Cyclone_Inlet_Gas_Temp; Cyclone_Outlet_Gas_draft; Cyclone_cone_draft; Cyclone_Inlet_Draft,Cyclone_Inlet_Draft; Cyclone_Outlet_Gas_draft,0,99.9,process_correlated,False,False,"4 coupled sensors deviate together: Cyclone_Inlet_Gas_Temp, Cyclone_Outlet_Gas_draft, Cyclone_cone_draft, Cyclone_Inlet_Draft",0.2974,0.6667,0.546
221,2018-01-16 11:00:00,2018-01-16 11:55:00,60.0,12,91.7,26.65,13.01,4,Cyclone_Inlet_Gas_Temp; Cyclone_Outlet_Gas_draft; Cyclone_cone_draft; Cyclone_Inlet_Draft,Cyclone_Outlet_Gas_draft; Cyclone_Inlet_Draft,0,99.5,process_correlated,False,False,"4 coupled sensors deviate together: Cyclone_Inlet_Gas_Temp, Cyclone_Outlet_Gas_draft, Cyclone_cone_draft, Cyclone_Inlet_Draft",0.3164,0.6667,0.5437
222,2019-01-23 11:40:00,2019-01-23 12:40:00,65.0,13,100.0,33.68,15.09,3,Cyclone_Outlet_Gas_draft; Cyclone_cone_draft; Cyclone_Inlet_Draft,Cyclone_Inlet_Draft; Cyclone_Outlet_Gas_draft,0,99.5,process_correlated,False,False,"3 coupled sensors deviate together: Cyclone_Outlet_Gas_draft, Cyclone_cone_draft, Cyclone_Inlet_Draft",0.367,0.5,0.5437
223,2019-09-16 19:25:00,2019-09-16 23:00:00,220.0,44,100.0,15.66,11.9,3,Cyclone_Outlet_Gas_draft; Cyclone_cone_draft; Cyclone_Inlet_Draft,Cyclone_cone_draft; Cyclone_Inlet_Draft,1,96.7,process_correlated,True,False,"3 coupled sensors deviate together: Cyclone_Outlet_Gas_draft, Cyclone_cone_draft, Cyclone_Inlet_Draft | inside COLD/SHUTDOWN regime",0.2894,0.5,0.5436
224,2019-07-14 17:25:00,2019-07-14 18:55:00,95.0,19,89.5,50.0,20.99,1,Cyclone_Material_Temp,Cyclone_Material_Temp; Cyclone_Gas_Outlet_Temp,0,98.1,single_sensor_deviation,False,False,"Cyclone_Material_Temp alone outside regime envelope; other sensors consistent with current regime | note: starting at +5 min after onset, 10 instantaneous temperature step(s) >=300C across 1 channel(s) appear in single 5-min samples, none of them crossing into the cold boundary (<100C) (e.g. Cyclone_Material_Temp 15 -> 374 C, 359C) - jumps far beyond thermal-mass limits, but NOT a recorded hot<->cold operating-state transition -> the startup/shutdown evidence chain does not apply, so the period stays rankable; scores near the step(s) carry some stale-baseline inflation",0.5105,0.1667,0.5417
225,2019-02-08 15:40:00,2019-02-09 01:20:00,585.0,117,100.0,50.0,12.2,2,Cyclone_Outlet_Gas_draft; Cyclone_Inlet_Draft,Cyclone_Inlet_Draft; Cyclone_Outlet_Gas_draft,1,100.0,process_correlated,True,False,"2 coupled sensors deviate together: Cyclone_Outlet_Gas_draft, Cyclone_Inlet_Draft | note: an instantaneous hot<->cold jump occurs 500 min AFTER onset (3 channels); it did not create the period, so the period stays rankable, but scores after it carry some stale-baseline inflation | inside COLD/SHUTDOWN regime",0.2967,0.3333,0.5415
226,2019-10-18 17:00:00,2019-10-18 17:50:00,55.0,11,54.5,50.0,25.57,1,Cyclone_Material_Temp,Cyclone_Material_Temp; Cyclone_Inlet_Gas_Temp,1,97.8,single_sensor_deviation,True,False,Cyclone_Material_Temp alone outside regime envelope; other sensors consistent with current regime | inside COLD/SHUTDOWN regime,0.6219,0.1667,0.5413
227,2017-02-11 19:00:00,2017-02-11 20:40:00,105.0,21,100.0,31.48,19.68,1,Cyclone_Material_Temp,Cyclone_Material_Temp; Cyclone_cone_draft,0,99.4,single_sensor_deviation,False,False,Cyclone_Material_Temp alone outside regime envelope; other sensors consistent with current regime,0.4786,0.1667,0.5406
228,2017-08-22 20:05:00,2017-08-22 20:40:00,40.0,8,100.0,24.59,16.07,3,Cyclone_Outlet_Gas_draft; Cyclone_cone_draft; Cyclone_Inlet_Draft,Cyclone_Outlet_Gas_draft; Cyclone_Inlet_Draft,0,99.5,process_correlated,False,False,"3 coupled sensors deviate together: Cyclone_Outlet_Gas_draft, Cyclone_cone_draft, Cyclone_Inlet_Draft",0.3908,0.5,0.5404
229,2018-03-05 21:05:00,2018-03-05 21:45:00,45.0,9,77.8,50.0,23.84,1,Cyclone_Inlet_Gas_Temp,Cyclone_Inlet_Gas_Temp; Cyclone_Gas_Outlet_Temp,1,99.0,single_sensor_deviation,True,False,"Cyclone_Inlet_Gas_Temp alone outside regime envelope; other sensors consistent with current regime | note: starting at +40 min after onset, 1 instantaneous temperature step(s) >=300C across 1 channel(s) appear in single 5-min samples, none of them crossing into the cold boundary (<100C) (e.g. Cyclone_Gas_Outlet_Temp 853 -> 328 C, 525C) - jumps far beyond thermal-mass limits, but NOT a recorded hot<->cold operating-state transition -> the startup/shutdown evidence chain does not apply, so the period stays rankable; scores near the step(s) carry some stale-baseline inflation | inside COLD/SHUTDOWN regime",0.5798,0.1667,0.5398
230,2019-04-19 05:25:00,2019-04-19 07:15:00,115.0,23,91.3,29.23,20.16,1,Cyclone_Material_Temp,Cyclone_Material_Temp; Cyclone_Inlet_Gas_Temp,0,98.3,single_sensor_deviation,False,False,"Cyclone_Material_Temp alone outside regime envelope; other sensors consistent with current regime | note: starting at onset, 3 instantaneous temperature step(s) >=300C across 1 channel(s) appear in single 5-min samples, none of them crossing into the cold boundary (<100C) (e.g. Cyclone_Material_Temp 944 -> 492 C, 453C) - jumps far beyond thermal-mass limits, but NOT a recorded hot<->cold operating-state transition -> the startup/shutdown evidence chain does not apply, so the period stays rankable; scores near the step(s) carry some stale-baseline inflation",0.4903,0.1667,0.5397
231,2019-01-02 03:00:00,2019-01-02 04:15:00,80.0,16,100.0,29.7,14.14,3,Cyclone_Outlet_Gas_draft; Cyclone_cone_draft; Cyclone_Inlet_Draft,Cyclone_cone_draft; Cyclone_Inlet_Draft,0,99.8,process_correlated,False,False,"3 coupled sensors deviate together: Cyclone_Outlet_Gas_draft, Cyclone_cone_draft, Cyclone_Inlet_Draft",0.3439,0.5,0.5387
232,2018-06-09 00:00:00,2018-06-09 01:20:00,85.0,17,100.0,21.42,13.86,3,Cyclone_Outlet_Gas_draft; Cyclone_cone_draft; Cyclone_Inlet_Draft,Cyclone_Inlet_Draft; Cyclone_cone_draft,0,99.1,process_correlated,False,False,"3 coupled sensors deviate together: Cyclone_Outlet_Gas_draft, Cyclone_cone_draft, Cyclone_Inlet_Draft",0.3371,0.5,0.5372
233,2020-07-19 04:45:00,2020-07-19 06:25:00,105.0,21,90.5,25.12,14.1,3,Cyclone_Outlet_Gas_draft; Cyclone_cone_draft; Cyclone_Inlet_Draft,Cyclone_Outlet_Gas_draft; Cyclone_Inlet_Draft,0,99.6,process_correlated,False,False,"3 coupled sensors deviate together: Cyclone_Outlet_Gas_draft, Cyclone_cone_draft, Cyclone_Inlet_Draft | note: starting at +85 min after onset, 1 instantaneous temperature step(s) >=300C across 1 channel(s) appear in single 5-min samples, none of them crossing into the cold boundary (<100C) (e.g. Cyclone_Material_Temp 1139 -> 837 C, 302C) - jumps far beyond thermal-mass limits, but NOT a recorded hot<->cold operating-state transition -> the startup/shutdown evidence chain does not apply, so the period stays rankable; scores near the step(s) carry some stale-baseline inflation",0.3429,0.5,0.5363
234,2019-06-16 14:00:00,2019-06-16 14:35:00,40.0,8,75.0,50.0,24.04,1,Cyclone_Material_Temp,Cyclone_Material_Temp; Cyclone_Outlet_Gas_draft,1,97.5,single_sensor_deviation,True,False,"Cyclone_Material_Temp alone outside regime envelope; other sensors consistent with current regime | note: starting at +30 min after onset, 1 instantaneous temperature step(s) >=300C across 1 channel(s) appear in single 5-min samples, none of them crossing into the cold boundary (<100C) (e.g. Cyclone_Material_Temp 129 -> 812 C, 683C) - jumps far beyond thermal-mass limits, but NOT a recorded hot<->cold operating-state transition -> the startup/shutdown evidence chain does not apply, so the period stays rankable; scores near the step(s) carry some stale-baseline inflation | inside COLD/SHUTDOWN regime",0.5847,0.1667,0.5354
235,2018-04-14 09:20:00,2018-04-14 11:50:00,155.0,31,100.0,24.26,12.08,3,Cyclone_Outlet_Gas_draft; Cyclone_cone_draft; Cyclone_Inlet_Draft,Cyclone_Outlet_Gas_draft; Cyclone_Inlet_Draft,0,99.3,process_correlated,False,False,"3 coupled sensors deviate together: Cyclone_Outlet_Gas_draft, Cyclone_cone_draft, Cyclone_Inlet_Draft",0.2938,0.5,0.5346
236,2018-09-19 17:25:00,2018-09-19 18:45:00,85.0,17,100.0,50.0,19.74,1,Cyclone_Inlet_Gas_Temp,Cyclone_Inlet_Gas_Temp; Cyclone_Gas_Outlet_Temp,0,97.7,single_sensor_deviation,False,False,Cyclone_Inlet_Gas_Temp alone outside regime envelope; other sensors consistent with current regime,0.4801,0.1667,0.5346
237,2018-12-21 03:20:00,2018-12-21 04:50:00,95.0,19,94.7,35.44,13.8,3,Cyclone_Outlet_Gas_draft; Cyclone_cone_draft; Cyclone_Inlet_Draft,Cyclone_cone_draft; Cyclone_Outlet_Gas_draft,0,99.6,process_correlated,False,False,"3 coupled sensors deviate together: Cyclone_Outlet_Gas_draft, Cyclone_cone_draft, Cyclone_Inlet_Draft",0.3356,0.5,0.5341
238,2020-07-30 10:00:00,2020-07-30 13:05:00,190.0,38,89.5,21.98,9.41,4,Cyclone_Inlet_Gas_Temp; Cyclone_Outlet_Gas_draft; Cyclone_cone_draft; Cyclone_Inlet_Draft,Cyclone_Inlet_Draft; Cyclone_Outlet_Gas_draft,0,99.5,process_correlated,False,False,"4 coupled sensors deviate together: Cyclone_Inlet_Gas_Temp, Cyclone_Outlet_Gas_draft, Cyclone_cone_draft, Cyclone_Inlet_Draft",0.2289,0.6667,0.534
239,2019-03-23 02:30:00,2019-03-23 03:50:00,85.0,17,100.0,27.8,16.61,2,Cyclone_Outlet_Gas_draft; Cyclone_Inlet_Draft,Cyclone_Outlet_Gas_draft; Cyclone_Inlet_Draft,0,99.5,process_correlated,False,False,"2 coupled sensors deviate together: Cyclone_Outlet_Gas_draft, Cyclone_Inlet_Draft",0.404,0.3333,0.5336
240,2019-03-09 20:40:00,2019-03-09 22:10:00,95.0,19,94.7,22.71,13.72,3,Cyclone_Outlet_Gas_draft; Cyclone_cone_draft; Cyclone_Inlet_Draft,Cyclone_cone_draft; Cyclone_Outlet_Gas_draft,0,99.6,process_correlated,False,False,"3 coupled sensors deviate together: Cyclone_Outlet_Gas_draft, Cyclone_cone_draft, Cyclone_Inlet_Draft",0.3337,0.5,0.5331
241,2019-01-02 10:30:00,2019-01-02 12:45:00,140.0,28,100.0,12.56,9.15,4,Cyclone_Inlet_Gas_Temp; Cyclone_Outlet_Gas_draft; Cyclone_cone_draft; Cyclone_Inlet_Draft,Cyclone_Outlet_Gas_draft; Cyclone_Inlet_Draft,0,99.4,process_correlated,False,False,"4 coupled sensors deviate together: Cyclone_Inlet_Gas_Temp, Cyclone_Outlet_Gas_draft, Cyclone_cone_draft, Cyclone_Inlet_Draft",0.2225,0.6667,0.5328
242,2019-10-06 15:05:00,2019-10-06 15:35:00,35.0,7,71.4,50.0,24.43,1,Cyclone_Material_Temp,Cyclone_Material_Temp; Cyclone_Inlet_Gas_Temp,1,97.6,single_sensor_deviation,True,False,"Cyclone_Material_Temp alone outside regime envelope; other sensors consistent with current regime | note: starting at +5 min after onset, 2 instantaneous temperature step(s) >=300C across 1 channel(s) appear in single 5-min samples, none of them crossing into the cold boundary (<100C) (e.g. Cyclone_Material_Temp 814 -> 129 C, 684C) - jumps far beyond thermal-mass limits, but NOT a recorded hot<->cold operating-state transition -> the startup/shutdown evidence chain does not apply, so the period stays rankable; scores near the step(s) carry some stale-baseline inflation | inside COLD/SHUTDOWN regime",0.5941,0.1667,0.532
243,2019-10-17 17:05:00,2019-10-17 17:30:00,30.0,6,66.7,50.0,25.26,1,Cyclone_Material_Temp,Cyclone_Material_Temp; Cyclone_Inlet_Gas_Temp,1,97.6,single_sensor_deviation,True,False,Cyclone_Material_Temp alone outside regime envelope; other sensors consistent with current regime | inside COLD/SHUTDOWN regime,0.6143,0.1667,0.532
244,2017-03-26 01:20:00,2017-03-26 02:25:00,70.0,14,100.0,21.29,13.76,3,Cyclone_Inlet_Gas_Temp; Cyclone_Outlet_Gas_draft; Cyclone_Inlet_Draft,Cyclone_Inlet_Draft; Cyclone_Outlet_Gas_draft,0,99.5,process_correlated,False,False,"3 coupled sensors deviate together: Cyclone_Inlet_Gas_Temp, Cyclone_Outlet_Gas_draft, Cyclone_Inlet_Draft",0.3346,0.5,0.5298
245,2018-01-06 06:35:00,2018-01-06 07:15:00,45.0,9,100.0,24.49,20.98,1,Cyclone_Material_Temp,Cyclone_Material_Temp; Cyclone_Inlet_Gas_Temp,0,98.6,single_sensor_deviation,False,False,Cyclone_Material_Temp alone outside regime envelope; other sensors consistent with current regime,0.5102,0.1667,0.5296
246,2017-10-15 11:10:00,2017-10-15 11:45:00,40.0,8,50.0,50.0,25.73,1,Cyclone_Material_Temp,Cyclone_Material_Temp; Cyclone_Inlet_Gas_Temp,1,97.8,instrument_fault,True,False,Cyclone_Material_Temp=0.0 in 50% of interval while gas path at 31C -> transmitter/loop failure | inside COLD/SHUTDOWN regime,0.6258,0.1667,0.5281
247,2017-01-23 13:05:00,2017-01-23 14:50:00,110.0,22,100.0,15.6,9.37,4,Cyclone_Inlet_Gas_Temp; Cyclone_Outlet_Gas_draft; Cyclone_cone_draft; Cyclone_Inlet_Draft,Cyclone_Inlet_Draft; Cyclone_Inlet_Gas_Temp,0,99.3,process_correlated,False,False,"4 coupled sensors deviate together: Cyclone_Inlet_Gas_Temp, Cyclone_Outlet_Gas_draft, Cyclone_cone_draft, Cyclone_Inlet_Draft",0.2279,0.6667,0.5277
248,2019-09-23 11:50:00,2019-09-23 12:15:00,30.0,6,50.0,50.0,26.41,1,Cyclone_Material_Temp,Cyclone_Material_Temp; Cyclone_cone_draft,1,97.6,single_sensor_deviation,True,False,Cyclone_Material_Temp alone outside regime envelope; other sensors consistent with current regime | inside COLD/SHUTDOWN regime,0.6423,0.1667,0.5274
249,2018-05-28 23:55:00,2018-05-29 01:05:00,75.0,15,100.0,15.84,13.34,3,Cyclone_Outlet_Gas_draft; Cyclone_cone_draft; Cyclone_Inlet_Draft,Cyclone_Outlet_Gas_draft; Cyclone_cone_draft,0,99.1,process_correlated,False,False,"3 coupled sensors deviate together: Cyclone_Outlet_Gas_draft, Cyclone_cone_draft, Cyclone_Inlet_Draft",0.3244,0.5,0.5268
250,2018-06-08 16:25:00,2018-06-08 17:55:00,95.0,19,94.7,30.35,13.2,3,Cyclone_Outlet_Gas_draft; Cyclone_cone_draft; Cyclone_Inlet_Draft,Cyclone_Outlet_Gas_draft; Cyclone_Inlet_Draft,0,99.8,process_correlated,False,False,"3 coupled sensors deviate together: Cyclone_Outlet_Gas_draft, Cyclone_cone_draft, Cyclone_Inlet_Draft",0.321,0.5,0.5267
251,2019-04-21 07:15:00,2019-04-21 08:30:00,80.0,16,100.0,29.01,13.08,3,Cyclone_Outlet_Gas_draft; Cyclone_cone_draft; Cyclone_Inlet_Draft,Cyclone_Inlet_Draft; Cyclone_Outlet_Gas_draft,0,99.8,process_correlated,False,False,"3 coupled sensors deviate together: Cyclone_Outlet_Gas_draft, Cyclone_cone_draft, Cyclone_Inlet_Draft",0.3181,0.5,0.5257
252,2017-12-03 03:35:00,2017-12-03 04:40:00,70.0,14,100.0,23.66,16.39,2,Cyclone_Outlet_Gas_draft; Cyclone_Inlet_Draft,Cyclone_Outlet_Gas_draft; Cyclone_Inlet_Draft,0,99.5,process_correlated,False,False,"2 coupled sensors deviate together: Cyclone_Outlet_Gas_draft, Cyclone_Inlet_Draft",0.3986,0.3333,0.5247
253,2018-07-03 23:10:00,2018-07-03 23:55:00,50.0,10,100.0,12.33,8.1,5,Cyclone_Material_Temp; Cyclone_Outlet_Gas_draft; Cyclone_cone_draft; Cyclone_Gas_Outlet_Temp; Cyclone_Inlet_Draft,Cyclone_Material_Temp; Cyclone_Gas_Outlet_Temp,0,99.1,process_correlated,False,False,"5 coupled sensors deviate together: Cyclone_Material_Temp, Cyclone_Outlet_Gas_draft, Cyclone_cone_draft, Cyclone_Gas_Outlet_Temp, Cyclone_Inlet_Draft",0.197,0.8333,0.5244
254,2018-10-22 19:10:00,2018-10-22 20:25:00,80.0,16,100.0,22.2,12.88,3,Cyclone_Outlet_Gas_draft; Cyclone_cone_draft; Cyclone_Inlet_Draft,Cyclone_cone_draft; Cyclone_Outlet_Gas_draft,0,99.6,process_correlated,False,False,"3 coupled sensors deviate together: Cyclone_Outlet_Gas_draft, Cyclone_cone_draft, Cyclone_Inlet_Draft",0.3132,0.5,0.5233
255,2019-06-19 03:15:00,2019-06-19 04:35:00,85.0,17,100.0,50.0,18.81,1,Cyclone_Material_Temp,Cyclone_Material_Temp; Cyclone_Inlet_Gas_Temp,1,97.7,single_sensor_deviation,True,False,"Cyclone_Material_Temp alone outside regime envelope; other sensors consistent with current regime | note: starting at +15 min after onset, 2 instantaneous temperature step(s) >=300C across 1 channel(s) appear in single 5-min samples, none of them crossing into the cold boundary (<100C) (e.g. Cyclone_Material_Temp -185 -> 279 C, 464C) - jumps far beyond thermal-mass limits, but NOT a recorded hot<->cold operating-state transition -> the startup/shutdown evidence chain does not apply, so the period stays rankable; scores near the step(s) carry some stale-baseline inflation | inside COLD/SHUTDOWN regime",0.4575,0.1667,0.5232
256,2018-06-19 14:50:00,2018-06-19 16:05:00,80.0,16,100.0,20.94,12.8,3,Cyclone_Outlet_Gas_draft; Cyclone_cone_draft; Cyclone_Inlet_Draft,Cyclone_cone_draft; Cyclone_Inlet_Draft,0,99.3,process_correlated,False,False,"3 coupled sensors deviate together: Cyclone_Outlet_Gas_draft, Cyclone_cone_draft, Cyclone_Inlet_Draft",0.3113,0.5,0.5223
257,2019-03-08 09:35:00,2019-03-08 10:55:00,85.0,17,100.0,12.97,12.58,3,Cyclone_Outlet_Gas_draft; Cyclone_cone_draft; Cyclone_Inlet_Draft,Cyclone_Inlet_Draft; Cyclone_Outlet_Gas_draft,1,98.1,process_correlated,True,False,"3 coupled sensors deviate together: Cyclone_Outlet_Gas_draft, Cyclone_cone_draft, Cyclone_Inlet_Draft | inside COLD/SHUTDOWN regime",0.3059,0.5,0.5215
258,2020-08-04 16:25:00,2020-08-04 16:55:00,35.0,7,57.1,50.0,24.85,1,Cyclone_Material_Temp,Cyclone_Material_Temp; Cyclone_Inlet_Draft,1,97.6,single_sensor_deviation,True,False,"Cyclone_Material_Temp alone outside regime envelope; other sensors consistent with current regime | note: starting at +25 min after onset, 1 instantaneous temperature step(s) >=300C across 1 channel(s) appear in single 5-min samples, none of them crossing into the cold boundary (<100C) (e.g. Cyclone_Material_Temp 120 -> 812 C, 691C) - jumps far beyond thermal-mass limits, but NOT a recorded hot<->cold operating-state transition -> the startup/shutdown evidence chain does not apply, so the period stays rankable; scores near the step(s) carry some stale-baseline inflation | inside COLD/SHUTDOWN regime",0.6044,0.1667,0.5211
259,2017-04-19 20:25:00,2017-04-19 22:00:00,100.0,20,85.0,19.06,10.4,4,Cyclone_Inlet_Gas_Temp; Cyclone_Outlet_Gas_draft; Cyclone_cone_draft; Cyclone_Inlet_Draft,Cyclone_Outlet_Gas_draft; Cyclone_Inlet_Draft,0,99.9,process_correlated,False,False,"4 coupled sensors deviate together: Cyclone_Inlet_Gas_Temp, Cyclone_Outlet_Gas_draft, Cyclone_cone_draft, Cyclone_Inlet_Draft",0.2529,0.6667,0.5205
260,2019-09-27 16:50:00,2019-09-27 18:10:00,85.0,17,100.0,18.98,18.56,1,Cyclone_Material_Temp,Cyclone_Material_Temp; Cyclone_Inlet_Draft,1,80.2,single_sensor_deviation,True,False,Cyclone_Material_Temp alone outside regime envelope; other sensors consistent with current regime | inside COLD/SHUTDOWN regime,0.4514,0.1667,0.5202
261,2017-03-04 00:00:00,2017-03-04 01:20:00,85.0,17,100.0,23.42,12.46,3,Cyclone_Outlet_Gas_draft; Cyclone_Gas_Outlet_Temp; Cyclone_Inlet_Draft,Cyclone_Outlet_Gas_draft; Cyclone_Inlet_Draft,0,99.5,process_correlated,False,False,"3 coupled sensors deviate together: Cyclone_Outlet_Gas_draft, Cyclone_Gas_Outlet_Temp, Cyclone_Inlet_Draft",0.303,0.5,0.5201
262,2017-01-20 04:40:00,2017-01-20 05:25:00,50.0,10,100.0,17.38,10.63,4,Cyclone_Inlet_Gas_Temp; Cyclone_Outlet_Gas_draft; Cyclone_cone_draft; Cyclone_Inlet_Draft,Cyclone_Outlet_Gas_draft; Cyclone_Inlet_Draft,0,99.5,process_correlated,False,False,"4 coupled sensors deviate together: Cyclone_Inlet_Gas_Temp, Cyclone_Outlet_Gas_draft, Cyclone_cone_draft, Cyclone_Inlet_Draft",0.2585,0.6667,0.5181
263,2018-08-23 12:55:00,2018-08-23 15:45:00,175.0,35,88.6,24.66,17.54,1,Cyclone_Material_Temp,Cyclone_Material_Temp; Cyclone_Inlet_Draft,0,98.5,single_sensor_deviation,False,False,"Cyclone_Material_Temp alone outside regime envelope; other sensors consistent with current regime | note: starting at +35 min after onset, 4 instantaneous temperature step(s) >=300C across 1 channel(s) appear in single 5-min samples, none of them crossing into the cold boundary (<100C) (e.g. Cyclone_Material_Temp 940 -> 301 C, 639C) - jumps far beyond thermal-mass limits, but NOT a recorded hot<->cold operating-state transition -> the startup/shutdown evidence chain does not apply, so the period stays rankable; scores near the step(s) carry some stale-baseline inflation",0.4266,0.1667,0.518
264,2019-09-15 08:55:00,2019-09-15 09:55:00,65.0,13,100.0,14.1,12.94,3,Cyclone_Outlet_Gas_draft; Cyclone_cone_draft; Cyclone_Inlet_Draft,Cyclone_Inlet_Draft; Cyclone_Outlet_Gas_draft,1,96.9,process_correlated,True,False,"3 coupled sensors deviate together: Cyclone_Outlet_Gas_draft, Cyclone_cone_draft, Cyclone_Inlet_Draft | inside COLD/SHUTDOWN regime",0.3147,0.5,0.5174
265,2019-02-03 00:00:00,2019-02-03 01:30:00,95.0,19,94.7,26.58,18.52,1,Cyclone_Gas_Outlet_Temp,Cyclone_Gas_Outlet_Temp; Cyclone_Inlet_Gas_Temp,0,98.4,single_sensor_deviation,False,False,Cyclone_Gas_Outlet_Temp alone outside regime envelope; other sensors consistent with current regime,0.4504,0.1667,0.5173
266,2019-09-21 20:40:00,2019-09-21 21:05:00,30.0,6,50.0,50.0,25.51,1,Cyclone_Material_Temp,Cyclone_Material_Temp; Cyclone_Inlet_Gas_Temp,1,97.9,single_sensor_deviation,True,False,"Cyclone_Material_Temp alone outside regime envelope; other sensors consistent with current regime | note: starting at +25 min after onset, 1 instantaneous temperature step(s) >=300C across 1 channel(s) appear in single 5-min samples, none of them crossing into the cold boundary (<100C) (e.g. Cyclone_Material_Temp 178 -> 900 C, 722C) - jumps far beyond thermal-mass limits, but NOT a recorded hot<->cold operating-state transition -> the startup/shutdown evidence chain does not apply, so the period stays rankable; scores near the step(s) carry some stale-baseline inflation | inside COLD/SHUTDOWN regime",0.6204,0.1667,0.5164
267,2019-03-31 15:45:00,2019-03-31 16:10:00,30.0,6,100.0,20.37,14.77,3,Cyclone_Outlet_Gas_draft; Cyclone_cone_draft; Cyclone_Inlet_Draft,Cyclone_Inlet_Draft; Cyclone_Outlet_Gas_draft,0,99.0,process_correlated,False,False,"3 coupled sensors deviate together: Cyclone_Outlet_Gas_draft, Cyclone_cone_draft, Cyclone_Inlet_Draft",0.3592,0.5,0.5154
268,2018-08-21 12:10:00,2018-08-21 13:00:00,55.0,11,100.0,22.98,13.17,3,Cyclone_Outlet_Gas_draft; Cyclone_cone_draft; Cyclone_Inlet_Draft,Cyclone_Inlet_Draft; Cyclone_Outlet_Gas_draft,0,99.8,process_correlated,False,False,"3 coupled sensors deviate together: Cyclone_Outlet_Gas_draft, Cyclone_cone_draft, Cyclone_Inlet_Draft",0.3203,0.5,0.5149
269,2019-01-12 00:00:00,2019-01-12 10:15:00,620.0,124,100.0,50.0,12.89,1,Cyclone_Inlet_Gas_Temp,Cyclone_Inlet_Gas_Temp; Cyclone_Gas_Outlet_Temp,1,100.0,single_sensor_deviation,True,False,"Cyclone_Inlet_Gas_Temp alone outside regime envelope; other sensors consistent with current regime | note: starting at onset, 2 instantaneous temperature step(s) >=300C across 2 channel(s) appear in single 5-min samples, none of them crossing into the cold boundary (<100C) (e.g. Cyclone_Inlet_Gas_Temp 880 -> 118 C, 762C) - jumps far beyond thermal-mass limits, but NOT a recorded hot<->cold operating-state transition -> the startup/shutdown evidence chain does not apply, so the period stays rankable; scores near the step(s) carry some stale-baseline inflation | inside COLD/SHUTDOWN regime",0.3135,0.1667,0.5145
270,2020-05-26 11:10:00,2020-05-26 12:25:00,80.0,16,93.8,25.64,12.64,3,Cyclone_Outlet_Gas_draft; Cyclone_cone_draft; Cyclone_Inlet_Draft,Cyclone_Outlet_Gas_draft; Cyclone_cone_draft,0,99.5,process_correlated,False,False,"3 coupled sensors deviate together: Cyclone_Outlet_Gas_draft, Cyclone_cone_draft, Cyclone_Inlet_Draft",0.3074,0.5,0.5134
271,2019-01-21 21:20:00,2019-01-21 22:40:00,85.0,17,76.5,43.99,20.11,1,Cyclone_Material_Temp,Cyclone_Material_Temp; Cyclone_Inlet_Gas_Temp,0,98.7,single_sensor_deviation,False,False,"Cyclone_Material_Temp alone outside regime envelope; other sensors consistent with current regime | note: starting at +65 min after onset, 3 instantaneous temperature step(s) >=300C across 1 channel(s) appear in single 5-min samples, none of them crossing into the cold boundary (<100C) (e.g. Cyclone_Material_Temp 980 -> 641 C, 339C) - jumps far beyond thermal-mass limits, but NOT a recorded hot<->cold operating-state transition -> the startup/shutdown evidence chain does not apply, so the period stays rankable; scores near the step(s) carry some stale-baseline inflation",0.4891,0.1667,0.5128
272,2019-04-22 02:45:00,2019-04-22 05:05:00,145.0,29,79.3,34.45,18.45,1,Cyclone_Material_Temp,Cyclone_Material_Temp; Cyclone_Inlet_Gas_Temp,0,98.8,single_sensor_deviation,False,False,"Cyclone_Material_Temp alone outside regime envelope; other sensors consistent with current regime | note: starting at +80 min after onset, 1 instantaneous temperature step(s) >=300C across 1 channel(s) appear in single 5-min samples, none of them crossing into the cold boundary (<100C) (e.g. Cyclone_Material_Temp 130 -> 979 C, 850C) - jumps far beyond thermal-mass limits, but NOT a recorded hot<->cold operating-state transition -> the startup/shutdown evidence chain does not apply, so the period stays rankable; scores near the step(s) carry some stale-baseline inflation",0.4487,0.1667,0.5127
273,2018-12-05 10:15:00,2018-12-05 11:00:00,50.0,10,90.0,45.76,20.23,1,Cyclone_Material_Temp,Cyclone_Material_Temp; Cyclone_Inlet_Draft,0,96.6,single_sensor_deviation,False,False,"Cyclone_Material_Temp alone outside regime envelope; other sensors consistent with current regime | note: starting at +25 min after onset, 4 instantaneous temperature step(s) >=300C across 1 channel(s) appear in single 5-min samples, none of them crossing into the cold boundary (<100C) (e.g. Cyclone_Material_Temp 1109 -> 711 C, 398C) - jumps far beyond thermal-mass limits, but NOT a recorded hot<->cold operating-state transition -> the startup/shutdown evidence chain does not apply, so the period stays rankable; scores near the step(s) carry some stale-baseline inflation",0.492,0.1667,0.5126
274,2017-06-11 10:35:00,2017-06-11 13:20:00,170.0,34,91.2,29.77,16.82,1,Cyclone_Material_Temp,Cyclone_Material_Temp; Cyclone_Inlet_Gas_Temp,0,98.4,single_sensor_deviation,False,False,"Cyclone_Material_Temp alone outside regime envelope; other sensors consistent with current regime | note: starting at +100 min after onset, 2 instantaneous temperature step(s) >=300C across 1 channel(s) appear in single 5-min samples, none of them crossing into the cold boundary (<100C) (e.g. Cyclone_Material_Temp -3 -> 334 C, 337C) - jumps far beyond thermal-mass limits, but NOT a recorded hot<->cold operating-state transition -> the startup/shutdown evidence chain does not apply, so the period stays rankable; scores near the step(s) carry some stale-baseline inflation",0.4091,0.1667,0.5112
275,2018-03-07 00:00:00,2018-03-07 01:25:00,90.0,18,100.0,18.91,11.58,3,Cyclone_Outlet_Gas_draft; Cyclone_cone_draft; Cyclone_Inlet_Draft,Cyclone_Outlet_Gas_draft; Cyclone_cone_draft,0,99.6,process_correlated,False,False,"3 coupled sensors deviate together: Cyclone_Outlet_Gas_draft, Cyclone_cone_draft, Cyclone_Inlet_Draft",0.2816,0.5,0.5111
276,2019-11-22 00:35:00,2019-11-22 01:25:00,55.0,11,100.0,21.52,12.82,3,Cyclone_Outlet_Gas_draft; Cyclone_cone_draft; Cyclone_Inlet_Draft,Cyclone_cone_draft; Cyclone_Outlet_Gas_draft,0,99.0,process_correlated,False,False,"3 coupled sensors deviate together: Cyclone_Outlet_Gas_draft, Cyclone_cone_draft, Cyclone_Inlet_Draft",0.3118,0.5,0.5106
277,2018-05-25 05:55:00,2018-05-25 06:40:00,50.0,10,100.0,13.05,9.98,4,Cyclone_Outlet_Gas_draft; Cyclone_cone_draft; Cyclone_Gas_Outlet_Temp; Cyclone_Inlet_Draft,Cyclone_Outlet_Gas_draft; Cyclone_Inlet_Draft,0,99.2,process_correlated,False,False,"4 coupled sensors deviate together: Cyclone_Outlet_Gas_draft, Cyclone_cone_draft, Cyclone_Gas_Outlet_Temp, Cyclone_Inlet_Draft",0.2427,0.6667,0.5101
278,2018-07-30 00:10:00,2018-07-30 02:40:00,155.0,31,100.0,8.44,7.03,4,Cyclone_Inlet_Gas_Temp; Cyclone_Outlet_Gas_draft; Cyclone_cone_draft; Cyclone_Inlet_Draft,Cyclone_Inlet_Draft; Cyclone_cone_draft,0,98.6,process_correlated,False,False,"4 coupled sensors deviate together: Cyclone_Inlet_Gas_Temp, Cyclone_Outlet_Gas_draft, Cyclone_cone_draft, Cyclone_Inlet_Draft",0.171,0.6667,0.5101
279,2018-05-20 07:35:00,2018-05-20 09:20:00,110.0,22,100.0,27.13,17.03,1,Cyclone_Gas_Outlet_Temp,Cyclone_Gas_Outlet_Temp; Cyclone_Inlet_Draft,0,98.4,single_sensor_deviation,False,False,Cyclone_Gas_Outlet_Temp alone outside regime envelope; other sensors consistent with current regime,0.4142,0.1667,0.5097
280,2017-10-20 02:50:00,2017-10-20 04:35:00,110.0,22,100.0,10.26,7.82,4,Cyclone_Inlet_Gas_Temp; Cyclone_Outlet_Gas_draft; Cyclone_cone_draft; Cyclone_Inlet_Draft,Cyclone_cone_draft; Cyclone_Inlet_Draft,0,99.5,process_correlated,False,False,"4 coupled sensors deviate together: Cyclone_Inlet_Gas_Temp, Cyclone_Outlet_Gas_draft, Cyclone_cone_draft, Cyclone_Inlet_Draft",0.1902,0.6667,0.5088
281,2017-05-31 17:25:00,2017-05-31 18:45:00,85.0,17,88.2,15.8,9.5,4,Cyclone_Inlet_Gas_Temp; Cyclone_Outlet_Gas_draft; Cyclone_cone_draft; Cyclone_Inlet_Draft,Cyclone_Inlet_Draft; Cyclone_cone_draft,0,99.6,process_correlated,False,False,"4 coupled sensors deviate together: Cyclone_Inlet_Gas_Temp, Cyclone_Outlet_Gas_draft, Cyclone_cone_draft, Cyclone_Inlet_Draft",0.231,0.6667,0.5079
282,2017-01-28 16:35:00,2017-01-28 17:40:00,70.0,14,92.9,27.79,12.5,3,Cyclone_Outlet_Gas_draft; Cyclone_cone_draft; Cyclone_Inlet_Draft,Cyclone_Outlet_Gas_draft; Cyclone_Inlet_Draft,0,99.4,process_correlated,False,False,"3 coupled sensors deviate together: Cyclone_Outlet_Gas_draft, Cyclone_cone_draft, Cyclone_Inlet_Draft",0.304,0.5,0.5064
283,2017-04-22 19:10:00,2017-04-22 19:45:00,40.0,8,100.0,21.49,13.26,3,Cyclone_Outlet_Gas_draft; Cyclone_cone_draft; Cyclone_Inlet_Draft,Cyclone_Outlet_Gas_draft; Cyclone_cone_draft,0,99.7,process_correlated,False,False,"3 coupled sensors deviate together: Cyclone_Outlet_Gas_draft, Cyclone_cone_draft, Cyclone_Inlet_Draft",0.3225,0.5,0.506
284,2018-03-14 06:30:00,2018-03-18 05:15:00,5690.0,1138,99.5,17.36,6.32,1,Cyclone_Gas_Outlet_Temp,Cyclone_Gas_Outlet_Temp; Cyclone_Material_Temp,0,99.5,single_sensor_deviation,False,False,Cyclone_Gas_Outlet_Temp alone outside regime envelope; other sensors consistent with current regime,0.1537,0.1667,0.5049
285,2018-07-19 06:50:00,2018-07-19 08:30:00,105.0,21,81.0,28.99,12.39,3,Cyclone_Outlet_Gas_draft; Cyclone_cone_draft; Cyclone_Inlet_Draft,Cyclone_Outlet_Gas_draft; Cyclone_Inlet_Draft,0,99.9,process_correlated,False,False,"3 coupled sensors deviate together: Cyclone_Outlet_Gas_draft, Cyclone_cone_draft, Cyclone_Inlet_Draft",0.3013,0.5,0.5047
286,2017-09-12 09:00:00,2017-09-12 09:50:00,55.0,11,100.0,16.7,12.25,3,Cyclone_Inlet_Gas_Temp; Cyclone_Material_Temp; Cyclone_Gas_Outlet_Temp,Cyclone_Gas_Outlet_Temp; Cyclone_Material_Temp,0,98.6,process_correlated,False,False,"3 coupled sensors deviate together: Cyclone_Inlet_Gas_Temp, Cyclone_Material_Temp, Cyclone_Gas_Outlet_Temp",0.2979,0.5,0.5037
287,2019-10-19 03:15:00,2019-10-19 04:40:00,90.0,18,50.0,50.0,21.6,1,Cyclone_Material_Temp,Cyclone_Material_Temp; Cyclone_Inlet_Gas_Temp,1,97.6,instrument_fault,True,False,Cyclone_Material_Temp=0.0 in 50% of interval while gas path at 30C -> transmitter/loop failure | inside COLD/SHUTDOWN regime,0.5253,0.1667,0.5033
288,2020-07-03 15:00:00,2020-07-03 21:05:00,370.0,74,100.0,30.17,13.33,1,Cyclone_Material_Temp,Cyclone_Material_Temp; Cyclone_Inlet_Draft,0,96.7,single_sensor_deviation,False,False,Cyclone_Material_Temp alone outside regime envelope; other sensors consistent with current regime,0.3242,0.1667,0.5033
289,2018-02-28 18:55:00,2018-02-28 20:30:00,100.0,20,90.0,26.97,11.5,3,Cyclone_Outlet_Gas_draft; Cyclone_cone_draft; Cyclone_Inlet_Draft,Cyclone_Outlet_Gas_draft; Cyclone_Inlet_Draft,0,99.6,process_correlated,False,False,"3 coupled sensors deviate together: Cyclone_Outlet_Gas_draft, Cyclone_cone_draft, Cyclone_Inlet_Draft",0.2797,0.5,0.5023
290,2017-06-14 11:30:00,2017-06-14 12:30:00,65.0,13,84.6,19.68,10.06,4,Cyclone_Outlet_Gas_draft; Cyclone_cone_draft; Cyclone_Gas_Outlet_Temp; Cyclone_Inlet_Draft,Cyclone_Outlet_Gas_draft; Cyclone_Inlet_Draft,0,99.8,process_correlated,False,False,"4 coupled sensors deviate together: Cyclone_Outlet_Gas_draft, Cyclone_cone_draft, Cyclone_Gas_Outlet_Temp, Cyclone_Inlet_Draft",0.2447,0.6667,0.5022
291,2017-07-20 20:40:00,2017-07-20 23:30:00,175.0,35,100.0,29.77,15.1,1,Cyclone_Material_Temp,Cyclone_Material_Temp; Cyclone_Outlet_Gas_draft,0,96.8,single_sensor_deviation,False,False,"Cyclone_Material_Temp alone outside regime envelope; other sensors consistent with current regime | note: starting at +10 min after onset, 2 instantaneous temperature step(s) >=300C across 1 channel(s) appear in single 5-min samples, none of them crossing into the cold boundary (<100C) (e.g. Cyclone_Material_Temp -185 -> 397 C, 582C) - jumps far beyond thermal-mass limits, but NOT a recorded hot<->cold operating-state transition -> the startup/shutdown evidence chain does not apply, so the period stays rankable; scores near the step(s) carry some stale-baseline inflation",0.3672,0.1667,0.5009
292,2017-04-20 08:05:00,2017-04-20 09:05:00,65.0,13,92.3,22.9,18.31,1,Cyclone_Material_Temp,Cyclone_Material_Temp; Cyclone_Outlet_Gas_draft,0,98.7,single_sensor_deviation,False,False,Cyclone_Material_Temp alone outside regime envelope; other sensors consistent with current regime,0.4453,0.1667,0.4999
293,2020-09-04 13:35:00,2020-09-04 14:45:00,75.0,15,53.3,50.0,21.48,1,Cyclone_Material_Temp,Cyclone_Material_Temp; Cyclone_Inlet_Draft,1,97.9,single_sensor_deviation,True,False,"Cyclone_Material_Temp alone outside regime envelope; other sensors consistent with current regime | note: starting at +70 min after onset, 1 instantaneous temperature step(s) >=300C across 1 channel(s) appear in single 5-min samples, none of them crossing into the cold boundary (<100C) (e.g. Cyclone_Material_Temp 900 -> 118 C, 782C) - jumps far beyond thermal-mass limits, but NOT a recorded hot<->cold operating-state transition -> the startup/shutdown evidence chain does not apply, so the period stays rankable; scores near the step(s) carry some stale-baseline inflation | inside COLD/SHUTDOWN regime",0.5224,0.1667,0.4997
294,2017-04-11 09:10:00,2017-04-11 10:20:00,75.0,15,86.7,23.81,12.31,3,Cyclone_Outlet_Gas_draft; Cyclone_cone_draft; Cyclone_Inlet_Draft,Cyclone_Outlet_Gas_draft; Cyclone_Inlet_Draft,0,99.8,process_correlated,False,False,"3 coupled sensors deviate together: Cyclone_Outlet_Gas_draft, Cyclone_cone_draft, Cyclone_Inlet_Draft",0.2994,0.5,0.4994
295,2017-03-29 21:40:00,2017-03-29 22:25:00,50.0,10,100.0,22.19,15.06,2,Cyclone_Outlet_Gas_draft; Cyclone_Inlet_Draft,Cyclone_Outlet_Gas_draft; Cyclone_Inlet_Draft,0,99.5,process_correlated,False,False,"2 coupled sensors deviate together: Cyclone_Outlet_Gas_draft, Cyclone_Inlet_Draft",0.3663,0.3333,0.4977
296,2019-11-19 00:20:00,2019-11-19 01:10:00,55.0,11,72.7,50.0,14.15,3,Cyclone_Outlet_Gas_draft; Cyclone_cone_draft; Cyclone_Inlet_Draft,Cyclone_Outlet_Gas_draft; Cyclone_Inlet_Draft,1,99.1,process_correlated,True,False,"3 coupled sensors deviate together: Cyclone_Outlet_Gas_draft, Cyclone_cone_draft, Cyclone_Inlet_Draft | inside COLD/SHUTDOWN regime",0.3441,0.5,0.4964
297,2017-01-26 09:10:00,2017-01-26 10:20:00,75.0,15,100.0,24.28,13.79,2,Cyclone_cone_draft; Cyclone_Inlet_Draft,Cyclone_Inlet_Draft; Cyclone_cone_draft,0,99.4,process_correlated,False,False,"2 coupled sensors deviate together: Cyclone_cone_draft, Cyclone_Inlet_Draft",0.3354,0.3333,0.4951
298,2017-12-27 17:35:00,2017-12-27 18:20:00,50.0,10,100.0,20.22,11.79,3,Cyclone_Outlet_Gas_draft; Cyclone_cone_draft; Cyclone_Inlet_Draft,Cyclone_Outlet_Gas_draft; Cyclone_Inlet_Draft,0,99.5,process_correlated,False,False,"3 coupled sensors deviate together: Cyclone_Outlet_Gas_draft, Cyclone_cone_draft, Cyclone_Inlet_Draft",0.2867,0.5,0.495
299,2019-02-02 09:30:00,2019-02-02 10:15:00,50.0,10,100.0,16.58,11.79,3,Cyclone_Outlet_Gas_draft; Cyclone_cone_draft; Cyclone_Inlet_Draft,Cyclone_cone_draft; Cyclone_Outlet_Gas_draft,0,99.5,process_correlated,False,False,"3 coupled sensors deviate together: Cyclone_Outlet_Gas_draft, Cyclone_cone_draft, Cyclone_Inlet_Draft",0.2867,0.5,0.495
300,2019-04-19 07:55:00,2019-04-19 09:45:00,115.0,23,78.3,26.1,17.68,1,Cyclone_Material_Temp,Cyclone_Material_Temp; Cyclone_Outlet_Gas_draft,0,98.3,single_sensor_deviation,False,False,Cyclone_Material_Temp alone outside regime envelope; other sensors consistent with current regime,0.43,0.1667,0.4948
301,2018-03-18 06:40:00,2018-03-19 14:55:00,1940.0,388,99.2,23.62,8.35,1,Cyclone_Gas_Outlet_Temp,Cyclone_Gas_Outlet_Temp; Cyclone_Inlet_Gas_Temp,0,99.5,single_sensor_deviation,False,False,Cyclone_Gas_Outlet_Temp alone outside regime envelope; other sensors consistent with current regime,0.2031,0.1667,0.4947
302,2017-07-10 03:20:00,2017-07-10 04:20:00,65.0,13,100.0,39.29,17.11,1,Cyclone_Material_Temp,Cyclone_Material_Temp; Cyclone_Inlet_Gas_Temp,1,95.7,instrument_fault,True,False,Cyclone_Material_Temp=0.0 in 69% of interval while gas path at 31C -> transmitter/loop failure | inside COLD/SHUTDOWN regime,0.4161,0.1667,0.4939
303,2020-08-03 00:00:00,2020-08-03 08:35:00,520.0,104,98.1,30.15,11.84,1,Cyclone_Material_Temp,Cyclone_Material_Temp; Cyclone_Inlet_Draft,0,98.8,single_sensor_deviation,False,False,"Cyclone_Material_Temp alone outside regime envelope; other sensors consistent with current regime | note: starting at onset, 1 instantaneous temperature step(s) >=300C across 1 channel(s) appear in single 5-min samples, none of them crossing into the cold boundary (<100C) (e.g. Cyclone_Material_Temp 929 -> 520 C, 409C) - jumps far beyond thermal-mass limits, but NOT a recorded hot<->cold operating-state transition -> the startup/shutdown evidence chain does not apply, so the period stays rankable; scores near the step(s) carry some stale-baseline inflation",0.2879,0.1667,0.4938
304,2018-01-02 00:00:00,2018-01-02 01:20:00,85.0,17,100.0,15.12,10.31,3,Cyclone_Outlet_Gas_draft; Cyclone_cone_draft; Cyclone_Inlet_Draft,Cyclone_Outlet_Gas_draft; Cyclone_Inlet_Draft,0,99.3,process_correlated,False,False,"3 coupled sensors deviate together: Cyclone_Outlet_Gas_draft, Cyclone_cone_draft, Cyclone_Inlet_Draft",0.2507,0.5,0.4937
305,2020-02-03 17:20:00,2020-02-03 18:15:00,60.0,12,91.7,22.07,11.95,3,Cyclone_Outlet_Gas_draft; Cyclone_cone_draft; Cyclone_Inlet_Draft,Cyclone_Outlet_Gas_draft; Cyclone_Inlet_Draft,0,99.5,process_correlated,False,False,"3 coupled sensors deviate together: Cyclone_Outlet_Gas_draft, Cyclone_cone_draft, Cyclone_Inlet_Draft",0.2906,0.5,0.4934
306,2017-10-07 12:05:00,2017-10-07 13:05:00,65.0,13,92.3,24.79,17.69,1,Cyclone_Material_Temp,Cyclone_Material_Temp; Cyclone_cone_draft,0,98.2,single_sensor_deviation,False,False,Cyclone_Material_Temp alone outside regime envelope; other sensors consistent with current regime,0.4302,0.1667,0.4924
307,2019-08-27 01:50:00,2019-08-27 02:15:00,30.0,6,66.7,34.08,22.01,1,Cyclone_Material_Temp,Cyclone_Material_Temp; Cyclone_Gas_Outlet_Temp,0,97.3,instrument_fault,False,False,Cyclone_Material_Temp=0.0 in 50% of interval while gas path at 888C -> transmitter/loop failure,0.5353,0.1667,0.4922
308,2017-12-29 06:50:00,2017-12-29 07:45:00,60.0,12,100.0,15.26,11.07,3,Cyclone_Outlet_Gas_draft; Cyclone_cone_draft; Cyclone_Inlet_Draft,Cyclone_Inlet_Draft; Cyclone_Outlet_Gas_draft,0,99.0,process_correlated,False,False,"3 coupled sensors deviate together: Cyclone_Outlet_Gas_draft, Cyclone_cone_draft, Cyclone_Inlet_Draft",0.2692,0.5,0.492
309,2018-10-12 15:20:00,2018-10-12 17:00:00,105.0,21,85.7,28.51,13.95,2,Cyclone_Inlet_Gas_Temp; Cyclone_Material_Temp,Cyclone_Inlet_Gas_Temp; Cyclone_Material_Temp,0,96.5,process_correlated,False,False,"2 coupled sensors deviate together: Cyclone_Inlet_Gas_Temp, Cyclone_Material_Temp",0.3393,0.3333,0.4917
310,2018-08-11 13:25:00,2018-08-11 14:00:00,40.0,8,100.0,16.22,11.97,3,Cyclone_Outlet_Gas_draft; Cyclone_cone_draft; Cyclone_Inlet_Draft,Cyclone_Outlet_Gas_draft; Cyclone_cone_draft,0,99.6,process_correlated,False,False,"3 coupled sensors deviate together: Cyclone_Outlet_Gas_draft, Cyclone_cone_draft, Cyclone_Inlet_Draft",0.2911,0.5,0.4902
311,2018-07-03 07:20:00,2018-07-03 08:00:00,45.0,9,100.0,18.5,11.62,3,Cyclone_Outlet_Gas_draft; Cyclone_cone_draft; Cyclone_Inlet_Draft,Cyclone_Outlet_Gas_draft; Cyclone_Inlet_Draft,0,99.5,process_correlated,False,False,"3 coupled sensors deviate together: Cyclone_Outlet_Gas_draft, Cyclone_cone_draft, Cyclone_Inlet_Draft",0.2826,0.5,0.4896
312,2017-07-29 04:20:00,2017-07-29 04:55:00,40.0,8,100.0,15.28,11.85,3,Cyclone_Outlet_Gas_draft; Cyclone_cone_draft; Cyclone_Inlet_Draft,Cyclone_Outlet_Gas_draft; Cyclone_Inlet_Draft,0,99.3,process_correlated,False,False,"3 coupled sensors deviate together: Cyclone_Outlet_Gas_draft, Cyclone_cone_draft, Cyclone_Inlet_Draft",0.2882,0.5,0.4887
313,2017-02-22 12:35:00,2017-02-22 13:00:00,30.0,6,100.0,12.26,9.52,4,Cyclone_Inlet_Gas_Temp; Cyclone_Outlet_Gas_draft; Cyclone_cone_draft; Cyclone_Inlet_Draft,Cyclone_Inlet_Gas_Temp; Cyclone_Outlet_Gas_draft,0,99.5,process_correlated,False,False,"4 coupled sensors deviate together: Cyclone_Inlet_Gas_Temp, Cyclone_Outlet_Gas_draft, Cyclone_cone_draft, Cyclone_Inlet_Draft",0.2315,0.6667,0.4884
314,2017-08-20 00:10:00,2017-08-20 00:45:00,40.0,8,100.0,16.43,11.82,3,Cyclone_Outlet_Gas_draft; Cyclone_cone_draft; Cyclone_Inlet_Draft,Cyclone_Outlet_Gas_draft; Cyclone_Inlet_Draft,0,99.2,process_correlated,False,False,"3 coupled sensors deviate together: Cyclone_Outlet_Gas_draft, Cyclone_cone_draft, Cyclone_Inlet_Draft",0.2875,0.5,0.4883
315,2018-10-12 00:00:00,2018-10-12 01:10:00,75.0,15,100.0,16.3,10.15,3,Cyclone_Outlet_Gas_draft; Cyclone_cone_draft; Cyclone_Inlet_Draft,Cyclone_Outlet_Gas_draft; Cyclone_Inlet_Draft,0,99.0,process_correlated,False,False,"3 coupled sensors deviate together: Cyclone_Outlet_Gas_draft, Cyclone_cone_draft, Cyclone_Inlet_Draft",0.2468,0.5,0.4878
316,2017-04-29 13:55:00,2017-04-29 14:20:00,30.0,6,100.0,24.06,12.47,3,Cyclone_Outlet_Gas_draft; Cyclone_cone_draft; Cyclone_Inlet_Draft,Cyclone_Outlet_Gas_draft; Cyclone_Inlet_Draft,0,99.9,process_correlated,False,False,"3 coupled sensors deviate together: Cyclone_Outlet_Gas_draft, Cyclone_cone_draft, Cyclone_Inlet_Draft",0.3033,0.5,0.4873
317,2017-12-28 11:10:00,2017-12-28 12:05:00,60.0,12,91.7,20.43,11.25,3,Cyclone_Outlet_Gas_draft; Cyclone_cone_draft; Cyclone_Inlet_Draft,Cyclone_Outlet_Gas_draft; Cyclone_Inlet_Draft,0,99.4,process_correlated,False,False,"3 coupled sensors deviate together: Cyclone_Outlet_Gas_draft, Cyclone_cone_draft, Cyclone_Inlet_Draft",0.2736,0.5,0.4849
318,2017-10-07 00:00:00,2017-10-07 00:45:00,50.0,10,100.0,14.53,10.83,3,Cyclone_Outlet_Gas_draft; Cyclone_cone_draft; Cyclone_Inlet_Draft,Cyclone_cone_draft; Cyclone_Outlet_Gas_draft,0,98.8,process_correlated,False,False,"3 coupled sensors deviate together: Cyclone_Outlet_Gas_draft, Cyclone_cone_draft, Cyclone_Inlet_Draft",0.2634,0.5,0.4832
319,2018-08-31 10:30:00,2018-08-31 11:50:00,85.0,17,100.0,21.42,9.45,3,Cyclone_Outlet_Gas_draft; Cyclone_cone_draft; Cyclone_Inlet_Draft,Cyclone_cone_draft; Cyclone_Outlet_Gas_draft,1,95.7,process_correlated,True,False,"3 coupled sensors deviate together: Cyclone_Outlet_Gas_draft, Cyclone_cone_draft, Cyclone_Inlet_Draft | inside COLD/SHUTDOWN regime",0.2298,0.5,0.4832
320,2018-06-19 16:55:00,2018-06-19 18:55:00,125.0,25,88.0,8.52,6.49,4,Cyclone_Inlet_Gas_Temp; Cyclone_Outlet_Gas_draft; Cyclone_cone_draft; Cyclone_Inlet_Draft,Cyclone_Inlet_Gas_Temp; Cyclone_Inlet_Draft,0,97.7,process_correlated,False,False,"4 coupled sensors deviate together: Cyclone_Inlet_Gas_Temp, Cyclone_Outlet_Gas_draft, Cyclone_cone_draft, Cyclone_Inlet_Draft",0.1578,0.6667,0.4831
321,2017-01-02 12:55:00,2017-01-02 13:45:00,55.0,11,100.0,22.98,13.59,2,Cyclone_Outlet_Gas_draft; Cyclone_Inlet_Draft,Cyclone_Outlet_Gas_draft; Cyclone_Inlet_Draft,0,99.4,process_correlated,False,False,"2 coupled sensors deviate together: Cyclone_Outlet_Gas_draft, Cyclone_Inlet_Draft",0.3305,0.3333,0.4828
322,2019-02-10 03:20:00,2019-02-10 04:40:00,85.0,17,100.0,11.07,9.42,3,Cyclone_Outlet_Gas_draft; Cyclone_cone_draft; Cyclone_Inlet_Draft,Cyclone_Inlet_Draft; Cyclone_Outlet_Gas_draft,1,91.3,process_correlated,True,False,"3 coupled sensors deviate together: Cyclone_Outlet_Gas_draft, Cyclone_cone_draft, Cyclone_Inlet_Draft | inside COLD/SHUTDOWN regime",0.2291,0.5,0.4828
323,2019-03-03 00:00:00,2019-03-03 01:20:00,85.0,17,100.0,20.37,15.51,1,Cyclone_Gas_Outlet_Temp,Cyclone_Gas_Outlet_Temp; Cyclone_Material_Temp,0,97.9,single_sensor_deviation,False,False,Cyclone_Gas_Outlet_Temp alone outside regime envelope; other sensors consistent with current regime,0.3772,0.1667,0.4828
324,2017-07-11 07:50:00,2017-07-11 08:30:00,45.0,9,100.0,19.64,10.98,3,Cyclone_Outlet_Gas_draft; Cyclone_cone_draft; Cyclone_Inlet_Draft,Cyclone_Outlet_Gas_draft; Cyclone_Inlet_Draft,0,99.4,process_correlated,False,False,"3 coupled sensors deviate together: Cyclone_Outlet_Gas_draft, Cyclone_cone_draft, Cyclone_Inlet_Draft",0.267,0.5,0.4818
325,2018-04-05 14:20:00,2018-04-05 21:30:00,435.0,87,98.9,42.68,11.19,1,Cyclone_Gas_Outlet_Temp,Cyclone_Gas_Outlet_Temp; Cyclone_Inlet_Gas_Temp,0,99.6,single_sensor_deviation,False,False,"Cyclone_Gas_Outlet_Temp alone outside regime envelope; other sensors consistent with current regime | note: starting at +85 min after onset, 1 instantaneous temperature step(s) >=300C across 1 channel(s) appear in single 5-min samples, none of them crossing into the cold boundary (<100C) (e.g. Cyclone_Gas_Outlet_Temp 897 -> 293 C, 604C) - jumps far beyond thermal-mass limits, but NOT a recorded hot<->cold operating-state transition -> the startup/shutdown evidence chain does not apply, so the period stays rankable; scores near the step(s) carry some stale-baseline inflation",0.2721,0.1667,0.481
326,2018-05-29 16:00:00,2018-05-29 17:50:00,115.0,23,91.3,34.01,15.37,1,Cyclone_Inlet_Gas_Temp,Cyclone_Inlet_Gas_Temp; Cyclone_Inlet_Draft,0,99.5,single_sensor_deviation,False,False,Cyclone_Inlet_Gas_Temp alone outside regime envelope; other sensors consistent with current regime,0.3738,0.1667,0.481
327,2019-12-02 08:30:00,2019-12-02 09:05:00,40.0,8,100.0,17.86,11.18,3,Cyclone_Outlet_Gas_draft; Cyclone_cone_draft; Cyclone_Inlet_Draft,Cyclone_Inlet_Draft; Cyclone_cone_draft,0,99.5,process_correlated,False,False,"3 coupled sensors deviate together: Cyclone_Outlet_Gas_draft, Cyclone_cone_draft, Cyclone_Inlet_Draft",0.2719,0.5,0.4805
328,2017-06-22 06:10:00,2017-06-22 07:15:00,70.0,14,92.9,15.21,10.37,3,Cyclone_Outlet_Gas_draft; Cyclone_cone_draft; Cyclone_Inlet_Draft,Cyclone_cone_draft; Cyclone_Inlet_Draft,0,99.4,process_correlated,False,False,"3 coupled sensors deviate together: Cyclone_Outlet_Gas_draft, Cyclone_cone_draft, Cyclone_Inlet_Draft",0.2522,0.5,0.4803
329,2017-06-24 20:25:00,2017-06-24 21:10:00,50.0,10,100.0,14.69,10.56,3,Cyclone_Outlet_Gas_draft; Cyclone_cone_draft; Cyclone_Inlet_Draft,Cyclone_Outlet_Gas_draft; Cyclone_Inlet_Draft,0,99.8,process_correlated,False,False,"3 coupled sensors deviate together: Cyclone_Outlet_Gas_draft, Cyclone_cone_draft, Cyclone_Inlet_Draft",0.2568,0.5,0.4799
330,2017-02-05 00:00:00,2017-02-05 00:50:00,55.0,11,100.0,14.58,10.25,3,Cyclone_Outlet_Gas_draft; Cyclone_cone_draft; Cyclone_Inlet_Draft,Cyclone_Outlet_Gas_draft; Cyclone_Inlet_Draft,0,99.3,process_correlated,False,False,"3 coupled sensors deviate together: Cyclone_Outlet_Gas_draft, Cyclone_cone_draft, Cyclone_Inlet_Draft",0.2493,0.5,0.4792
331,2017-09-08 14:50:00,2017-09-08 15:30:00,45.0,9,88.9,13.44,8.74,4,Cyclone_Inlet_Gas_Temp; Cyclone_Outlet_Gas_draft; Cyclone_cone_draft; Cyclone_Inlet_Draft,Cyclone_Outlet_Gas_draft; Cyclone_Inlet_Draft,0,99.5,process_correlated,False,False,"4 coupled sensors deviate together: Cyclone_Inlet_Gas_Temp, Cyclone_Outlet_Gas_draft, Cyclone_cone_draft, Cyclone_Inlet_Draft",0.2126,0.6667,0.4792
332,2018-12-08 15:20:00,2018-12-08 16:10:00,55.0,11,100.0,15.03,10.2,3,Cyclone_Outlet_Gas_draft; Cyclone_cone_draft; Cyclone_Inlet_Draft,Cyclone_Outlet_Gas_draft; Cyclone_cone_draft,0,99.0,process_correlated,False,False,"3 coupled sensors deviate together: Cyclone_Outlet_Gas_draft, Cyclone_cone_draft, Cyclone_Inlet_Draft",0.2481,0.5,0.4785
333,2019-08-23 21:05:00,2019-08-23 21:50:00,50.0,10,100.0,31.63,13.49,2,Cyclone_Material_Temp; Cyclone_Outlet_Gas_draft,Cyclone_Outlet_Gas_draft; Cyclone_Material_Temp,0,99.4,process_correlated,False,False,"2 coupled sensors deviate together: Cyclone_Material_Temp, Cyclone_Outlet_Gas_draft",0.3281,0.3333,0.4785
334,2017-08-16 09:40:00,2017-08-16 10:25:00,50.0,10,100.0,23.6,16.46,1,Cyclone_Material_Temp,Cyclone_Material_Temp; Cyclone_Inlet_Gas_Temp,0,91.7,single_sensor_deviation,False,False,Cyclone_Material_Temp alone outside regime envelope; other sensors consistent with current regime,0.4003,0.1667,0.4776
335,2018-07-13 00:00:00,2018-07-13 01:00:00,65.0,13,100.0,12.74,9.65,3,Cyclone_cone_draft; Cyclone_Gas_Outlet_Temp; Cyclone_Inlet_Draft,Cyclone_Gas_Outlet_Temp; Cyclone_cone_draft,0,99.1,process_correlated,False,False,"3 coupled sensors deviate together: Cyclone_cone_draft, Cyclone_Gas_Outlet_Temp, Cyclone_Inlet_Draft",0.2347,0.5,0.4771
336,2019-08-11 14:15:00,2019-08-11 15:25:00,75.0,15,100.0,13.87,9.28,3,Cyclone_Outlet_Gas_draft; Cyclone_cone_draft; Cyclone_Inlet_Draft,Cyclone_Outlet_Gas_draft; Cyclone_Inlet_Draft,0,99.5,process_correlated,False,False,"3 coupled sensors deviate together: Cyclone_Outlet_Gas_draft, Cyclone_cone_draft, Cyclone_Inlet_Draft",0.2257,0.5,0.4771
337,2018-07-13 19:55:00,2018-07-14 00:05:00,255.0,51,92.2,29.06,12.86,1,Cyclone_Inlet_Draft,Cyclone_Inlet_Draft; Cyclone_Outlet_Gas_draft,0,99.2,single_sensor_deviation,False,False,Cyclone_Inlet_Draft alone outside regime envelope; other sensors consistent with current regime,0.3128,0.1667,0.4768
338,2019-11-28 13:35:00,2019-11-28 14:05:00,35.0,7,100.0,21.32,14.22,2,Cyclone_Outlet_Gas_draft; Cyclone_Inlet_Draft,Cyclone_Outlet_Gas_draft; Cyclone_Inlet_Draft,0,99.5,process_correlated,False,False,"2 coupled sensors deviate together: Cyclone_Outlet_Gas_draft, Cyclone_Inlet_Draft",0.3458,0.3333,0.4762
339,2017-04-05 00:00:00,2017-04-05 01:20:00,85.0,17,100.0,13.54,8.87,3,Cyclone_Outlet_Gas_draft; Cyclone_cone_draft; Cyclone_Inlet_Draft,Cyclone_cone_draft; Cyclone_Outlet_Gas_draft,0,98.7,process_correlated,False,False,"3 coupled sensors deviate together: Cyclone_Outlet_Gas_draft, Cyclone_cone_draft, Cyclone_Inlet_Draft",0.2157,0.5,0.4761
340,2018-05-05 10:30:00,2018-05-05 23:05:00,760.0,152,99.3,14.59,9.28,1,Cyclone_Gas_Outlet_Temp,Cyclone_Gas_Outlet_Temp; Cyclone_Material_Temp,0,98.9,single_sensor_deviation,False,False,Cyclone_Gas_Outlet_Temp alone outside regime envelope; other sensors consistent with current regime,0.2257,0.1667,0.476
341,2019-03-08 03:00:00,2019-03-08 06:05:00,190.0,38,100.0,7.61,6.76,3,Cyclone_Outlet_Gas_draft; Cyclone_cone_draft; Cyclone_Inlet_Draft,Cyclone_Inlet_Draft; Cyclone_Outlet_Gas_draft,1,87.8,process_correlated,True,False,"3 coupled sensors deviate together: Cyclone_Outlet_Gas_draft, Cyclone_cone_draft, Cyclone_Inlet_Draft | inside COLD/SHUTDOWN regime",0.1644,0.5,0.476
342,2017-05-12 08:05:00,2017-05-12 13:15:00,315.0,63,100.0,10.74,8.41,2,Cyclone_Inlet_Gas_Temp; Cyclone_Gas_Outlet_Temp,Cyclone_Inlet_Gas_Temp; Cyclone_Gas_Outlet_Temp,1,57.2,process_correlated,True,False,"2 coupled sensors deviate together: Cyclone_Inlet_Gas_Temp, Cyclone_Gas_Outlet_Temp | inside COLD/SHUTDOWN regime",0.2045,0.3333,0.4751
343,2017-07-03 20:20:00,2017-07-03 22:35:00,140.0,28,89.3,13.66,8.45,3,Cyclone_Inlet_Gas_Temp; Cyclone_Outlet_Gas_draft; Cyclone_Inlet_Draft,Cyclone_Outlet_Gas_draft; Cyclone_Inlet_Draft,0,99.4,process_correlated,False,False,"3 coupled sensors deviate together: Cyclone_Inlet_Gas_Temp, Cyclone_Outlet_Gas_draft, Cyclone_Inlet_Draft",0.2055,0.5,0.4749
344,2017-06-30 16:15:00,2017-06-30 16:45:00,35.0,7,100.0,13.19,11.06,3,Cyclone_Outlet_Gas_draft; Cyclone_cone_draft; Cyclone_Inlet_Draft,Cyclone_Inlet_Draft; Cyclone_Outlet_Gas_draft,0,99.4,process_correlated,False,False,"3 coupled sensors deviate together: Cyclone_Outlet_Gas_draft, Cyclone_cone_draft, Cyclone_Inlet_Draft",0.269,0.5,0.4748
345,2019-06-17 20:30:00,2019-06-17 21:00:00,35.0,7,57.1,50.0,21.05,1,Cyclone_Material_Temp,Cyclone_Material_Temp; Cyclone_Inlet_Gas_Temp,1,97.7,single_sensor_deviation,True,False,"Cyclone_Material_Temp alone outside regime envelope; other sensors consistent with current regime | note: starting at +25 min after onset, 1 instantaneous temperature step(s) >=300C across 1 channel(s) appear in single 5-min samples, none of them crossing into the cold boundary (<100C) (e.g. Cyclone_Material_Temp 812 -> 129 C, 683C) - jumps far beyond thermal-mass limits, but NOT a recorded hot<->cold operating-state transition -> the startup/shutdown evidence chain does not apply, so the period stays rankable; scores near the step(s) carry some stale-baseline inflation | inside COLD/SHUTDOWN regime",0.5119,0.1667,0.4746
346,2018-01-12 04:40:00,2018-01-12 06:00:00,85.0,17,94.1,15.83,9.23,3,Cyclone_Outlet_Gas_draft; Cyclone_cone_draft; Cyclone_Inlet_Draft,Cyclone_Outlet_Gas_draft; Cyclone_cone_draft,0,99.1,process_correlated,False,False,"3 coupled sensors deviate together: Cyclone_Outlet_Gas_draft, Cyclone_cone_draft, Cyclone_Inlet_Draft",0.2245,0.5,0.4739
347,2019-02-10 10:25:00,2019-02-10 11:35:00,75.0,15,100.0,12.19,9.01,3,Cyclone_Outlet_Gas_draft; Cyclone_cone_draft; Cyclone_Inlet_Draft,Cyclone_Inlet_Draft; Cyclone_Outlet_Gas_draft,1,92.2,process_correlated,True,False,"3 coupled sensors deviate together: Cyclone_Outlet_Gas_draft, Cyclone_cone_draft, Cyclone_Inlet_Draft | inside COLD/SHUTDOWN regime",0.2191,0.5,0.4738
348,2017-02-27 01:50:00,2017-02-27 02:15:00,30.0,6,100.0,9.62,8.31,4,Cyclone_Inlet_Gas_Temp; Cyclone_Outlet_Gas_draft; Cyclone_cone_draft; Cyclone_Inlet_Draft,Cyclone_Outlet_Gas_draft; Cyclone_cone_draft,0,99.4,process_correlated,False,False,"4 coupled sensors deviate together: Cyclone_Inlet_Gas_Temp, Cyclone_Outlet_Gas_draft, Cyclone_cone_draft, Cyclone_Inlet_Draft",0.2021,0.6667,0.4736
349,2019-07-31 14:50:00,2019-07-31 16:10:00,85.0,17,100.0,11.23,8.52,3,Cyclone_Outlet_Gas_draft; Cyclone_cone_draft; Cyclone_Inlet_Draft,Cyclone_Outlet_Gas_draft; Cyclone_cone_draft,0,99.6,process_correlated,False,False,"3 coupled sensors deviate together: Cyclone_Outlet_Gas_draft, Cyclone_cone_draft, Cyclone_Inlet_Draft",0.2072,0.5,0.4718
350,2017-05-12 06:15:00,2017-05-12 07:35:00,85.0,17,100.0,15.76,11.54,2,Cyclone_Inlet_Gas_Temp; Cyclone_Gas_Outlet_Temp,Cyclone_Inlet_Gas_Temp; Cyclone_Gas_Outlet_Temp,1,93.7,process_correlated,True,False,"2 coupled sensors deviate together: Cyclone_Inlet_Gas_Temp, Cyclone_Gas_Outlet_Temp | inside COLD/SHUTDOWN regime",0.2807,0.3333,0.4715
351,2017-01-05 00:00:00,2017-01-05 01:10:00,75.0,15,100.0,17.38,11.75,2,Cyclone_Outlet_Gas_draft; Cyclone_Inlet_Draft,Cyclone_Outlet_Gas_draft; Cyclone_Inlet_Draft,0,98.8,process_correlated,False,False,"2 coupled sensors deviate together: Cyclone_Outlet_Gas_draft, Cyclone_Inlet_Draft",0.2858,0.3333,0.4701
352,2019-01-07 19:55:00,2019-01-07 20:55:00,65.0,13,69.2,47.25,17.98,1,Cyclone_Material_Temp,Cyclone_Material_Temp; Cyclone_Inlet_Gas_Temp,0,98.5,single_sensor_deviation,False,False,"Cyclone_Material_Temp alone outside regime envelope; other sensors consistent with current regime | note: starting at onset, 5 instantaneous temperature step(s) >=300C across 1 channel(s) appear in single 5-min samples, none of them crossing into the cold boundary (<100C) (e.g. Cyclone_Material_Temp 931 -> 100 C, 831C) - jumps far beyond thermal-mass limits, but NOT a recorded hot<->cold operating-state transition -> the startup/shutdown evidence chain does not apply, so the period stays rankable; scores near the step(s) carry some stale-baseline inflation",0.4373,0.1667,0.4701
353,2018-07-14 09:55:00,2018-07-14 10:40:00,50.0,10,80.0,30.11,17.67,1,Cyclone_Material_Temp,Cyclone_Material_Temp; Cyclone_Gas_Outlet_Temp,0,98.7,instrument_fault,False,False,Cyclone_Material_Temp=0.0 in 60% of interval while gas path at 905C -> transmitter/loop failure,0.4297,0.1667,0.47
354,2018-07-05 05:35:00,2018-07-05 06:50:00,80.0,16,100.0,18.9,11.56,2,Cyclone_Outlet_Gas_draft; Cyclone_Inlet_Draft,Cyclone_Outlet_Gas_draft; Cyclone_Inlet_Draft,0,98.5,process_correlated,False,False,"2 coupled sensors deviate together: Cyclone_Outlet_Gas_draft, Cyclone_Inlet_Draft",0.2811,0.3333,0.4698
355,2017-03-16 22:40:00,2017-03-16 23:05:00,30.0,6,100.0,15.06,11.03,3,Cyclone_Inlet_Gas_Temp; Cyclone_Outlet_Gas_draft; Cyclone_Inlet_Draft,Cyclone_Inlet_Draft; Cyclone_Outlet_Gas_draft,0,99.5,process_correlated,False,False,"3 coupled sensors deviate together: Cyclone_Inlet_Gas_Temp, Cyclone_Outlet_Gas_draft, Cyclone_Inlet_Draft",0.2682,0.5,0.4696
356,2019-07-26 09:55:00,2019-07-26 11:05:00,75.0,15,73.3,26.08,11.09,3,Cyclone_Outlet_Gas_draft; Cyclone_cone_draft; Cyclone_Inlet_Draft,Cyclone_Inlet_Draft; Cyclone_Outlet_Gas_draft,0,99.5,process_correlated,False,False,"3 coupled sensors deviate together: Cyclone_Outlet_Gas_draft, Cyclone_cone_draft, Cyclone_Inlet_Draft",0.2697,0.5,0.4694
357,2017-11-16 19:15:00,2017-11-16 20:10:00,60.0,12,100.0,19.07,12.16,2,Cyclone_Outlet_Gas_draft; Cyclone_Inlet_Draft,Cyclone_Inlet_Draft; Cyclone_Outlet_Gas_draft,0,99.2,process_correlated,False,False,"2 coupled sensors deviate together: Cyclone_Outlet_Gas_draft, Cyclone_Inlet_Draft",0.2957,0.3333,0.468
358,2019-01-03 00:00:00,2019-01-03 01:10:00,75.0,15,100.0,13.44,8.51,3,Cyclone_Outlet_Gas_draft; Cyclone_cone_draft; Cyclone_Inlet_Draft,Cyclone_cone_draft; Cyclone_Outlet_Gas_draft,0,99.0,process_correlated,False,False,"3 coupled sensors deviate together: Cyclone_Outlet_Gas_draft, Cyclone_cone_draft, Cyclone_Inlet_Draft",0.207,0.5,0.4677
359,2017-01-22 23:25:00,2017-01-23 00:30:00,70.0,14,100.0,19.64,11.71,2,Cyclone_Outlet_Gas_draft; Cyclone_Inlet_Draft,Cyclone_Inlet_Draft; Cyclone_Outlet_Gas_draft,0,99.6,process_correlated,False,False,"2 coupled sensors deviate together: Cyclone_Outlet_Gas_draft, Cyclone_Inlet_Draft",0.2848,0.3333,0.4674
360,2017-07-28 01:05:00,2017-07-28 02:15:00,75.0,15,86.7,22.85,9.67,3,Cyclone_Outlet_Gas_draft; Cyclone_cone_draft; Cyclone_Inlet_Draft,Cyclone_Outlet_Gas_draft; Cyclone_Inlet_Draft,0,99.8,process_correlated,False,False,"3 coupled sensors deviate together: Cyclone_Outlet_Gas_draft, Cyclone_cone_draft, Cyclone_Inlet_Draft",0.2352,0.5,0.467
361,2020-07-08 00:00:00,2020-07-08 01:20:00,85.0,17,100.0,9.86,8.12,3,Cyclone_Outlet_Gas_draft; Cyclone_cone_draft; Cyclone_Inlet_Draft,Cyclone_cone_draft; Cyclone_Inlet_Draft,0,99.2,process_correlated,False,False,"3 coupled sensors deviate together: Cyclone_Outlet_Gas_draft, Cyclone_cone_draft, Cyclone_Inlet_Draft",0.1975,0.5,0.4669
362,2019-01-25 20:05:00,2019-01-25 20:35:00,35.0,7,100.0,13.19,10.39,3,Cyclone_Outlet_Gas_draft; Cyclone_cone_draft; Cyclone_Inlet_Draft,Cyclone_Outlet_Gas_draft; Cyclone_cone_draft,0,99.5,process_correlated,False,False,"3 coupled sensors deviate together: Cyclone_Outlet_Gas_draft, Cyclone_cone_draft, Cyclone_Inlet_Draft",0.2527,0.5,0.4666
363,2018-09-11 08:35:00,2018-09-11 09:05:00,35.0,7,100.0,14.57,10.36,3,Cyclone_Outlet_Gas_draft; Cyclone_cone_draft; Cyclone_Inlet_Draft,Cyclone_Inlet_Draft; Cyclone_Outlet_Gas_draft,0,99.3,process_correlated,False,False,"3 coupled sensors deviate together: Cyclone_Outlet_Gas_draft, Cyclone_cone_draft, Cyclone_Inlet_Draft",0.252,0.5,0.4663
364,2018-02-07 17:25:00,2018-02-07 18:30:00,70.0,14,100.0,12.01,8.55,3,Cyclone_Outlet_Gas_draft; Cyclone_cone_draft; Cyclone_Inlet_Draft,Cyclone_Outlet_Gas_draft; Cyclone_Inlet_Draft,0,99.1,process_correlated,False,False,"3 coupled sensors deviate together: Cyclone_Outlet_Gas_draft, Cyclone_cone_draft, Cyclone_Inlet_Draft",0.2079,0.5,0.466
365,2017-05-08 04:35:00,2017-05-08 05:15:00,45.0,9,100.0,7.89,6.62,4,Cyclone_Inlet_Gas_Temp; Cyclone_Outlet_Gas_draft; Cyclone_cone_draft; Cyclone_Inlet_Draft,Cyclone_Inlet_Gas_Temp; Cyclone_Inlet_Draft,0,99.4,process_correlated,False,False,"4 coupled sensors deviate together: Cyclone_Inlet_Gas_Temp, Cyclone_Outlet_Gas_draft, Cyclone_cone_draft, Cyclone_Inlet_Draft",0.161,0.6667,0.4657
366,2019-04-05 10:00:00,2019-04-05 10:45:00,50.0,10,100.0,14.51,9.39,3,Cyclone_Outlet_Gas_draft; Cyclone_cone_draft; Cyclone_Inlet_Draft,Cyclone_Outlet_Gas_draft; Cyclone_cone_draft,0,99.2,process_correlated,False,False,"3 coupled sensors deviate together: Cyclone_Outlet_Gas_draft, Cyclone_cone_draft, Cyclone_Inlet_Draft",0.2284,0.5,0.4656
367,2018-04-13 18:25:00,2018-04-13 18:55:00,35.0,7,100.0,13.57,10.27,3,Cyclone_Outlet_Gas_draft; Cyclone_cone_draft; Cyclone_Inlet_Draft,Cyclone_Outlet_Gas_draft; Cyclone_Inlet_Draft,0,99.3,process_correlated,False,False,"3 coupled sensors deviate together: Cyclone_Outlet_Gas_draft, Cyclone_cone_draft, Cyclone_Inlet_Draft",0.2498,0.5,0.4652
368,2018-07-02 23:25:00,2018-07-03 00:25:00,65.0,13,100.0,22.15,14.77,1,Cyclone_Material_Temp,Cyclone_Material_Temp; Cyclone_Inlet_Draft,0,97.5,single_sensor_deviation,False,False,Cyclone_Material_Temp alone outside regime envelope; other sensors consistent with current regime,0.3592,0.1667,0.4652
369,2018-06-26 12:15:00,2018-06-26 13:05:00,55.0,11,100.0,13.03,9.09,3,Cyclone_Outlet_Gas_draft; Cyclone_cone_draft; Cyclone_Inlet_Draft,Cyclone_Outlet_Gas_draft; Cyclone_cone_draft,0,98.8,process_correlated,False,False,"3 coupled sensors deviate together: Cyclone_Outlet_Gas_draft, Cyclone_cone_draft, Cyclone_Inlet_Draft",0.2211,0.5,0.465
370,2018-07-21 19:30:00,2018-07-21 20:15:00,50.0,10,100.0,11.69,9.3,3,Cyclone_Outlet_Gas_draft; Cyclone_cone_draft; Cyclone_Inlet_Draft,Cyclone_Inlet_Draft; Cyclone_Outlet_Gas_draft,0,98.5,process_correlated,False,False,"3 coupled sensors deviate together: Cyclone_Outlet_Gas_draft, Cyclone_cone_draft, Cyclone_Inlet_Draft",0.2262,0.5,0.4645
371,2019-06-06 00:55:00,2019-06-06 01:20:00,30.0,6,50.0,50.0,21.21,1,Cyclone_Material_Temp,Cyclone_Material_Temp; Cyclone_Inlet_Gas_Temp,1,97.6,single_sensor_deviation,True,False,"Cyclone_Material_Temp alone outside regime envelope; other sensors consistent with current regime | note: starting at +25 min after onset, 1 instantaneous temperature step(s) >=300C across 1 channel(s) appear in single 5-min samples, none of them crossing into the cold boundary (<100C) (e.g. Cyclone_Material_Temp 812 -> 124 C, 688C) - jumps far beyond thermal-mass limits, but NOT a recorded hot<->cold operating-state transition -> the startup/shutdown evidence chain does not apply, so the period stays rankable; scores near the step(s) carry some stale-baseline inflation | inside COLD/SHUTDOWN regime",0.5158,0.1667,0.4638
372,2017-11-02 08:25:00,2017-11-02 08:50:00,30.0,6,100.0,15.5,10.52,3,Cyclone_Inlet_Gas_Temp; Cyclone_Outlet_Gas_draft; Cyclone_Inlet_Draft,Cyclone_Inlet_Gas_Temp; Cyclone_Outlet_Gas_draft,0,99.3,process_correlated,False,False,"3 coupled sensors deviate together: Cyclone_Inlet_Gas_Temp, Cyclone_Outlet_Gas_draft, Cyclone_Inlet_Draft",0.2558,0.5,0.4634
373,2017-08-03 00:00:00,2017-08-03 01:05:00,70.0,14,100.0,13.86,8.31,3,Cyclone_Outlet_Gas_draft; Cyclone_cone_draft; Cyclone_Inlet_Draft,Cyclone_Outlet_Gas_draft; Cyclone_Inlet_Draft,0,99.5,process_correlated,False,False,"3 coupled sensors deviate together: Cyclone_Outlet_Gas_draft, Cyclone_cone_draft, Cyclone_Inlet_Draft",0.2021,0.5,0.4631
374,2020-02-08 00:00:00,2020-02-08 01:10:00,75.0,15,100.0,12.69,8.08,3,Cyclone_Outlet_Gas_draft; Cyclone_cone_draft; Cyclone_Inlet_Draft,Cyclone_Inlet_Draft; Cyclone_Outlet_Gas_draft,0,99.2,process_correlated,False,False,"3 coupled sensors deviate together: Cyclone_Outlet_Gas_draft, Cyclone_cone_draft, Cyclone_Inlet_Draft",0.1965,0.5,0.4624
375,2018-03-20 04:35:00,2018-03-20 06:35:00,125.0,25,100.0,13.77,12.81,1,Cyclone_Gas_Outlet_Temp,Cyclone_Gas_Outlet_Temp; Cyclone_Inlet_Gas_Temp,0,98.2,instrument_fault,False,False,"Cyclone_Gas_Outlet_Temp at range limit 1375C in 48% of interval -> sensor saturation | note: starting at onset, 1 instantaneous temperature step(s) >=300C across 1 channel(s) appear in single 5-min samples, none of them crossing into the cold boundary (<100C) (e.g. Cyclone_Gas_Outlet_Temp 1000 -> 1375 C, 375C) - jumps far beyond thermal-mass limits, but NOT a recorded hot<->cold operating-state transition -> the startup/shutdown evidence chain does not apply, so the period stays rankable; scores near the step(s) carry some stale-baseline inflation",0.3115,0.1667,0.4621
376,2018-08-01 00:00:00,2018-08-01 01:15:00,80.0,16,100.0,9.49,7.87,3,Cyclone_Outlet_Gas_draft; Cyclone_cone_draft; Cyclone_Inlet_Draft,Cyclone_Outlet_Gas_draft; Cyclone_cone_draft,0,99.3,process_correlated,False,False,"3 coupled sensors deviate together: Cyclone_Outlet_Gas_draft, Cyclone_cone_draft, Cyclone_Inlet_Draft",0.1914,0.5,0.4619
377,2017-06-23 10:35:00,2017-06-23 11:40:00,70.0,14,100.0,17.4,11.21,2,Cyclone_Inlet_Gas_Temp; Cyclone_Outlet_Gas_draft,Cyclone_Inlet_Gas_Temp; Cyclone_Outlet_Gas_draft,0,97.8,process_correlated,False,False,"2 coupled sensors deviate together: Cyclone_Inlet_Gas_Temp, Cyclone_Outlet_Gas_draft",0.2726,0.3333,0.4613
378,2018-02-22 18:25:00,2018-02-22 19:00:00,40.0,8,100.0,13.29,9.58,3,Cyclone_Outlet_Gas_draft; Cyclone_cone_draft; Cyclone_Inlet_Draft,Cyclone_Outlet_Gas_draft; Cyclone_cone_draft,0,99.6,process_correlated,False,False,"3 coupled sensors deviate together: Cyclone_Outlet_Gas_draft, Cyclone_cone_draft, Cyclone_Inlet_Draft",0.233,0.5,0.4609
379,2017-01-06 00:00:00,2017-01-06 00:30:00,35.0,7,100.0,15.48,9.82,3,Cyclone_Outlet_Gas_draft; Cyclone_cone_draft; Cyclone_Inlet_Draft,Cyclone_Outlet_Gas_draft; Cyclone_Inlet_Draft,0,99.5,process_correlated,False,False,"3 coupled sensors deviate together: Cyclone_Outlet_Gas_draft, Cyclone_cone_draft, Cyclone_Inlet_Draft",0.2388,0.5,0.4596
380,2017-09-12 00:00:00,2017-09-12 01:30:00,95.0,19,94.7,13.58,7.7,3,Cyclone_Outlet_Gas_draft; Cyclone_cone_draft; Cyclone_Inlet_Draft,Cyclone_Outlet_Gas_draft; Cyclone_Inlet_Draft,0,99.6,process_correlated,False,False,"3 coupled sensors deviate together: Cyclone_Outlet_Gas_draft, Cyclone_cone_draft, Cyclone_Inlet_Draft",0.1873,0.5,0.4594
381,2017-10-17 18:05:00,2017-10-17 18:55:00,55.0,11,81.8,50.0,16.37,1,Cyclone_Inlet_Gas_Temp,Cyclone_Inlet_Gas_Temp; Cyclone_Gas_Outlet_Temp,1,97.7,single_sensor_deviation,True,False,Cyclone_Inlet_Gas_Temp alone outside regime envelope; other sensors consistent with current regime | inside COLD/SHUTDOWN regime,0.3981,0.1667,0.4591
382,2019-09-28 19:15:00,2019-09-28 19:40:00,30.0,6,50.0,50.0,20.81,1,Cyclone_Material_Temp,Cyclone_Material_Temp; Cyclone_Inlet_Gas_Temp,1,97.6,single_sensor_deviation,True,False,"Cyclone_Material_Temp alone outside regime envelope; other sensors consistent with current regime | note: starting at +5 min after onset, 1 instantaneous temperature step(s) >=300C across 1 channel(s) appear in single 5-min samples, none of them crossing into the cold boundary (<100C) (e.g. Cyclone_Material_Temp 812 -> 113 C, 700C) - jumps far beyond thermal-mass limits, but NOT a recorded hot<->cold operating-state transition -> the startup/shutdown evidence chain does not apply, so the period stays rankable; scores near the step(s) carry some stale-baseline inflation | inside COLD/SHUTDOWN regime",0.5061,0.1667,0.4589
383,2018-07-16 09:25:00,2018-07-16 10:25:00,65.0,13,100.0,11.1,8.15,3,Cyclone_Outlet_Gas_draft; Cyclone_cone_draft; Cyclone_Inlet_Draft,Cyclone_Outlet_Gas_draft; Cyclone_cone_draft,0,99.6,process_correlated,False,False,"3 coupled sensors deviate together: Cyclone_Outlet_Gas_draft, Cyclone_cone_draft, Cyclone_Inlet_Draft",0.1982,0.5,0.4587
384,2017-12-12 11:00:00,2017-12-12 12:00:00,65.0,13,100.0,9.96,8.12,3,Cyclone_Outlet_Gas_draft; Cyclone_cone_draft; Cyclone_Inlet_Draft,Cyclone_Outlet_Gas_draft; Cyclone_Inlet_Draft,0,99.5,process_correlated,False,False,"3 coupled sensors deviate together: Cyclone_Outlet_Gas_draft, Cyclone_cone_draft, Cyclone_Inlet_Draft",0.1975,0.5,0.4584
385,2018-12-21 06:40:00,2018-12-21 07:35:00,60.0,12,83.3,24.81,15.94,1,Cyclone_Material_Temp,Cyclone_Material_Temp; Cyclone_Inlet_Gas_Temp,0,96.7,single_sensor_deviation,False,False,"Cyclone_Material_Temp alone outside regime envelope; other sensors consistent with current regime | note: starting at +25 min after onset, 2 instantaneous temperature step(s) >=300C across 1 channel(s) appear in single 5-min samples, none of them crossing into the cold boundary (<100C) (e.g. Cyclone_Material_Temp 888 -> 1263 C, 375C) - jumps far beyond thermal-mass limits, but NOT a recorded hot<->cold operating-state transition -> the startup/shutdown evidence chain does not apply, so the period stays rankable; scores near the step(s) carry some stale-baseline inflation",0.3877,0.1667,0.4583
386,2018-01-01 14:35:00,2018-01-01 15:00:00,30.0,6,100.0,11.47,10.08,3,Cyclone_Outlet_Gas_draft; Cyclone_cone_draft; Cyclone_Inlet_Draft,Cyclone_Outlet_Gas_draft; Cyclone_Inlet_Draft,0,99.0,process_correlated,False,False,"3 coupled sensors deviate together: Cyclone_Outlet_Gas_draft, Cyclone_cone_draft, Cyclone_Inlet_Draft",0.2451,0.5,0.458
387,2018-02-18 12:05:00,2018-02-18 12:55:00,55.0,11,81.8,24.04,16.23,1,Cyclone_Material_Temp,Cyclone_Material_Temp; Cyclone_Inlet_Draft,0,99.0,single_sensor_deviation,False,False,"Cyclone_Material_Temp alone outside regime envelope; other sensors consistent with current regime | note: starting at onset, 6 instantaneous temperature step(s) >=300C across 1 channel(s) appear in single 5-min samples, none of them crossing into the cold boundary (<100C) (e.g. Cyclone_Material_Temp 989 -> 100 C, 889C) - jumps far beyond thermal-mass limits, but NOT a recorded hot<->cold operating-state transition -> the startup/shutdown evidence chain does not apply, so the period stays rankable; scores near the step(s) carry some stale-baseline inflation",0.3947,0.1667,0.4574
388,2019-08-31 04:40:00,2019-08-31 05:15:00,40.0,8,87.5,16.04,10.41,3,Cyclone_Outlet_Gas_draft; Cyclone_cone_draft; Cyclone_Inlet_Draft,Cyclone_cone_draft; Cyclone_Inlet_Draft,0,99.6,process_correlated,False,False,"3 coupled sensors deviate together: Cyclone_Outlet_Gas_draft, Cyclone_cone_draft, Cyclone_Inlet_Draft",0.2532,0.5,0.4571
389,2017-10-23 13:10:00,2017-10-23 13:40:00,35.0,7,100.0,20.25,12.59,2,Cyclone_Outlet_Gas_draft; Cyclone_Inlet_Draft,Cyclone_Outlet_Gas_draft; Cyclone_Inlet_Draft,0,99.5,process_correlated,False,False,"2 coupled sensors deviate together: Cyclone_Outlet_Gas_draft, Cyclone_Inlet_Draft",0.3062,0.3333,0.4563
390,2018-01-18 02:55:00,2018-01-18 03:20:00,30.0,6,100.0,12.63,9.91,3,Cyclone_Outlet_Gas_draft; Cyclone_cone_draft; Cyclone_Inlet_Draft,Cyclone_cone_draft; Cyclone_Outlet_Gas_draft,0,99.0,process_correlated,False,False,"3 coupled sensors deviate together: Cyclone_Outlet_Gas_draft, Cyclone_cone_draft, Cyclone_Inlet_Draft",0.241,0.5,0.4559
391,2019-05-20 22:15:00,2019-05-20 23:05:00,55.0,11,100.0,13.1,8.26,3,Cyclone_Outlet_Gas_draft; Cyclone_cone_draft; Cyclone_Inlet_Draft,Cyclone_Inlet_Draft; Cyclone_Outlet_Gas_draft,0,97.8,process_correlated,False,False,"3 coupled sensors deviate together: Cyclone_Outlet_Gas_draft, Cyclone_cone_draft, Cyclone_Inlet_Draft",0.2009,0.5,0.4548
392,2018-08-16 14:45:00,2018-08-16 16:10:00,90.0,18,88.9,24.81,13.99,1,Cyclone_Material_Temp,Cyclone_Material_Temp; Cyclone_Gas_Outlet_Temp,0,98.7,instrument_fault,False,False,"Cyclone_Material_Temp at range limit 1375C in 6% of interval -> sensor saturation | note: starting at +10 min after onset, 6 instantaneous temperature step(s) >=300C across 1 channel(s) appear in single 5-min samples, none of them crossing into the cold boundary (<100C) (e.g. Cyclone_Material_Temp 110 -> 444 C, 335C) - jumps far beyond thermal-mass limits, but NOT a recorded hot<->cold operating-state transition -> the startup/shutdown evidence chain does not apply, so the period stays rankable; scores near the step(s) carry some stale-baseline inflation",0.3402,0.1667,0.4536
393,2017-12-04 00:00:00,2017-12-04 01:00:00,65.0,13,100.0,10.45,7.72,3,Cyclone_Outlet_Gas_draft; Cyclone_cone_draft; Cyclone_Inlet_Draft,Cyclone_Inlet_Draft; Cyclone_cone_draft,0,98.3,process_correlated,False,False,"3 coupled sensors deviate together: Cyclone_Outlet_Gas_draft, Cyclone_cone_draft, Cyclone_Inlet_Draft",0.1878,0.5,0.4535
394,2019-07-04 13:25:00,2019-07-04 13:55:00,35.0,7,85.7,17.84,10.61,3,Cyclone_Outlet_Gas_draft; Cyclone_cone_draft; Cyclone_Inlet_Draft,Cyclone_Outlet_Gas_draft; Cyclone_Inlet_Draft,0,99.6,process_correlated,False,False,"3 coupled sensors deviate together: Cyclone_Outlet_Gas_draft, Cyclone_cone_draft, Cyclone_Inlet_Draft",0.258,0.5,0.4533
395,2019-04-18 20:10:00,2019-04-18 21:50:00,105.0,21,61.9,30.95,15.95,1,Cyclone_Material_Temp,Cyclone_Material_Temp; Cyclone_Inlet_Gas_Temp,0,99.1,single_sensor_deviation,False,False,"Cyclone_Material_Temp alone outside regime envelope; other sensors consistent with current regime | note: starting at +25 min after onset, 2 instantaneous temperature step(s) >=300C across 1 channel(s) appear in single 5-min samples, none of them crossing into the cold boundary (<100C) (e.g. Cyclone_Material_Temp 203 -> 866 C, 663C) - jumps far beyond thermal-mass limits, but NOT a recorded hot<->cold operating-state transition -> the startup/shutdown evidence chain does not apply, so the period stays rankable; scores near the step(s) carry some stale-baseline inflation",0.3879,0.1667,0.4523
396,2019-11-15 09:20:00,2019-11-15 10:40:00,85.0,17,100.0,16.99,12.96,1,Cyclone_Gas_Outlet_Temp,Cyclone_Gas_Outlet_Temp; Cyclone_cone_draft,0,98.8,single_sensor_deviation,False,False,Cyclone_Gas_Outlet_Temp alone outside regime envelope; other sensors consistent with current regime,0.3152,0.1667,0.4516
397,2017-02-16 13:00:00,2017-02-16 13:30:00,35.0,7,100.0,12.66,9.15,3,Cyclone_Outlet_Gas_draft; Cyclone_cone_draft; Cyclone_Inlet_Draft,Cyclone_Outlet_Gas_draft; Cyclone_cone_draft,0,99.5,process_correlated,False,False,"3 coupled sensors deviate together: Cyclone_Outlet_Gas_draft, Cyclone_cone_draft, Cyclone_Inlet_Draft",0.2225,0.5,0.4514
398,2018-01-03 12:25:00,2018-01-03 13:30:00,70.0,14,85.7,17.43,8.61,3,Cyclone_Outlet_Gas_draft; Cyclone_cone_draft; Cyclone_Inlet_Draft,Cyclone_Inlet_Draft; Cyclone_Outlet_Gas_draft,0,99.4,process_correlated,False,False,"3 coupled sensors deviate together: Cyclone_Outlet_Gas_draft, Cyclone_cone_draft, Cyclone_Inlet_Draft",0.2094,0.5,0.4507
399,2017-04-18 00:30:00,2017-04-18 00:55:00,30.0,6,100.0,17.63,12.52,2,Cyclone_Outlet_Gas_draft; Cyclone_Inlet_Draft,Cyclone_Outlet_Gas_draft; Cyclone_Inlet_Draft,0,98.8,process_correlated,False,False,"2 coupled sensors deviate together: Cyclone_Outlet_Gas_draft, Cyclone_Inlet_Draft",0.3045,0.3333,0.4506
400,2018-02-12 00:00:00,2018-02-12 00:35:00,40.0,8,100.0,10.12,8.71,3,Cyclone_Outlet_Gas_draft; Cyclone_cone_draft; Cyclone_Inlet_Draft,Cyclone_Inlet_Draft; Cyclone_Outlet_Gas_draft,0,98.3,process_correlated,False,False,"3 coupled sensors deviate together: Cyclone_Outlet_Gas_draft, Cyclone_cone_draft, Cyclone_Inlet_Draft",0.2118,0.5,0.4502
401,2018-03-26 09:40:00,2018-03-26 10:30:00,55.0,11,100.0,21.69,10.93,2,Cyclone_Outlet_Gas_draft; Cyclone_Inlet_Draft,Cyclone_Outlet_Gas_draft; Cyclone_Inlet_Draft,0,98.9,process_correlated,False,False,"2 coupled sensors deviate together: Cyclone_Outlet_Gas_draft, Cyclone_Inlet_Draft",0.2658,0.3333,0.4502
402,2017-01-26 11:30:00,2017-01-26 13:20:00,115.0,23,95.7,6.64,6.28,3,Cyclone_Outlet_Gas_draft; Cyclone_cone_draft; Cyclone_Inlet_Draft,Cyclone_Inlet_Draft; Cyclone_Outlet_Gas_draft,0,98.7,process_correlated,False,False,"3 coupled sensors deviate together: Cyclone_Outlet_Gas_draft, Cyclone_cone_draft, Cyclone_Inlet_Draft",0.1527,0.5,0.4492
403,2017-03-06 16:05:00,2017-03-06 17:10:00,70.0,14,85.7,13.51,8.46,3,Cyclone_Inlet_Gas_Temp; Cyclone_Gas_Outlet_Temp; Cyclone_Inlet_Draft,Cyclone_Gas_Outlet_Temp; Cyclone_Inlet_Draft,0,99.5,process_correlated,False,False,"3 coupled sensors deviate together: Cyclone_Inlet_Gas_Temp, Cyclone_Gas_Outlet_Temp, Cyclone_Inlet_Draft",0.2057,0.5,0.4489
404,2017-10-03 00:00:00,2017-10-03 01:20:00,85.0,17,100.0,11.68,9.68,2,Cyclone_Material_Temp; Cyclone_Gas_Outlet_Temp,Cyclone_Gas_Outlet_Temp; Cyclone_Material_Temp,0,96.2,process_correlated,False,False,"2 coupled sensors deviate together: Cyclone_Material_Temp, Cyclone_Gas_Outlet_Temp",0.2354,0.3333,0.4487
405,2018-11-08 00:00:00,2018-11-08 00:55:00,60.0,12,100.0,9.38,7.53,3,Cyclone_Outlet_Gas_draft; Cyclone_cone_draft; Cyclone_Inlet_Draft,Cyclone_Outlet_Gas_draft; Cyclone_Inlet_Draft,0,99.0,process_correlated,False,False,"3 coupled sensors deviate together: Cyclone_Outlet_Gas_draft, Cyclone_cone_draft, Cyclone_Inlet_Draft",0.1831,0.5,0.4486
406,2017-03-20 22:10:00,2017-03-20 22:35:00,30.0,6,100.0,12.09,9.29,3,Cyclone_Outlet_Gas_draft; Cyclone_cone_draft; Cyclone_Inlet_Draft,Cyclone_Outlet_Gas_draft; Cyclone_Inlet_Draft,0,99.2,process_correlated,False,False,"3 coupled sensors deviate together: Cyclone_Outlet_Gas_draft, Cyclone_cone_draft, Cyclone_Inlet_Draft",0.2259,0.5,0.4483
407,2018-03-20 08:15:00,2018-03-20 10:40:00,150.0,30,100.0,13.77,11.21,1,Cyclone_Gas_Outlet_Temp,Cyclone_Gas_Outlet_Temp; Cyclone_Material_Temp,0,97.9,instrument_fault,False,False,"Cyclone_Gas_Outlet_Temp at range limit 1375C in 23% of interval -> sensor saturation | note: starting at onset, 1 instantaneous temperature step(s) >=300C across 1 channel(s) appear in single 5-min samples, none of them crossing into the cold boundary (<100C) (e.g. Cyclone_Gas_Outlet_Temp 1000 -> 1346 C, 347C) - jumps far beyond thermal-mass limits, but NOT a recorded hot<->cold operating-state transition -> the startup/shutdown evidence chain does not apply, so the period stays rankable; scores near the step(s) carry some stale-baseline inflation",0.2726,0.1667,0.4483
408,2020-10-03 00:00:00,2020-10-03 01:10:00,75.0,15,100.0,18.28,9.95,2,Cyclone_Outlet_Gas_draft; Cyclone_cone_draft,Cyclone_cone_draft; Cyclone_Outlet_Gas_draft,0,98.6,process_correlated,False,False,"2 coupled sensors deviate together: Cyclone_Outlet_Gas_draft, Cyclone_cone_draft",0.242,0.3333,0.448
409,2018-05-12 00:00:00,2018-05-12 01:00:00,65.0,13,100.0,9.13,7.23,3,Cyclone_Outlet_Gas_draft; Cyclone_cone_draft; Cyclone_Inlet_Draft,Cyclone_cone_draft; Cyclone_Inlet_Draft,0,98.3,process_correlated,False,False,"3 coupled sensors deviate together: Cyclone_Outlet_Gas_draft, Cyclone_cone_draft, Cyclone_Inlet_Draft",0.1758,0.5,0.4475
410,2017-10-12 00:00:00,2017-10-12 01:15:00,80.0,16,100.0,15.61,9.62,2,Cyclone_Outlet_Gas_draft; Cyclone_Inlet_Draft,Cyclone_Outlet_Gas_draft; Cyclone_Inlet_Draft,0,99.5,process_correlated,False,False,"2 coupled sensors deviate together: Cyclone_Outlet_Gas_draft, Cyclone_Inlet_Draft",0.234,0.3333,0.446
411,2017-03-31 04:00:00,2017-03-31 05:10:00,75.0,15,100.0,36.34,12.81,1,Cyclone_Material_Temp,Cyclone_Material_Temp; Cyclone_cone_draft,0,98.3,instrument_fault,False,False,Cyclone_Material_Temp frozen at 650.0 for 87% of interval (75 min) -> stuck value,0.3115,0.1667,0.4458
412,2017-09-05 12:10:00,2017-09-05 13:25:00,80.0,16,81.2,16.3,8.27,3,Cyclone_Inlet_Gas_Temp; Cyclone_Outlet_Gas_draft; Cyclone_Inlet_Draft,Cyclone_Outlet_Gas_draft; Cyclone_Inlet_Gas_Temp,0,99.2,process_correlated,False,False,"3 coupled sensors deviate together: Cyclone_Inlet_Gas_Temp, Cyclone_Outlet_Gas_draft, Cyclone_Inlet_Draft",0.2011,0.5,0.4458
413,2020-03-13 00:00:00,2020-03-13 00:50:00,55.0,11,100.0,10.77,7.41,3,Cyclone_Outlet_Gas_draft; Cyclone_cone_draft; Cyclone_Inlet_Draft,Cyclone_cone_draft; Cyclone_Inlet_Draft,0,98.5,process_correlated,False,False,"3 coupled sensors deviate together: Cyclone_Outlet_Gas_draft, Cyclone_cone_draft, Cyclone_Inlet_Draft | note: onset coincides with data resumption after a 5765-min acquisition outage; operating regime unchanged across the outage",0.1802,0.5,0.4444
414,2019-04-13 15:30:00,2019-04-13 16:50:00,85.0,17,88.2,9.76,7.35,3,Cyclone_Outlet_Gas_draft; Cyclone_cone_draft; Cyclone_Inlet_Draft,Cyclone_cone_draft; Cyclone_Inlet_Draft,0,99.3,process_correlated,False,False,"3 coupled sensors deviate together: Cyclone_Outlet_Gas_draft, Cyclone_cone_draft, Cyclone_Inlet_Draft",0.1788,0.5,0.4443
415,2019-03-04 14:15:00,2019-03-04 14:40:00,30.0,6,100.0,10.92,8.95,3,Cyclone_Outlet_Gas_draft; Cyclone_cone_draft; Cyclone_Inlet_Draft,Cyclone_cone_draft; Cyclone_Outlet_Gas_draft,0,99.5,process_correlated,False,False,"3 coupled sensors deviate together: Cyclone_Outlet_Gas_draft, Cyclone_cone_draft, Cyclone_Inlet_Draft",0.2177,0.5,0.4442
416,2017-06-26 10:15:00,2017-06-26 11:30:00,80.0,16,87.5,16.22,10.5,2,Cyclone_Outlet_Gas_draft; Cyclone_Inlet_Draft,Cyclone_Outlet_Gas_draft; Cyclone_Inlet_Draft,0,99.6,process_correlated,False,False,"2 coupled sensors deviate together: Cyclone_Outlet_Gas_draft, Cyclone_Inlet_Draft",0.2554,0.3333,0.4428
417,2018-07-18 10:05:00,2018-07-18 11:40:00,100.0,20,95.0,25.87,12.28,1,Cyclone_Inlet_Gas_Temp,Cyclone_Inlet_Gas_Temp; Cyclone_Material_Temp,0,99.0,single_sensor_deviation,False,False,Cyclone_Inlet_Gas_Temp alone outside regime envelope; other sensors consistent with current regime,0.2986,0.1667,0.4428
418,2019-12-02 07:25:00,2019-12-02 08:00:00,40.0,8,100.0,22.13,14.1,1,Cyclone_Material_Temp,Cyclone_Material_Temp; Cyclone_Gas_Outlet_Temp,0,98.2,single_sensor_deviation,False,False,"Cyclone_Material_Temp alone outside regime envelope; other sensors consistent with current regime | note: starting at +30 min after onset, 2 instantaneous temperature step(s) >=300C across 1 channel(s) appear in single 5-min samples, none of them crossing into the cold boundary (<100C) (e.g. Cyclone_Material_Temp 1210 -> 297 C, 913C) - jumps far beyond thermal-mass limits, but NOT a recorded hot<->cold operating-state transition -> the startup/shutdown evidence chain does not apply, so the period stays rankable; scores near the step(s) carry some stale-baseline inflation",0.3429,0.1667,0.4416
419,2018-02-22 13:00:00,2018-02-22 13:30:00,35.0,7,100.0,11.04,8.24,3,Cyclone_Outlet_Gas_draft; Cyclone_cone_draft; Cyclone_Inlet_Draft,Cyclone_Outlet_Gas_draft; Cyclone_Inlet_Draft,0,99.2,process_correlated,False,False,"3 coupled sensors deviate together: Cyclone_Outlet_Gas_draft, Cyclone_cone_draft, Cyclone_Inlet_Draft",0.2004,0.5,0.4403
420,2019-11-11 15:30:00,2019-11-11 16:20:00,55.0,11,72.7,17.03,9.56,3,Cyclone_Outlet_Gas_draft; Cyclone_cone_draft; Cyclone_Inlet_Draft,Cyclone_Inlet_Draft; Cyclone_Outlet_Gas_draft,0,98.9,process_correlated,False,False,"3 coupled sensors deviate together: Cyclone_Outlet_Gas_draft, Cyclone_cone_draft, Cyclone_Inlet_Draft",0.2325,0.5,0.4402
421,2017-08-20 21:45:00,2017-08-20 22:25:00,45.0,9,88.9,22.64,11.62,2,Cyclone_Outlet_Gas_draft; Cyclone_Inlet_Draft,Cyclone_Inlet_Draft; Cyclone_Outlet_Gas_draft,0,99.5,process_correlated,False,False,"2 coupled sensors deviate together: Cyclone_Outlet_Gas_draft, Cyclone_Inlet_Draft",0.2826,0.3333,0.4399
422,2019-10-18 09:35:00,2019-10-18 10:20:00,50.0,10,50.0,50.0,17.94,1,Cyclone_Material_Temp,Cyclone_Material_Temp; Cyclone_Inlet_Gas_Temp,1,97.6,instrument_fault,True,False,Cyclone_Material_Temp=0.0 in 50% of interval while gas path at 29C -> transmitter/loop failure | inside COLD/SHUTDOWN regime,0.4363,0.1667,0.4398
423,2017-11-05 18:50:00,2017-11-05 19:20:00,35.0,7,100.0,19.83,11.22,2,Cyclone_Outlet_Gas_draft; Cyclone_Inlet_Draft,Cyclone_Outlet_Gas_draft; Cyclone_Inlet_Draft,0,99.5,process_correlated,False,False,"2 coupled sensors deviate together: Cyclone_Outlet_Gas_draft, Cyclone_Inlet_Draft",0.2729,0.3333,0.4395
424,2018-06-07 09:50:00,2018-06-07 11:00:00,75.0,15,100.0,6.85,6.17,3,Cyclone_Outlet_Gas_draft; Cyclone_cone_draft; Cyclone_Inlet_Draft,Cyclone_cone_draft; Cyclone_Inlet_Draft,1,82.1,process_correlated,True,False,"3 coupled sensors deviate together: Cyclone_Outlet_Gas_draft, Cyclone_cone_draft, Cyclone_Inlet_Draft | inside COLD/SHUTDOWN regime",0.1501,0.5,0.439
425,2018-11-13 14:30:00,2018-11-13 15:25:00,60.0,12,83.3,14.12,8.24,3,Cyclone_Outlet_Gas_draft; Cyclone_cone_draft; Cyclone_Inlet_Draft,Cyclone_cone_draft; Cyclone_Inlet_Draft,0,99.5,process_correlated,False,False,"3 coupled sensors deviate together: Cyclone_Outlet_Gas_draft, Cyclone_cone_draft, Cyclone_Inlet_Draft",0.2004,0.5,0.4386
426,2017-05-07 00:00:00,2017-05-07 01:00:00,65.0,13,100.0,14.14,9.54,2,Cyclone_cone_draft; Cyclone_Inlet_Draft,Cyclone_Inlet_Draft; Cyclone_cone_draft,0,98.4,process_correlated,False,False,"2 coupled sensors deviate together: Cyclone_cone_draft, Cyclone_Inlet_Draft",0.232,0.3333,0.4385
427,2018-09-16 15:15:00,2018-09-16 16:45:00,95.0,19,94.7,50.0,9.01,2,Cyclone_Outlet_Gas_draft; Cyclone_Inlet_Draft,Cyclone_Outlet_Gas_draft; Cyclone_Inlet_Draft,1,98.3,process_correlated,True,False,"2 coupled sensors deviate together: Cyclone_Outlet_Gas_draft, Cyclone_Inlet_Draft | inside COLD/SHUTDOWN regime",0.2191,0.3333,0.4381
428,2019-07-04 00:00:00,2019-07-04 01:20:00,85.0,17,100.0,15.95,11.85,1,Cyclone_Gas_Outlet_Temp,Cyclone_Gas_Outlet_Temp; Cyclone_Outlet_Gas_draft,0,98.0,single_sensor_deviation,False,False,Cyclone_Gas_Outlet_Temp alone outside regime envelope; other sensors consistent with current regime,0.2882,0.1667,0.438
429,2017-10-31 07:30:00,2017-10-31 08:35:00,70.0,14,100.0,13.88,9.28,2,Cyclone_Outlet_Gas_draft; Cyclone_Inlet_Draft,Cyclone_Outlet_Gas_draft; Cyclone_Inlet_Draft,0,99.4,process_correlated,False,False,"2 coupled sensors deviate together: Cyclone_Outlet_Gas_draft, Cyclone_Inlet_Draft",0.2257,0.3333,0.4376
430,2019-12-26 10:10:00,2019-12-26 11:50:00,105.0,21,90.5,18.36,9.01,2,Cyclone_Inlet_Gas_Temp; Cyclone_Outlet_Gas_draft,Cyclone_Inlet_Gas_Temp; Cyclone_Outlet_Gas_draft,0,98.6,process_correlated,False,False,"2 coupled sensors deviate together: Cyclone_Inlet_Gas_Temp, Cyclone_Outlet_Gas_draft",0.2191,0.3333,0.4366
431,2018-07-05 00:00:00,2018-07-05 01:20:00,85.0,17,100.0,18.17,11.71,1,Cyclone_cone_draft,Cyclone_cone_draft; Cyclone_Outlet_Gas_draft,0,98.9,single_sensor_deviation,False,False,Cyclone_cone_draft alone outside regime envelope; other sensors consistent with current regime,0.2848,0.1667,0.4363
432,2017-12-29 03:25:00,2017-12-29 04:00:00,40.0,8,87.5,16.99,11.73,2,Cyclone_Outlet_Gas_draft; Cyclone_Inlet_Draft,Cyclone_Outlet_Gas_draft; Cyclone_Inlet_Draft,0,99.5,process_correlated,False,False,"2 coupled sensors deviate together: Cyclone_Outlet_Gas_draft, Cyclone_Inlet_Draft",0.2853,0.3333,0.4359
433,2018-02-01 00:00:00,2018-02-01 00:50:00,55.0,11,100.0,7.95,6.69,3,Cyclone_Material_Temp; Cyclone_Outlet_Gas_draft; Cyclone_Gas_Outlet_Temp,Cyclone_Material_Temp; Cyclone_Outlet_Gas_draft,0,99.0,instrument_fault,False,False,Cyclone_Material_Temp frozen at 858.69 for 100% of interval (55 min) -> stuck value,0.1627,0.5,0.4356
434,2018-08-14 20:50:00,2018-08-14 22:05:00,80.0,16,87.5,30.94,12.92,1,Cyclone_Material_Temp,Cyclone_Material_Temp; Cyclone_cone_draft,0,98.0,single_sensor_deviation,False,False,Cyclone_Material_Temp alone outside regime envelope; other sensors consistent with current regime,0.3142,0.1667,0.4352
435,2019-10-26 13:30:00,2019-10-26 14:20:00,55.0,11,100.0,7.49,6.52,3,Cyclone_Outlet_Gas_draft; Cyclone_cone_draft; Cyclone_Inlet_Draft,Cyclone_Inlet_Draft; Cyclone_cone_draft,0,98.1,process_correlated,False,False,"3 coupled sensors deviate together: Cyclone_Outlet_Gas_draft, Cyclone_cone_draft, Cyclone_Inlet_Draft",0.1586,0.5,0.4335
436,2020-07-13 00:00:00,2020-07-13 01:10:00,75.0,15,80.0,12.43,7.48,3,Cyclone_Outlet_Gas_draft; Cyclone_cone_draft; Cyclone_Inlet_Draft,Cyclone_Inlet_Draft; Cyclone_cone_draft,0,99.0,process_correlated,False,False,"3 coupled sensors deviate together: Cyclone_Outlet_Gas_draft, Cyclone_cone_draft, Cyclone_Inlet_Draft | note: onset coincides with data resumption after a 6465-min acquisition outage; operating regime unchanged across the outage",0.1819,0.5,0.4327
437,2018-07-13 17:10:00,2018-07-13 17:45:00,40.0,8,100.0,9.4,7.24,3,Cyclone_Outlet_Gas_draft; Cyclone_cone_draft; Cyclone_Inlet_Draft,Cyclone_cone_draft; Cyclone_Outlet_Gas_draft,0,98.1,process_correlated,False,False,"3 coupled sensors deviate together: Cyclone_Outlet_Gas_draft, Cyclone_cone_draft, Cyclone_Inlet_Draft",0.1761,0.5,0.4322
438,2018-03-11 23:25:00,2018-03-12 00:35:00,75.0,15,86.7,50.0,12.84,1,Cyclone_Outlet_Gas_draft,Cyclone_Outlet_Gas_draft; Cyclone_Inlet_Draft,0,99.8,single_sensor_deviation,False,False,Cyclone_Outlet_Gas_draft alone outside regime envelope; other sensors consistent with current regime,0.3123,0.1667,0.4312
439,2019-08-28 11:25:00,2019-08-28 12:50:00,90.0,18,88.9,27.79,12.07,1,Cyclone_Material_Temp,Cyclone_Material_Temp; Cyclone_Outlet_Gas_draft,0,97.5,single_sensor_deviation,False,False,Cyclone_Material_Temp alone outside regime envelope; other sensors consistent with current regime,0.2935,0.1667,0.4301
440,2017-02-25 21:10:00,2017-02-25 21:50:00,45.0,9,77.8,18.95,11.83,2,Cyclone_Outlet_Gas_draft; Cyclone_Inlet_Draft,Cyclone_Outlet_Gas_draft; Cyclone_Inlet_Draft,0,99.6,process_correlated,False,False,"2 coupled sensors deviate together: Cyclone_Outlet_Gas_draft, Cyclone_Inlet_Draft",0.2877,0.3333,0.43
441,2019-10-26 12:05:00,2019-10-26 12:45:00,45.0,9,100.0,8.91,6.66,3,Cyclone_Outlet_Gas_draft; Cyclone_cone_draft; Cyclone_Inlet_Draft,Cyclone_Inlet_Draft; Cyclone_cone_draft,0,98.1,process_correlated,False,False,"3 coupled sensors deviate together: Cyclone_Outlet_Gas_draft, Cyclone_cone_draft, Cyclone_Inlet_Draft",0.162,0.5,0.4288
442,2018-03-20 19:45:00,2018-03-20 20:25:00,45.0,9,100.0,13.56,9.69,2,Cyclone_Outlet_Gas_draft; Cyclone_Inlet_Draft,Cyclone_Outlet_Gas_draft; Cyclone_Inlet_Draft,0,99.4,process_correlated,False,False,"2 coupled sensors deviate together: Cyclone_Outlet_Gas_draft, Cyclone_Inlet_Draft",0.2357,0.3333,0.4287
443,2018-08-13 00:00:00,2018-08-13 00:50:00,55.0,11,100.0,13.87,9.16,2,Cyclone_Outlet_Gas_draft; Cyclone_cone_draft,Cyclone_cone_draft; Cyclone_Outlet_Gas_draft,0,98.8,process_correlated,False,False,"2 coupled sensors deviate together: Cyclone_Outlet_Gas_draft, Cyclone_cone_draft",0.2228,0.3333,0.4285
444,2018-08-05 10:45:00,2018-08-05 12:25:00,105.0,21,95.2,13.4,10.92,1,Cyclone_Gas_Outlet_Temp,Cyclone_Gas_Outlet_Temp; Cyclone_cone_draft,0,99.0,single_sensor_deviation,False,False,Cyclone_Gas_Outlet_Temp alone outside regime envelope; other sensors consistent with current regime,0.2656,0.1667,0.428
445,2019-07-02 23:50:00,2019-07-03 01:05:00,80.0,16,100.0,23.57,11.19,1,Cyclone_Gas_Outlet_Temp,Cyclone_Gas_Outlet_Temp; Cyclone_cone_draft,0,99.5,single_sensor_deviation,False,False,Cyclone_Gas_Outlet_Temp alone outside regime envelope; other sensors consistent with current regime,0.2721,0.1667,0.428
446,2019-10-14 00:45:00,2019-10-14 01:30:00,50.0,10,40.0,50.0,20.87,0,Cyclone_Material_Temp; Cyclone_Inlet_Gas_Temp,Cyclone_Material_Temp; Cyclone_Inlet_Gas_Temp,1,97.7,transient_spike,True,False,excursion above threshold on max-score sensor only | inside COLD/SHUTDOWN regime,0.5076,0.0,0.4272
447,2019-04-06 12:00:00,2019-04-06 13:50:00,115.0,23,100.0,8.09,7.13,2,Cyclone_Outlet_Gas_draft; Cyclone_cone_draft,Cyclone_Outlet_Gas_draft; Cyclone_cone_draft,1,93.2,process_correlated,True,False,"2 coupled sensors deviate together: Cyclone_Outlet_Gas_draft, Cyclone_cone_draft | inside COLD/SHUTDOWN regime",0.1734,0.3333,0.4271
448,2020-10-04 03:00:00,2020-10-04 03:25:00,30.0,6,50.0,50.0,18.22,1,Cyclone_Material_Temp,Cyclone_Material_Temp; Cyclone_Inlet_Draft,1,97.6,single_sensor_deviation,True,False,"Cyclone_Material_Temp alone outside regime envelope; other sensors consistent with current regime | note: starting at +25 min after onset, 1 instantaneous temperature step(s) >=300C across 1 channel(s) appear in single 5-min samples, none of them crossing into the cold boundary (<100C) (e.g. Cyclone_Material_Temp 120 -> 811 C, 691C) - jumps far beyond thermal-mass limits, but NOT a recorded hot<->cold operating-state transition -> the startup/shutdown evidence chain does not apply, so the period stays rankable; scores near the step(s) carry some stale-baseline inflation | inside COLD/SHUTDOWN regime",0.4431,0.1667,0.4271
449,2018-09-03 00:00:00,2018-09-03 04:20:00,265.0,53,92.5,19.67,8.63,1,Cyclone_Gas_Outlet_Temp,Cyclone_Gas_Outlet_Temp; Cyclone_cone_draft,0,99.1,single_sensor_deviation,False,False,"Cyclone_Gas_Outlet_Temp alone outside regime envelope; other sensors consistent with current regime | note: starting at onset, 1 instantaneous temperature step(s) >=300C across 1 channel(s) appear in single 5-min samples, none of them crossing into the cold boundary (<100C) (e.g. Cyclone_Gas_Outlet_Temp 923 -> 618 C, 305C) - jumps far beyond thermal-mass limits, but NOT a recorded hot<->cold operating-state transition -> the startup/shutdown evidence chain does not apply, so the period stays rankable; scores near the step(s) carry some stale-baseline inflation",0.2099,0.1667,0.4266
450,2017-10-25 09:45:00,2017-10-25 10:15:00,35.0,7,100.0,20.15,10.14,2,Cyclone_Outlet_Gas_draft; Cyclone_Inlet_Draft,Cyclone_Inlet_Draft; Cyclone_Outlet_Gas_draft,0,99.1,process_correlated,False,False,"2 coupled sensors deviate together: Cyclone_Outlet_Gas_draft, Cyclone_Inlet_Draft",0.2466,0.3333,0.4263
451,2017-11-07 00:00:00,2017-11-07 01:15:00,80.0,16,93.8,11.34,8.52,2,Cyclone_Outlet_Gas_draft; Cyclone_Inlet_Draft,Cyclone_Inlet_Draft; Cyclone_Outlet_Gas_draft,0,98.7,process_correlated,False,False,"2 coupled sensors deviate together: Cyclone_Outlet_Gas_draft, Cyclone_Inlet_Draft",0.2072,0.3333,0.4256
452,2019-08-17 06:00:00,2019-08-17 06:40:00,45.0,9,100.0,12.44,9.39,2,Cyclone_Outlet_Gas_draft; Cyclone_Inlet_Draft,Cyclone_Outlet_Gas_draft; Cyclone_Inlet_Draft,0,98.8,process_correlated,False,False,"2 coupled sensors deviate together: Cyclone_Outlet_Gas_draft, Cyclone_Inlet_Draft",0.2284,0.3333,0.425
453,2018-02-06 09:50:00,2018-02-06 11:30:00,105.0,21,71.4,12.33,6.74,3,Cyclone_Outlet_Gas_draft; Cyclone_cone_draft; Cyclone_Inlet_Draft,Cyclone_Outlet_Gas_draft; Cyclone_cone_draft,0,99.4,process_correlated,False,False,"3 coupled sensors deviate together: Cyclone_Outlet_Gas_draft, Cyclone_cone_draft, Cyclone_Inlet_Draft",0.1639,0.5,0.4247
454,2020-06-08 00:00:00,2020-06-08 01:15:00,80.0,16,100.0,11.86,7.87,2,Cyclone_Outlet_Gas_draft; Cyclone_Inlet_Draft,Cyclone_Inlet_Draft; Cyclone_Outlet_Gas_draft,0,98.6,process_correlated,False,False,"2 coupled sensors deviate together: Cyclone_Outlet_Gas_draft, Cyclone_Inlet_Draft",0.1914,0.3333,0.4246
455,2018-05-21 02:30:00,2018-05-21 04:45:00,140.0,28,100.0,16.16,9.3,1,Cyclone_Gas_Outlet_Temp,Cyclone_Gas_Outlet_Temp; Cyclone_Inlet_Draft,0,98.7,single_sensor_deviation,False,False,"Cyclone_Gas_Outlet_Temp alone outside regime envelope; other sensors consistent with current regime | note: starting at onset, 1 instantaneous temperature step(s) >=300C across 1 channel(s) appear in single 5-min samples, none of them crossing into the cold boundary (<100C) (e.g. Cyclone_Gas_Outlet_Temp 893 -> 589 C, 304C) - jumps far beyond thermal-mass limits, but NOT a recorded hot<->cold operating-state transition -> the startup/shutdown evidence chain does not apply, so the period stays rankable; scores near the step(s) carry some stale-baseline inflation",0.2262,0.1667,0.4227
456,2020-07-27 17:55:00,2020-07-27 18:40:00,50.0,10,80.0,18.41,10.75,2,Cyclone_Outlet_Gas_draft; Cyclone_cone_draft,Cyclone_Outlet_Gas_draft; Cyclone_cone_draft,0,99.4,process_correlated,False,False,"2 coupled sensors deviate together: Cyclone_Outlet_Gas_draft, Cyclone_cone_draft",0.2614,0.3333,0.4226
457,2018-09-26 17:30:00,2018-09-27 00:10:00,405.0,81,100.0,7.12,6.46,1,Cyclone_Inlet_Gas_Temp,Cyclone_Inlet_Gas_Temp; Cyclone_Gas_Outlet_Temp,1,88.4,single_sensor_deviation,True,False,Cyclone_Inlet_Gas_Temp alone outside regime envelope; other sensors consistent with current regime | inside COLD/SHUTDOWN regime,0.1571,0.1667,0.422
458,2018-11-09 00:00:00,2018-11-09 00:30:00,35.0,7,100.0,7.55,6.72,3,Cyclone_Outlet_Gas_draft; Cyclone_cone_draft; Cyclone_Inlet_Draft,Cyclone_cone_draft; Cyclone_Outlet_Gas_draft,0,97.9,process_correlated,False,False,"3 coupled sensors deviate together: Cyclone_Outlet_Gas_draft, Cyclone_cone_draft, Cyclone_Inlet_Draft",0.1634,0.5,0.4217
459,2019-06-22 07:15:00,2019-06-22 11:45:00,275.0,55,89.1,9.5,5.38,2,Cyclone_cone_draft; Cyclone_Inlet_Draft,Cyclone_Inlet_Draft; Cyclone_cone_draft,0,97.5,process_correlated,False,False,"2 coupled sensors deviate together: Cyclone_cone_draft, Cyclone_Inlet_Draft",0.1308,0.3333,0.4215
460,2017-06-29 21:30:00,2017-06-29 22:55:00,90.0,18,77.8,26.09,12.34,1,Cyclone_Material_Temp,Cyclone_Material_Temp; Cyclone_Outlet_Gas_draft,0,92.7,single_sensor_deviation,False,False,Cyclone_Material_Temp alone outside regime envelope; other sensors consistent with current regime,0.3001,0.1667,0.421
461,2018-01-11 15:40:00,2018-01-11 16:10:00,35.0,7,71.4,37.95,18.29,0,Cyclone_Inlet_Draft; Cyclone_Inlet_Gas_Temp,Cyclone_Inlet_Draft; Cyclone_Inlet_Gas_Temp,0,99.2,transient_spike,False,False,excursion above threshold on max-score sensor only,0.4448,0.0,0.4195
462,2020-07-01 00:00:00,2020-07-01 00:50:00,55.0,11,90.9,8.21,6.2,3,Cyclone_Outlet_Gas_draft; Cyclone_cone_draft; Cyclone_Inlet_Draft,Cyclone_Inlet_Draft; Cyclone_Outlet_Gas_draft,0,98.5,process_correlated,False,False,"3 coupled sensors deviate together: Cyclone_Outlet_Gas_draft, Cyclone_cone_draft, Cyclone_Inlet_Draft",0.1508,0.5,0.4194
463,2017-03-26 21:25:00,2017-03-26 21:55:00,35.0,7,85.7,10.83,7.83,3,Cyclone_Inlet_Gas_Temp; Cyclone_Outlet_Gas_draft; Cyclone_Inlet_Draft,Cyclone_Inlet_Draft; Cyclone_Outlet_Gas_draft,0,99.5,process_correlated,False,False,"3 coupled sensors deviate together: Cyclone_Inlet_Gas_Temp, Cyclone_Outlet_Gas_draft, Cyclone_Inlet_Draft",0.1904,0.5,0.4193
464,2019-08-13 00:00:00,2019-08-13 01:20:00,85.0,17,100.0,10.3,10.3,1,Cyclone_Material_Temp,Cyclone_Material_Temp; Cyclone_Inlet_Gas_Temp,1,81.3,instrument_fault,True,False,Cyclone_Material_Temp frozen at 59.56 for 100% of interval (85 min) -> stuck value | inside COLD/SHUTDOWN regime,0.2505,0.1667,0.419
465,2019-06-05 13:40:00,2019-06-05 14:05:00,30.0,6,66.7,23.1,16.02,1,Cyclone_Material_Temp,Cyclone_Material_Temp; Cyclone_Inlet_Gas_Temp,1,83.5,single_sensor_deviation,True,False,Cyclone_Material_Temp alone outside regime envelope; other sensors consistent with current regime | inside COLD/SHUTDOWN regime,0.3896,0.1667,0.4189
466,2018-11-05 14:15:00,2018-11-05 16:55:00,165.0,33,100.0,13.3,8.55,1,Cyclone_Gas_Outlet_Temp,Cyclone_Gas_Outlet_Temp; Cyclone_Material_Temp,0,98.5,single_sensor_deviation,False,False,Cyclone_Gas_Outlet_Temp alone outside regime envelope; other sensors consistent with current regime,0.2079,0.1667,0.4188
467,2018-03-13 06:35:00,2018-03-13 15:25:00,535.0,107,99.1,6.05,5.53,1,Cyclone_Gas_Outlet_Temp,Cyclone_Gas_Outlet_Temp; Cyclone_cone_draft,0,98.1,single_sensor_deviation,False,False,Cyclone_Gas_Outlet_Temp alone outside regime envelope; other sensors consistent with current regime,0.1345,0.1667,0.4186
468,2017-06-11 13:45:00,2017-06-11 15:00:00,80.0,16,75.0,22.4,12.68,1,Cyclone_Material_Temp,Cyclone_Material_Temp; Cyclone_Gas_Outlet_Temp,0,94.8,single_sensor_deviation,False,False,"Cyclone_Material_Temp alone outside regime envelope; other sensors consistent with current regime | note: starting at +10 min after onset, 3 instantaneous temperature step(s) >=300C across 1 channel(s) appear in single 5-min samples, none of them crossing into the cold boundary (<100C) (e.g. Cyclone_Material_Temp 900 -> 275 C, 625C) - jumps far beyond thermal-mass limits, but NOT a recorded hot<->cold operating-state transition -> the startup/shutdown evidence chain does not apply, so the period stays rankable; scores near the step(s) carry some stale-baseline inflation",0.3084,0.1667,0.4182
469,2019-06-15 16:30:00,2019-06-15 16:55:00,30.0,6,50.0,50.0,17.48,1,Cyclone_Material_Temp,Cyclone_Material_Temp; Cyclone_Inlet_Gas_Temp,1,97.5,single_sensor_deviation,True,False,"Cyclone_Material_Temp alone outside regime envelope; other sensors consistent with current regime | note: starting at +5 min after onset, 1 instantaneous temperature step(s) >=300C across 1 channel(s) appear in single 5-min samples, none of them crossing into the cold boundary (<100C) (e.g. Cyclone_Material_Temp 805 -> 150 C, 655C) - jumps far beyond thermal-mass limits, but NOT a recorded hot<->cold operating-state transition -> the startup/shutdown evidence chain does not apply, so the period stays rankable; scores near the step(s) carry some stale-baseline inflation | inside COLD/SHUTDOWN regime",0.4251,0.1667,0.4181
470,2017-03-27 12:05:00,2017-03-27 12:30:00,30.0,6,100.0,15.53,9.8,2,Cyclone_Outlet_Gas_draft; Cyclone_Inlet_Draft,Cyclone_Outlet_Gas_draft; Cyclone_Inlet_Draft,0,99.5,process_correlated,False,False,"2 coupled sensors deviate together: Cyclone_Outlet_Gas_draft, Cyclone_Inlet_Draft",0.2383,0.3333,0.4173
471,2017-11-14 08:35:00,2017-11-14 09:10:00,40.0,8,100.0,17.97,9.05,2,Cyclone_Outlet_Gas_draft; Cyclone_cone_draft,Cyclone_cone_draft; Cyclone_Outlet_Gas_draft,0,99.3,process_correlated,False,False,"2 coupled sensors deviate together: Cyclone_Outlet_Gas_draft, Cyclone_cone_draft",0.2201,0.3333,0.4171
472,2017-04-17 19:05:00,2017-04-17 20:05:00,65.0,13,84.6,15.55,9.13,2,Cyclone_Outlet_Gas_draft; Cyclone_Inlet_Draft,Cyclone_Inlet_Draft; Cyclone_Outlet_Gas_draft,0,99.3,process_correlated,False,False,"2 coupled sensors deviate together: Cyclone_Outlet_Gas_draft, Cyclone_Inlet_Draft",0.222,0.3333,0.4162
473,2018-05-18 05:55:00,2018-05-18 08:30:00,160.0,32,96.9,15.56,8.63,1,Cyclone_Gas_Outlet_Temp,Cyclone_Gas_Outlet_Temp; Cyclone_Inlet_Draft,0,98.4,single_sensor_deviation,False,False,"Cyclone_Gas_Outlet_Temp alone outside regime envelope; other sensors consistent with current regime | note: starting at onset, 1 instantaneous temperature step(s) >=300C across 1 channel(s) appear in single 5-min samples, none of them crossing into the cold boundary (<100C) (e.g. Cyclone_Gas_Outlet_Temp 872 -> 407 C, 465C) - jumps far beyond thermal-mass limits, but NOT a recorded hot<->cold operating-state transition -> the startup/shutdown evidence chain does not apply, so the period stays rankable; scores near the step(s) carry some stale-baseline inflation",0.2099,0.1667,0.4153
474,2019-11-06 02:55:00,2019-11-06 03:35:00,45.0,9,44.4,50.0,19.66,0,Cyclone_Inlet_Gas_Temp; Cyclone_Material_Temp,Cyclone_Inlet_Gas_Temp; Cyclone_Material_Temp,1,97.8,transient_spike,True,False,excursion above threshold on max-score sensor only | inside COLD/SHUTDOWN regime,0.4781,0.0,0.4139
475,2018-06-21 18:55:00,2018-06-21 21:10:00,140.0,28,100.0,10.55,8.55,1,Cyclone_Gas_Outlet_Temp,Cyclone_Gas_Outlet_Temp; Cyclone_Inlet_Draft,0,98.0,single_sensor_deviation,False,False,Cyclone_Gas_Outlet_Temp alone outside regime envelope; other sensors consistent with current regime,0.2079,0.1667,0.4135
476,2017-02-04 00:00:00,2017-02-04 01:15:00,80.0,16,100.0,15.36,9.98,1,Cyclone_Outlet_Gas_draft,Cyclone_Outlet_Gas_draft; Cyclone_Inlet_Draft,0,98.8,single_sensor_deviation,False,False,Cyclone_Outlet_Gas_draft alone outside regime envelope; other sensors consistent with current regime,0.2427,0.1667,0.4132
477,2020-04-02 13:25:00,2020-04-02 14:15:00,55.0,11,100.0,16.96,10.91,1,Cyclone_cone_draft,Cyclone_cone_draft; Cyclone_Inlet_Draft,0,94.3,single_sensor_deviation,False,False,Cyclone_cone_draft alone outside regime envelope; other sensors consistent with current regime,0.2653,0.1667,0.4126
478,2017-01-31 05:15:00,2017-01-31 05:40:00,30.0,6,100.0,14.23,9.35,2,Cyclone_Outlet_Gas_draft; Cyclone_Inlet_Draft,Cyclone_Inlet_Draft; Cyclone_Outlet_Gas_draft,0,99.2,process_correlated,False,False,"2 coupled sensors deviate together: Cyclone_Outlet_Gas_draft, Cyclone_Inlet_Draft",0.2274,0.3333,0.4118
479,2017-06-28 13:05:00,2017-06-28 13:50:00,50.0,10,100.0,10.83,8.02,2,Cyclone_Outlet_Gas_draft; Cyclone_Inlet_Draft,Cyclone_Outlet_Gas_draft; Cyclone_Inlet_Draft,0,99.2,process_correlated,False,False,"2 coupled sensors deviate together: Cyclone_Outlet_Gas_draft, Cyclone_Inlet_Draft",0.195,0.3333,0.4115
480,2019-02-06 17:45:00,2019-02-06 18:55:00,75.0,15,73.3,16.74,9.38,2,Cyclone_Inlet_Gas_Temp; Cyclone_Material_Temp,Cyclone_Inlet_Gas_Temp; Cyclone_Material_Temp,0,96.5,process_correlated,False,False,"2 coupled sensors deviate together: Cyclone_Inlet_Gas_Temp, Cyclone_Material_Temp",0.2281,0.3333,0.4112
481,2018-07-09 00:00:00,2018-07-09 00:50:00,55.0,11,100.0,10.97,7.72,2,Cyclone_Outlet_Gas_draft; Cyclone_Inlet_Draft,Cyclone_Outlet_Gas_draft; Cyclone_Inlet_Draft,0,99.5,process_correlated,False,False,"2 coupled sensors deviate together: Cyclone_Outlet_Gas_draft, Cyclone_Inlet_Draft",0.1878,0.3333,0.4109
482,2020-06-29 15:40:00,2020-06-29 17:00:00,85.0,17,100.0,12.01,9.64,1,Cyclone_cone_draft,Cyclone_cone_draft; Cyclone_Inlet_Draft,0,93.6,single_sensor_deviation,False,False,Cyclone_cone_draft alone outside regime envelope; other sensors consistent with current regime,0.2344,0.1667,0.4109
483,2018-03-13 02:25:00,2018-03-13 03:20:00,60.0,12,100.0,11.08,7.48,2,Cyclone_Outlet_Gas_draft; Cyclone_cone_draft,Cyclone_cone_draft; Cyclone_Outlet_Gas_draft,0,99.5,process_correlated,False,False,"2 coupled sensors deviate together: Cyclone_Outlet_Gas_draft, Cyclone_cone_draft",0.1819,0.3333,0.4107
484,2017-08-18 14:55:00,2017-08-18 15:45:00,55.0,11,72.7,24.17,13.24,1,Cyclone_Material_Temp,Cyclone_Material_Temp; Cyclone_Inlet_Gas_Temp,0,93.7,single_sensor_deviation,False,False,Cyclone_Material_Temp alone outside regime envelope; other sensors consistent with current regime,0.322,0.1667,0.4106
485,2020-05-02 12:20:00,2020-05-02 13:40:00,85.0,17,88.2,18.2,10.66,1,Cyclone_cone_draft,Cyclone_cone_draft; Cyclone_Gas_Outlet_Temp,0,95.4,single_sensor_deviation,False,False,Cyclone_cone_draft alone outside regime envelope; other sensors consistent with current regime,0.2593,0.1667,0.4102
486,2018-08-15 05:15:00,2018-08-15 06:50:00,100.0,20,70.0,27.38,11.89,1,Cyclone_Material_Temp,Cyclone_Material_Temp; Cyclone_cone_draft,0,98.2,single_sensor_deviation,False,False,Cyclone_Material_Temp alone outside regime envelope; other sensors consistent with current regime,0.2892,0.1667,0.4101
487,2019-11-16 09:10:00,2019-11-16 10:45:00,100.0,20,95.0,17.85,9.61,1,Cyclone_Inlet_Gas_Temp,Cyclone_Inlet_Gas_Temp; Cyclone_Material_Temp,0,97.0,single_sensor_deviation,False,False,Cyclone_Inlet_Gas_Temp alone outside regime envelope; other sensors consistent with current regime,0.2337,0.1667,0.4101
488,2018-05-25 10:40:00,2018-05-25 11:20:00,45.0,9,77.8,12.46,7.07,3,Cyclone_Outlet_Gas_draft; Cyclone_cone_draft; Cyclone_Inlet_Draft,Cyclone_Outlet_Gas_draft; Cyclone_Inlet_Draft,0,99.4,process_correlated,False,False,"3 coupled sensors deviate together: Cyclone_Outlet_Gas_draft, Cyclone_cone_draft, Cyclone_Inlet_Draft",0.1719,0.5,0.409
489,2018-06-19 22:00:00,2018-06-19 23:10:00,75.0,15,80.0,6.65,5.54,3,Cyclone_Outlet_Gas_draft; Cyclone_cone_draft; Cyclone_Inlet_Draft,Cyclone_Inlet_Draft; Cyclone_Outlet_Gas_draft,0,98.3,process_correlated,False,False,"3 coupled sensors deviate together: Cyclone_Outlet_Gas_draft, Cyclone_cone_draft, Cyclone_Inlet_Draft",0.1347,0.5,0.4089
490,2020-04-23 17:15:00,2020-04-23 18:35:00,85.0,17,100.0,50.0,9.43,1,Cyclone_Inlet_Draft,Cyclone_Inlet_Draft; Cyclone_Outlet_Gas_draft,1,98.7,single_sensor_deviation,True,False,Cyclone_Inlet_Draft alone outside regime envelope; other sensors consistent with current regime | inside COLD/SHUTDOWN regime,0.2293,0.1667,0.4083
491,2017-07-08 22:40:00,2017-07-09 00:15:00,100.0,20,70.0,50.0,11.73,1,Cyclone_Material_Temp,Cyclone_Material_Temp; Cyclone_Gas_Outlet_Temp,0,98.1,single_sensor_deviation,False,False,"Cyclone_Material_Temp alone outside regime envelope; other sensors consistent with current regime | note: starting at +10 min after onset, 6 instantaneous temperature step(s) >=300C across 1 channel(s) appear in single 5-min samples, none of them crossing into the cold boundary (<100C) (e.g. Cyclone_Material_Temp 437 -> 976 C, 539C) - jumps far beyond thermal-mass limits, but NOT a recorded hot<->cold operating-state transition -> the startup/shutdown evidence chain does not apply, so the period stays rankable; scores near the step(s) carry some stale-baseline inflation",0.2853,0.1667,0.4081
492,2019-01-04 04:45:00,2019-01-04 05:15:00,35.0,7,71.4,26.12,14.32,1,Cyclone_Material_Temp,Cyclone_Material_Temp; Cyclone_Gas_Outlet_Temp,0,97.8,single_sensor_deviation,False,False,"Cyclone_Material_Temp alone outside regime envelope; other sensors consistent with current regime | note: starting at onset, 4 instantaneous temperature step(s) >=300C across 1 channel(s) appear in single 5-min samples, none of them crossing into the cold boundary (<100C) (e.g. Cyclone_Material_Temp 936 -> 584 C, 352C) - jumps far beyond thermal-mass limits, but NOT a recorded hot<->cold operating-state transition -> the startup/shutdown evidence chain does not apply, so the period stays rankable; scores near the step(s) carry some stale-baseline inflation",0.3483,0.1667,0.4081
493,2018-04-01 02:50:00,2018-04-01 03:30:00,45.0,9,100.0,10.24,7.89,2,Cyclone_cone_draft; Cyclone_Inlet_Draft,Cyclone_cone_draft; Cyclone_Inlet_Draft,0,99.2,process_correlated,False,False,"2 coupled sensors deviate together: Cyclone_cone_draft, Cyclone_Inlet_Draft",0.1919,0.3333,0.4066
494,2018-03-13 00:00:00,2018-03-13 01:15:00,80.0,16,100.0,13.13,9.44,1,Cyclone_Gas_Outlet_Temp,Cyclone_Gas_Outlet_Temp; Cyclone_Inlet_Draft,0,98.7,single_sensor_deviation,False,False,Cyclone_Gas_Outlet_Temp alone outside regime envelope; other sensors consistent with current regime,0.2296,0.1667,0.4065
495,2020-04-23 10:00:00,2020-04-23 11:15:00,80.0,16,100.0,7.02,6.38,2,Cyclone_Outlet_Gas_draft; Cyclone_Inlet_Draft,Cyclone_Inlet_Draft; Cyclone_Outlet_Gas_draft,1,92.6,process_correlated,True,False,"2 coupled sensors deviate together: Cyclone_Outlet_Gas_draft, Cyclone_Inlet_Draft | inside COLD/SHUTDOWN regime",0.1552,0.3333,0.4064
496,2017-02-03 19:10:00,2017-02-03 19:50:00,45.0,9,88.9,34.6,11.92,1,Cyclone_Inlet_Draft,Cyclone_Inlet_Draft; Cyclone_Inlet_Gas_Temp,0,99.3,single_sensor_deviation,False,False,Cyclone_Inlet_Draft alone outside regime envelope; other sensors consistent with current regime,0.2899,0.1667,0.4062
497,2017-05-31 20:35:00,2017-05-31 22:55:00,145.0,29,79.3,12.59,6.68,2,Cyclone_Inlet_Gas_Temp; Cyclone_Inlet_Draft,Cyclone_Inlet_Gas_Temp; Cyclone_Inlet_Draft,0,97.7,process_correlated,False,False,"2 coupled sensors deviate together: Cyclone_Inlet_Gas_Temp, Cyclone_Inlet_Draft",0.1625,0.3333,0.4059
498,2019-05-15 20:55:00,2019-05-15 21:50:00,60.0,12,100.0,15.54,10.11,1,Cyclone_cone_draft,Cyclone_cone_draft; Cyclone_Inlet_Draft,0,95.9,instrument_fault,False,False,Cyclone_cone_draft frozen at -200.0 for 83% of interval (60 min) -> stuck value,0.2459,0.1667,0.4056
499,2019-01-09 12:35:00,2019-01-09 13:35:00,65.0,13,76.9,18.66,8.95,2,Cyclone_cone_draft; Cyclone_Inlet_Draft,Cyclone_cone_draft; Cyclone_Inlet_Draft,0,99.5,process_correlated,False,False,"2 coupled sensors deviate together: Cyclone_cone_draft, Cyclone_Inlet_Draft",0.2177,0.3333,0.4054
500,2017-03-14 10:55:00,2017-03-14 11:25:00,35.0,7,100.0,13.0,8.42,2,Cyclone_Outlet_Gas_draft; Cyclone_Inlet_Draft,Cyclone_Inlet_Draft; Cyclone_Outlet_Gas_draft,0,99.3,process_correlated,False,False,"2 coupled sensors deviate together: Cyclone_Outlet_Gas_draft, Cyclone_Inlet_Draft",0.2048,0.3333,0.4052
501,2019-08-23 11:20:00,2019-08-23 12:05:00,50.0,10,100.0,9.95,7.42,2,Cyclone_Outlet_Gas_draft; Cyclone_Inlet_Draft,Cyclone_Outlet_Gas_draft; Cyclone_Inlet_Draft,0,99.0,process_correlated,False,False,"2 coupled sensors deviate together: Cyclone_Outlet_Gas_draft, Cyclone_Inlet_Draft",0.1805,0.3333,0.4042
502,2017-05-01 00:00:00,2017-05-01 00:55:00,60.0,12,100.0,14.05,9.96,1,Cyclone_cone_draft,Cyclone_cone_draft; Cyclone_Gas_Outlet_Temp,0,92.9,single_sensor_deviation,False,False,Cyclone_cone_draft alone outside regime envelope; other sensors consistent with current regime,0.2422,0.1667,0.4038
503,2018-04-09 00:00:00,2018-04-09 00:30:00,35.0,7,100.0,10.58,8.31,2,Cyclone_Outlet_Gas_draft; Cyclone_Inlet_Draft,Cyclone_Outlet_Gas_draft; Cyclone_Inlet_Draft,0,99.1,process_correlated,False,False,"2 coupled sensors deviate together: Cyclone_Outlet_Gas_draft, Cyclone_Inlet_Draft",0.2021,0.3333,0.4038
504,2017-08-06 00:00:00,2017-08-06 01:10:00,75.0,15,100.0,12.17,9.36,1,Cyclone_cone_draft,Cyclone_cone_draft; Cyclone_Outlet_Gas_draft,0,99.3,single_sensor_deviation,False,False,Cyclone_cone_draft alone outside regime envelope; other sensors consistent with current regime,0.2276,0.1667,0.4035
505,2018-05-31 13:40:00,2018-05-31 14:20:00,45.0,9,88.9,26.29,11.59,1,Cyclone_Gas_Outlet_Temp,Cyclone_Gas_Outlet_Temp; Cyclone_cone_draft,0,98.9,single_sensor_deviation,False,False,"Cyclone_Gas_Outlet_Temp alone outside regime envelope; other sensors consistent with current regime | note: starting at onset, 1 instantaneous temperature step(s) >=300C across 1 channel(s) appear in single 5-min samples, none of them crossing into the cold boundary (<100C) (e.g. Cyclone_Gas_Outlet_Temp 882 -> 430 C, 452C) - jumps far beyond thermal-mass limits, but NOT a recorded hot<->cold operating-state transition -> the startup/shutdown evidence chain does not apply, so the period stays rankable; scores near the step(s) carry some stale-baseline inflation",0.2819,0.1667,0.4022
506,2018-01-13 00:00:00,2018-01-13 00:40:00,45.0,9,100.0,10.71,7.51,2,Cyclone_Outlet_Gas_draft; Cyclone_cone_draft,Cyclone_Outlet_Gas_draft; Cyclone_cone_draft,0,98.8,process_correlated,False,False,"2 coupled sensors deviate together: Cyclone_Outlet_Gas_draft, Cyclone_cone_draft",0.1826,0.3333,0.402
507,2018-03-04 06:10:00,2018-03-04 07:25:00,80.0,16,100.0,6.26,6.02,2,Cyclone_Outlet_Gas_draft; Cyclone_Inlet_Draft,Cyclone_Outlet_Gas_draft; Cyclone_Inlet_Draft,1,85.7,process_correlated,True,False,"2 coupled sensors deviate together: Cyclone_Outlet_Gas_draft, Cyclone_Inlet_Draft | inside COLD/SHUTDOWN regime",0.1464,0.3333,0.402
508,2018-10-05 04:00:00,2018-10-05 05:00:00,65.0,13,100.0,13.06,9.6,1,Cyclone_Gas_Outlet_Temp,Cyclone_Gas_Outlet_Temp; Cyclone_Inlet_Draft,0,96.4,single_sensor_deviation,False,False,Cyclone_Gas_Outlet_Temp alone outside regime envelope; other sensors consistent with current regime,0.2335,0.1667,0.4019
509,2017-11-29 00:35:00,2017-11-29 09:55:00,565.0,113,85.0,6.85,5.29,1,Cyclone_cone_draft,Cyclone_cone_draft; Cyclone_Outlet_Gas_draft,1,96.5,single_sensor_deviation,True,False,Cyclone_cone_draft alone outside regime envelope; other sensors consistent with current regime | inside COLD/SHUTDOWN regime,0.1287,0.1667,0.4016
510,2017-03-05 00:00:00,2017-03-05 01:00:00,65.0,13,100.0,8.1,6.49,2,Cyclone_Outlet_Gas_draft; Cyclone_Inlet_Draft,Cyclone_Outlet_Gas_draft; Cyclone_Inlet_Draft,0,98.5,process_correlated,False,False,"2 coupled sensors deviate together: Cyclone_Outlet_Gas_draft, Cyclone_Inlet_Draft",0.1578,0.3333,0.4011
511,2019-02-26 22:10:00,2019-02-26 22:35:00,30.0,6,100.0,11.75,8.46,2,Cyclone_Outlet_Gas_draft; Cyclone_Inlet_Draft,Cyclone_Outlet_Gas_draft; Cyclone_Inlet_Draft,0,97.2,process_correlated,False,False,"2 coupled sensors deviate together: Cyclone_Outlet_Gas_draft, Cyclone_Inlet_Draft",0.2057,0.3333,0.4009
512,2019-06-11 13:05:00,2019-06-11 13:55:00,55.0,11,90.9,11.72,7.73,2,Cyclone_Inlet_Gas_Temp; Cyclone_Material_Temp,Cyclone_Material_Temp; Cyclone_Inlet_Gas_Temp,0,97.6,process_correlated,False,False,"2 coupled sensors deviate together: Cyclone_Inlet_Gas_Temp, Cyclone_Material_Temp",0.188,0.3333,0.4008
513,2018-09-12 04:40:00,2018-09-12 05:45:00,70.0,14,85.7,14.48,7.55,2,Cyclone_Outlet_Gas_draft; Cyclone_cone_draft,Cyclone_Outlet_Gas_draft; Cyclone_cone_draft,0,99.1,process_correlated,False,False,"2 coupled sensors deviate together: Cyclone_Outlet_Gas_draft, Cyclone_cone_draft",0.1836,0.3333,0.4004
514,2019-04-04 14:50:00,2019-04-04 15:25:00,40.0,8,100.0,12.26,7.62,2,Cyclone_Outlet_Gas_draft; Cyclone_Inlet_Draft,Cyclone_Outlet_Gas_draft; Cyclone_Inlet_Draft,0,99.5,process_correlated,False,False,"2 coupled sensors deviate together: Cyclone_Outlet_Gas_draft, Cyclone_Inlet_Draft",0.1853,0.3333,0.3996
515,2018-09-12 00:00:00,2018-09-12 00:55:00,60.0,12,100.0,7.35,6.54,2,Cyclone_Gas_Outlet_Temp; Cyclone_Inlet_Draft,Cyclone_Gas_Outlet_Temp; Cyclone_Inlet_Draft,0,98.4,process_correlated,False,False,"2 coupled sensors deviate together: Cyclone_Gas_Outlet_Temp, Cyclone_Inlet_Draft",0.1591,0.3333,0.3992
516,2019-11-20 23:40:00,2019-11-21 00:40:00,65.0,13,92.3,8.75,6.96,2,Cyclone_Outlet_Gas_draft; Cyclone_Inlet_Draft,Cyclone_Outlet_Gas_draft; Cyclone_Inlet_Draft,0,90.2,process_correlated,False,False,"2 coupled sensors deviate together: Cyclone_Outlet_Gas_draft, Cyclone_Inlet_Draft",0.1693,0.3333,0.3982
517,2018-12-03 00:00:00,2018-12-03 01:20:00,85.0,17,100.0,12.51,8.57,1,Cyclone_Gas_Outlet_Temp,Cyclone_Gas_Outlet_Temp; Cyclone_Material_Temp,0,98.0,single_sensor_deviation,False,False,Cyclone_Gas_Outlet_Temp alone outside regime envelope; other sensors consistent with current regime,0.2084,0.1667,0.3978
518,2017-05-03 23:55:00,2017-05-04 00:40:00,50.0,10,100.0,8.48,6.83,2,Cyclone_Outlet_Gas_draft; Cyclone_Inlet_Draft,Cyclone_Inlet_Draft; Cyclone_Outlet_Gas_draft,0,99.1,process_correlated,False,False,"2 coupled sensors deviate together: Cyclone_Outlet_Gas_draft, Cyclone_Inlet_Draft",0.1661,0.3333,0.397
519,2017-04-01 00:00:00,2017-04-01 00:50:00,55.0,11,90.9,9.5,7.41,2,Cyclone_Outlet_Gas_draft; Cyclone_Inlet_Draft,Cyclone_Outlet_Gas_draft; Cyclone_Inlet_Draft,0,99.0,process_correlated,False,False,"2 coupled sensors deviate together: Cyclone_Outlet_Gas_draft, Cyclone_Inlet_Draft",0.1802,0.3333,0.3969
520,2017-06-11 19:05:00,2017-06-11 20:25:00,85.0,17,70.6,50.0,11.18,1,Cyclone_Material_Temp,Cyclone_Material_Temp; Cyclone_Outlet_Gas_draft,0,97.2,single_sensor_deviation,False,False,"Cyclone_Material_Temp alone outside regime envelope; other sensors consistent with current regime | note: starting at onset, 1 instantaneous temperature step(s) >=300C across 1 channel(s) appear in single 5-min samples, none of them crossing into the cold boundary (<100C) (e.g. Cyclone_Material_Temp 925 -> 560 C, 365C) - jumps far beyond thermal-mass limits, but NOT a recorded hot<->cold operating-state transition -> the startup/shutdown evidence chain does not apply, so the period stays rankable; scores near the step(s) carry some stale-baseline inflation",0.2719,0.1667,0.3969
521,2019-05-03 00:00:00,2019-05-03 01:15:00,80.0,16,100.0,10.64,8.59,1,Cyclone_Gas_Outlet_Temp,Cyclone_Gas_Outlet_Temp; Cyclone_Material_Temp,0,94.0,single_sensor_deviation,False,False,Cyclone_Gas_Outlet_Temp alone outside regime envelope; other sensors consistent with current regime,0.2089,0.1667,0.3961
522,2018-12-04 00:00:00,2018-12-04 01:20:00,85.0,17,100.0,10.49,8.42,1,Cyclone_Gas_Outlet_Temp,Cyclone_Gas_Outlet_Temp; Cyclone_Material_Temp,0,96.2,single_sensor_deviation,False,False,Cyclone_Gas_Outlet_Temp alone outside regime envelope; other sensors consistent with current regime,0.2048,0.1667,0.396
523,2017-08-08 15:05:00,2017-08-08 18:50:00,230.0,46,80.4,20.8,7.56,1,Cyclone_Material_Temp,Cyclone_Material_Temp; Cyclone_Inlet_Draft,0,97.2,single_sensor_deviation,False,False,"Cyclone_Material_Temp alone outside regime envelope; other sensors consistent with current regime | note: starting at onset, 18 instantaneous temperature step(s) >=300C across 1 channel(s) appear in single 5-min samples, none of them crossing into the cold boundary (<100C) (e.g. Cyclone_Material_Temp 901 -> 279 C, 622C) - jumps far beyond thermal-mass limits, but NOT a recorded hot<->cold operating-state transition -> the startup/shutdown evidence chain does not apply, so the period stays rankable; scores near the step(s) carry some stale-baseline inflation",0.1839,0.1667,0.3954
524,2019-03-16 07:30:00,2019-03-16 08:05:00,40.0,8,100.0,9.04,7.23,2,Cyclone_Outlet_Gas_draft; Cyclone_Inlet_Draft,Cyclone_Inlet_Draft; Cyclone_Outlet_Gas_draft,1,88.5,process_correlated,True,False,"2 coupled sensors deviate together: Cyclone_Outlet_Gas_draft, Cyclone_Inlet_Draft | inside COLD/SHUTDOWN regime",0.1758,0.3333,0.3948
525,2019-04-04 19:10:00,2019-04-04 20:25:00,80.0,16,87.5,19.04,9.53,1,Cyclone_cone_draft,Cyclone_cone_draft; Cyclone_Outlet_Gas_draft,0,98.0,single_sensor_deviation,False,False,Cyclone_cone_draft alone outside regime envelope; other sensors consistent with current regime,0.2318,0.1667,0.3937
526,2020-02-27 16:15:00,2020-02-27 17:05:00,55.0,11,90.9,13.58,7.15,2,Cyclone_Outlet_Gas_draft; Cyclone_Inlet_Draft,Cyclone_Outlet_Gas_draft; Cyclone_Inlet_Draft,0,99.6,process_correlated,False,False,"2 coupled sensors deviate together: Cyclone_Outlet_Gas_draft, Cyclone_Inlet_Draft",0.1739,0.3333,0.3937
527,2018-09-15 06:45:00,2018-09-15 07:25:00,45.0,9,100.0,9.29,6.82,2,Cyclone_Inlet_Gas_Temp; Cyclone_Material_Temp,Cyclone_Inlet_Gas_Temp; Cyclone_Material_Temp,0,94.6,process_correlated,False,False,"2 coupled sensors deviate together: Cyclone_Inlet_Gas_Temp, Cyclone_Material_Temp",0.1659,0.3333,0.3935
528,2019-07-04 15:35:00,2019-07-04 16:25:00,55.0,11,100.0,7.58,6.27,2,Cyclone_Inlet_Gas_Temp; Cyclone_Inlet_Draft,Cyclone_Inlet_Draft; Cyclone_Inlet_Gas_Temp,0,98.8,process_correlated,False,False,"2 coupled sensors deviate together: Cyclone_Inlet_Gas_Temp, Cyclone_Inlet_Draft",0.1525,0.3333,0.3931
529,2018-03-14 02:45:00,2018-03-14 06:00:00,200.0,40,95.0,19.82,6.37,1,Cyclone_Gas_Outlet_Temp,Cyclone_Gas_Outlet_Temp; Cyclone_Inlet_Gas_Temp,0,99.5,single_sensor_deviation,False,False,Cyclone_Gas_Outlet_Temp alone outside regime envelope; other sensors consistent with current regime,0.1549,0.1667,0.3927
530,2017-10-17 15:50:00,2017-10-17 17:10:00,85.0,17,82.4,30.1,9.7,1,Cyclone_Inlet_Gas_Temp,Cyclone_Inlet_Gas_Temp; Cyclone_Gas_Outlet_Temp,1,92.9,single_sensor_deviation,True,False,Cyclone_Inlet_Gas_Temp alone outside regime envelope; other sensors consistent with current regime | inside COLD/SHUTDOWN regime,0.2359,0.1667,0.392
531,2018-03-19 20:50:00,2018-03-19 21:15:00,30.0,6,100.0,13.77,10.78,1,Cyclone_Gas_Outlet_Temp,Cyclone_Gas_Outlet_Temp; Cyclone_Outlet_Gas_draft,0,98.0,single_sensor_deviation,False,False,Cyclone_Gas_Outlet_Temp alone outside regime envelope; other sensors consistent with current regime,0.2622,0.1667,0.392
532,2018-11-08 18:20:00,2018-11-08 18:50:00,35.0,7,85.7,11.67,8.6,2,Cyclone_Inlet_Gas_Temp; Cyclone_Gas_Outlet_Temp,Cyclone_Inlet_Gas_Temp; Cyclone_Gas_Outlet_Temp,0,97.7,process_correlated,False,False,"2 coupled sensors deviate together: Cyclone_Inlet_Gas_Temp, Cyclone_Gas_Outlet_Temp",0.2092,0.3333,0.3914
533,2020-01-31 09:45:00,2020-01-31 10:40:00,60.0,12,91.7,16.62,9.67,1,Cyclone_cone_draft,Cyclone_cone_draft; Cyclone_Inlet_Draft,0,98.4,single_sensor_deviation,False,False,Cyclone_cone_draft alone outside regime envelope; other sensors consistent with current regime,0.2352,0.1667,0.3909
534,2019-08-09 17:20:00,2019-08-09 17:55:00,40.0,8,75.0,50.0,12.23,1,Cyclone_Material_Temp,Cyclone_Material_Temp; Cyclone_Outlet_Gas_draft,0,98.2,single_sensor_deviation,False,False,"Cyclone_Material_Temp alone outside regime envelope; other sensors consistent with current regime | note: starting at +20 min after onset, 1 instantaneous temperature step(s) >=300C across 1 channel(s) appear in single 5-min samples, none of them crossing into the cold boundary (<100C) (e.g. Cyclone_Material_Temp 529 -> 901 C, 372C) - jumps far beyond thermal-mass limits, but NOT a recorded hot<->cold operating-state transition -> the startup/shutdown evidence chain does not apply, so the period stays rankable; scores near the step(s) carry some stale-baseline inflation",0.2974,0.1667,0.3908
535,2017-04-27 07:00:00,2017-04-27 07:55:00,60.0,12,100.0,11.85,8.84,1,Cyclone_cone_draft,Cyclone_cone_draft; Cyclone_Inlet_Draft,0,92.9,single_sensor_deviation,False,False,Cyclone_cone_draft alone outside regime envelope; other sensors consistent with current regime,0.215,0.1667,0.39
536,2019-06-03 00:00:00,2019-06-03 01:05:00,70.0,14,100.0,15.37,8.38,1,Cyclone_Gas_Outlet_Temp,Cyclone_Gas_Outlet_Temp; Cyclone_cone_draft,0,98.3,single_sensor_deviation,False,False,Cyclone_Gas_Outlet_Temp alone outside regime envelope; other sensors consistent with current regime,0.2038,0.1667,0.3893
537,2018-10-09 00:00:00,2018-10-09 00:45:00,50.0,10,100.0,7.07,6.15,2,Cyclone_Outlet_Gas_draft; Cyclone_cone_draft,Cyclone_Outlet_Gas_draft; Cyclone_cone_draft,0,98.6,process_correlated,False,False,"2 coupled sensors deviate together: Cyclone_Outlet_Gas_draft, Cyclone_cone_draft",0.1496,0.3333,0.3886
538,2018-10-05 10:10:00,2018-10-05 12:15:00,130.0,26,100.0,8.01,6.69,1,Cyclone_Gas_Outlet_Temp,Cyclone_Gas_Outlet_Temp; Cyclone_cone_draft,0,99.1,single_sensor_deviation,False,False,Cyclone_Gas_Outlet_Temp alone outside regime envelope; other sensors consistent with current regime,0.1627,0.1667,0.3884
539,2018-11-07 00:00:00,2018-11-07 00:30:00,35.0,7,100.0,8.76,6.98,2,Cyclone_Outlet_Gas_draft; Cyclone_Inlet_Draft,Cyclone_Outlet_Gas_draft; Cyclone_Inlet_Draft,0,98.7,process_correlated,False,False,"2 coupled sensors deviate together: Cyclone_Outlet_Gas_draft, Cyclone_Inlet_Draft",0.1698,0.3333,0.3876
540,2017-12-14 18:10:00,2017-12-14 18:45:00,40.0,8,100.0,8.25,6.63,2,Cyclone_Outlet_Gas_draft; Cyclone_Inlet_Draft,Cyclone_Outlet_Gas_draft; Cyclone_Inlet_Draft,0,98.6,process_correlated,False,False,"2 coupled sensors deviate together: Cyclone_Outlet_Gas_draft, Cyclone_Inlet_Draft",0.1612,0.3333,0.3875
541,2018-09-09 00:00:00,2018-09-09 01:10:00,75.0,15,80.0,9.77,6.82,2,Cyclone_Outlet_Gas_draft; Cyclone_Inlet_Draft,Cyclone_Outlet_Gas_draft; Cyclone_Inlet_Draft,0,98.4,process_correlated,False,False,"2 coupled sensors deviate together: Cyclone_Outlet_Gas_draft, Cyclone_Inlet_Draft",0.1659,0.3333,0.3873
542,2017-10-05 00:00:00,2017-10-05 01:00:00,65.0,13,100.0,12.65,8.38,1,Cyclone_cone_draft,Cyclone_cone_draft; Cyclone_Outlet_Gas_draft,0,96.1,single_sensor_deviation,False,False,Cyclone_cone_draft alone outside regime envelope; other sensors consistent with current regime,0.2038,0.1667,0.387
543,2019-07-08 05:25:00,2019-07-08 06:00:00,40.0,8,100.0,6.73,6.59,2,Cyclone_Outlet_Gas_draft; Cyclone_Inlet_Draft,Cyclone_Inlet_Draft; Cyclone_Outlet_Gas_draft,1,83.2,process_correlated,True,False,"2 coupled sensors deviate together: Cyclone_Outlet_Gas_draft, Cyclone_Inlet_Draft | inside COLD/SHUTDOWN regime",0.1603,0.3333,0.387
544,2017-07-10 11:45:00,2017-07-10 13:50:00,130.0,26,38.5,50.0,15.23,0,Cyclone_Material_Temp; Cyclone_Inlet_Gas_Temp,Cyclone_Material_Temp; Cyclone_Inlet_Gas_Temp,1,97.7,transient_spike,True,False,excursion above threshold on max-score sensor only | inside COLD/SHUTDOWN regime,0.3704,0.0,0.3868
545,2018-08-05 14:40:00,2018-08-05 15:05:00,30.0,6,100.0,13.26,10.36,1,Cyclone_Material_Temp,Cyclone_Material_Temp; Cyclone_cone_draft,0,98.4,single_sensor_deviation,False,False,Cyclone_Material_Temp alone outside regime envelope; other sensors consistent with current regime,0.252,0.1667,0.3868
546,2017-12-25 07:55:00,2017-12-25 08:55:00,65.0,13,92.3,8.27,6.0,2,Cyclone_Inlet_Gas_Temp; Cyclone_Inlet_Draft,Cyclone_Inlet_Gas_Temp; Cyclone_Inlet_Draft,0,97.3,process_correlated,False,False,"2 coupled sensors deviate together: Cyclone_Inlet_Gas_Temp, Cyclone_Inlet_Draft",0.1459,0.3333,0.3865
547,2019-08-04 00:00:00,2019-08-04 00:50:00,55.0,11,100.0,11.4,8.74,1,Cyclone_cone_draft,Cyclone_cone_draft; Cyclone_Inlet_Draft,0,98.3,single_sensor_deviation,False,False,Cyclone_cone_draft alone outside regime envelope; other sensors consistent with current regime,0.2126,0.1667,0.3861
548,2018-05-20 10:50:00,2018-05-20 11:35:00,50.0,10,100.0,9.39,8.91,1,Cyclone_Gas_Outlet_Temp,Cyclone_Gas_Outlet_Temp; Cyclone_Outlet_Gas_draft,0,97.0,single_sensor_deviation,False,False,Cyclone_Gas_Outlet_Temp alone outside regime envelope; other sensors consistent with current regime,0.2167,0.1667,0.3851
549,2018-09-25 02:10:00,2018-09-25 03:05:00,60.0,12,91.7,7.72,6.11,2,Cyclone_Outlet_Gas_draft; Cyclone_Inlet_Draft,Cyclone_Outlet_Gas_draft; Cyclone_Inlet_Draft,0,95.9,process_correlated,False,False,"2 coupled sensors deviate together: Cyclone_Outlet_Gas_draft, Cyclone_Inlet_Draft",0.1486,0.3333,0.3846
550,2017-08-01 00:00:00,2017-08-01 01:05:00,70.0,14,100.0,11.35,7.98,1,Cyclone_cone_draft,Cyclone_cone_draft; Cyclone_Outlet_Gas_draft,0,97.5,single_sensor_deviation,False,False,Cyclone_cone_draft alone outside regime envelope; other sensors consistent with current regime,0.1941,0.1667,0.3844
551,2018-10-24 16:00:00,2018-10-24 16:35:00,40.0,8,100.0,9.32,6.37,2,Cyclone_Outlet_Gas_draft; Cyclone_cone_draft,Cyclone_Outlet_Gas_draft; Cyclone_cone_draft,0,96.3,process_correlated,False,False,"2 coupled sensors deviate together: Cyclone_Outlet_Gas_draft, Cyclone_cone_draft",0.1549,0.3333,0.3843
552,2018-09-19 06:25:00,2018-09-19 07:00:00,40.0,8,100.0,14.88,9.41,1,Cyclone_Outlet_Gas_draft,Cyclone_Outlet_Gas_draft; Cyclone_Inlet_Draft,0,99.0,single_sensor_deviation,False,False,Cyclone_Outlet_Gas_draft alone outside regime envelope; other sensors consistent with current regime,0.2289,0.1667,0.3842
553,2018-09-27 09:40:00,2018-09-27 10:35:00,60.0,12,33.3,50.0,17.41,0,Cyclone_Inlet_Gas_Temp; Cyclone_Gas_Outlet_Temp,Cyclone_Inlet_Gas_Temp; Cyclone_Gas_Outlet_Temp,1,97.9,transient_spike,True,False,excursion above threshold on max-score sensor only | inside COLD/SHUTDOWN regime,0.4234,0.0,0.3831
554,2017-04-18 09:40:00,2017-04-18 11:05:00,90.0,18,83.3,16.02,8.73,1,Cyclone_Outlet_Gas_draft,Cyclone_Outlet_Gas_draft; Cyclone_Inlet_Draft,0,99.3,single_sensor_deviation,False,False,Cyclone_Outlet_Gas_draft alone outside regime envelope; other sensors consistent with current regime,0.2123,0.1667,0.3829
555,2017-10-21 19:00:00,2017-10-21 20:00:00,65.0,13,100.0,10.35,8.01,1,Cyclone_Inlet_Gas_Temp,Cyclone_Inlet_Gas_Temp; Cyclone_Outlet_Gas_draft,0,99.5,single_sensor_deviation,False,False,Cyclone_Inlet_Gas_Temp alone outside regime envelope; other sensors consistent with current regime,0.1948,0.1667,0.3824
556,2019-01-22 04:50:00,2019-01-22 05:25:00,40.0,8,100.0,19.01,9.26,1,Cyclone_Material_Temp,Cyclone_Material_Temp; Cyclone_Inlet_Gas_Temp,0,97.1,single_sensor_deviation,False,False,"Cyclone_Material_Temp alone outside regime envelope; other sensors consistent with current regime | note: starting at +10 min after onset, 2 instantaneous temperature step(s) >=300C across 1 channel(s) appear in single 5-min samples, none of them crossing into the cold boundary (<100C) (e.g. Cyclone_Material_Temp 1188 -> 216 C, 972C) - jumps far beyond thermal-mass limits, but NOT a recorded hot<->cold operating-state transition -> the startup/shutdown evidence chain does not apply, so the period stays rankable; scores near the step(s) carry some stale-baseline inflation",0.2252,0.1667,0.3824
557,2017-02-25 03:10:00,2017-02-25 03:40:00,35.0,7,71.4,19.76,12.21,1,Cyclone_cone_draft,Cyclone_cone_draft; Cyclone_Inlet_Gas_Temp,0,98.4,single_sensor_deviation,False,False,Cyclone_cone_draft alone outside regime envelope; other sensors consistent with current regime,0.2969,0.1667,0.3823
558,2017-05-01 06:15:00,2017-05-01 07:05:00,55.0,11,100.0,10.76,8.34,1,Cyclone_Material_Temp,Cyclone_Material_Temp; Cyclone_Gas_Outlet_Temp,0,83.5,single_sensor_deviation,False,False,Cyclone_Material_Temp alone outside regime envelope; other sensors consistent with current regime,0.2028,0.1667,0.3812
559,2018-12-03 06:20:00,2018-12-03 10:40:00,265.0,53,88.7,5.72,5.26,1,Cyclone_Gas_Outlet_Temp,Cyclone_Gas_Outlet_Temp; Cyclone_Material_Temp,0,94.8,single_sensor_deviation,False,False,Cyclone_Gas_Outlet_Temp alone outside regime envelope; other sensors consistent with current regime,0.1279,0.1667,0.3811
560,2019-12-25 03:25:00,2019-12-25 06:30:00,190.0,38,81.6,24.22,6.63,1,Cyclone_Inlet_Gas_Temp,Cyclone_Inlet_Gas_Temp; Cyclone_Material_Temp,0,98.1,single_sensor_deviation,False,False,"Cyclone_Inlet_Gas_Temp alone outside regime envelope; other sensors consistent with current regime | note: starting at +70 min after onset, 2 instantaneous temperature step(s) >=300C across 1 channel(s) appear in single 5-min samples, none of them crossing into the cold boundary (<100C) (e.g. Cyclone_Material_Temp 22 -> 360 C, 338C) - jumps far beyond thermal-mass limits, but NOT a recorded hot<->cold operating-state transition -> the startup/shutdown evidence chain does not apply, so the period stays rankable; scores near the step(s) carry some stale-baseline inflation",0.1612,0.1667,0.3792
561,2017-08-02 07:10:00,2017-08-02 07:35:00,30.0,6,100.0,7.53,6.68,2,Cyclone_Inlet_Gas_Temp; Cyclone_Inlet_Draft,Cyclone_Inlet_Gas_Temp; Cyclone_Inlet_Draft,0,99.5,process_correlated,False,False,"2 coupled sensors deviate together: Cyclone_Inlet_Gas_Temp, Cyclone_Inlet_Draft",0.1625,0.3333,0.3791
562,2019-10-27 16:55:00,2019-10-27 17:30:00,40.0,8,100.0,7.02,5.92,2,Cyclone_Outlet_Gas_draft; Cyclone_Inlet_Draft,Cyclone_Inlet_Draft; Cyclone_Outlet_Gas_draft,0,99.5,process_correlated,False,False,"2 coupled sensors deviate together: Cyclone_Outlet_Gas_draft, Cyclone_Inlet_Draft",0.144,0.3333,0.3788
563,2018-12-03 11:15:00,2018-12-03 13:45:00,155.0,31,96.8,8.01,5.68,1,Cyclone_Gas_Outlet_Temp,Cyclone_Gas_Outlet_Temp; Cyclone_cone_draft,0,98.5,single_sensor_deviation,False,False,Cyclone_Gas_Outlet_Temp alone outside regime envelope; other sensors consistent with current regime,0.1381,0.1667,0.378
564,2019-11-28 18:30:00,2019-11-28 19:25:00,60.0,12,91.7,16.42,8.54,1,Cyclone_cone_draft,Cyclone_cone_draft; Cyclone_Inlet_Draft,0,92.1,single_sensor_deviation,False,False,Cyclone_cone_draft alone outside regime envelope; other sensors consistent with current regime,0.2077,0.1667,0.3771
565,2018-09-21 06:20:00,2018-09-21 07:20:00,65.0,13,84.6,7.84,5.92,2,Cyclone_Outlet_Gas_draft; Cyclone_Inlet_Draft,Cyclone_Outlet_Gas_draft; Cyclone_Inlet_Draft,0,96.7,process_correlated,False,False,"2 coupled sensors deviate together: Cyclone_Outlet_Gas_draft, Cyclone_Inlet_Draft",0.144,0.3333,0.3769
566,2018-09-24 19:05:00,2018-09-24 20:45:00,105.0,21,81.0,18.79,8.0,1,Cyclone_Material_Temp,Cyclone_Material_Temp; Cyclone_Inlet_Gas_Temp,0,98.2,single_sensor_deviation,False,False,Cyclone_Material_Temp alone outside regime envelope; other sensors consistent with current regime,0.1946,0.1667,0.3763
567,2017-02-24 22:25:00,2017-02-24 23:15:00,55.0,11,81.8,28.39,9.54,1,Cyclone_cone_draft,Cyclone_cone_draft; Cyclone_Material_Temp,0,98.7,single_sensor_deviation,False,False,Cyclone_cone_draft alone outside regime envelope; other sensors consistent with current regime,0.232,0.1667,0.3755
568,2018-08-05 13:30:00,2018-08-05 14:00:00,35.0,7,100.0,11.15,9.03,1,Cyclone_Material_Temp,Cyclone_Material_Temp; Cyclone_Inlet_Gas_Temp,0,97.0,single_sensor_deviation,False,False,Cyclone_Material_Temp alone outside regime envelope; other sensors consistent with current regime,0.2196,0.1667,0.3754
569,2017-10-07 08:20:00,2017-10-07 10:00:00,105.0,21,85.7,11.64,7.47,1,Cyclone_Material_Temp,Cyclone_Material_Temp; Cyclone_cone_draft,0,97.9,single_sensor_deviation,False,False,Cyclone_Material_Temp alone outside regime envelope; other sensors consistent with current regime,0.1817,0.1667,0.3751
570,2019-02-06 07:15:00,2019-02-06 07:40:00,30.0,6,100.0,7.91,6.3,2,Cyclone_Material_Temp; Cyclone_Gas_Outlet_Temp,Cyclone_Gas_Outlet_Temp; Cyclone_Material_Temp,0,98.2,process_correlated,False,False,"2 coupled sensors deviate together: Cyclone_Material_Temp, Cyclone_Gas_Outlet_Temp",0.1532,0.3333,0.3744
571,2017-02-20 11:20:00,2017-02-20 11:55:00,40.0,8,75.0,13.41,7.82,2,Cyclone_Outlet_Gas_draft; Cyclone_Inlet_Draft,Cyclone_Outlet_Gas_draft; Cyclone_Inlet_Draft,0,98.6,process_correlated,False,False,"2 coupled sensors deviate together: Cyclone_Outlet_Gas_draft, Cyclone_Inlet_Draft",0.1902,0.3333,0.3741
572,2019-09-30 15:35:00,2019-09-30 17:05:00,95.0,19,84.2,50.0,7.79,1,Cyclone_Material_Temp,Cyclone_Material_Temp; Cyclone_Inlet_Gas_Temp,1,97.7,instrument_fault,True,False,Cyclone_Material_Temp=0.0 in 79% of interval while gas path at 29C -> transmitter/loop failure | inside COLD/SHUTDOWN regime,0.1895,0.1667,0.3741
573,2018-03-03 00:00:00,2018-03-03 00:55:00,60.0,12,100.0,9.3,7.52,1,Cyclone_cone_draft,Cyclone_cone_draft; Cyclone_Inlet_Draft,0,96.5,single_sensor_deviation,False,False,Cyclone_cone_draft alone outside regime envelope; other sensors consistent with current regime,0.1829,0.1667,0.3739
574,2017-11-11 23:50:00,2017-11-12 01:05:00,80.0,16,93.8,13.11,7.32,1,Cyclone_Material_Temp,Cyclone_Material_Temp; Cyclone_Outlet_Gas_draft,0,98.9,single_sensor_deviation,False,False,Cyclone_Material_Temp alone outside regime envelope; other sensors consistent with current regime,0.178,0.1667,0.3736
575,2018-06-05 00:00:00,2018-06-05 01:10:00,75.0,15,100.0,12.74,6.85,1,Cyclone_cone_draft,Cyclone_cone_draft; Cyclone_Outlet_Gas_draft,0,99.1,single_sensor_deviation,False,False,Cyclone_cone_draft alone outside regime envelope; other sensors consistent with current regime,0.1666,0.1667,0.3728
576,2020-01-06 15:45:00,2020-01-06 17:05:00,85.0,17,94.1,10.4,7.06,1,Cyclone_cone_draft,Cyclone_cone_draft; Cyclone_Inlet_Draft,0,92.4,single_sensor_deviation,False,False,Cyclone_cone_draft alone outside regime envelope; other sensors consistent with current regime,0.1717,0.1667,0.3727
577,2018-08-11 23:55:00,2018-08-12 00:20:00,30.0,6,100.0,7.32,6.15,2,Cyclone_Outlet_Gas_draft; Cyclone_Inlet_Draft,Cyclone_Outlet_Gas_draft; Cyclone_Inlet_Draft,0,99.0,process_correlated,False,False,"2 coupled sensors deviate together: Cyclone_Outlet_Gas_draft, Cyclone_Inlet_Draft",0.1496,0.3333,0.3726
578,2019-06-06 13:00:00,2019-06-06 14:10:00,75.0,15,33.3,50.0,15.97,0,Cyclone_Inlet_Gas_Temp; Cyclone_Gas_Outlet_Temp,Cyclone_Inlet_Gas_Temp; Cyclone_Gas_Outlet_Temp,1,97.8,transient_spike,True,False,excursion above threshold on max-score sensor only | inside COLD/SHUTDOWN regime,0.3884,0.0,0.3725
579,2017-04-06 00:00:00,2017-04-06 01:05:00,70.0,14,100.0,8.75,6.93,1,Cyclone_cone_draft,Cyclone_cone_draft; Cyclone_Inlet_Draft,0,96.2,single_sensor_deviation,False,False,Cyclone_cone_draft alone outside regime envelope; other sensors consistent with current regime,0.1685,0.1667,0.3715
580,2018-09-21 23:20:00,2018-09-22 00:00:00,45.0,9,88.9,7.2,6.03,2,Cyclone_Outlet_Gas_draft; Cyclone_Inlet_Draft,Cyclone_Outlet_Gas_draft; Cyclone_Inlet_Draft,0,93.6,process_correlated,False,False,"2 coupled sensors deviate together: Cyclone_Outlet_Gas_draft, Cyclone_Inlet_Draft",0.1466,0.3333,0.3714
581,2018-12-02 00:00:00,2018-12-02 00:40:00,45.0,9,100.0,9.23,8.04,1,Cyclone_Gas_Outlet_Temp,Cyclone_Gas_Outlet_Temp; Cyclone_Material_Temp,0,98.0,single_sensor_deviation,False,False,Cyclone_Gas_Outlet_Temp alone outside regime envelope; other sensors consistent with current regime,0.1955,0.1667,0.3711
582,2020-04-02 00:00:00,2020-04-02 00:50:00,55.0,11,100.0,8.84,7.52,1,Cyclone_cone_draft,Cyclone_cone_draft; Cyclone_Inlet_Draft,0,96.4,single_sensor_deviation,False,False,Cyclone_cone_draft alone outside regime envelope; other sensors consistent with current regime,0.1829,0.1667,0.3711
583,2019-07-17 21:35:00,2019-07-17 22:05:00,35.0,7,57.1,9.15,6.44,3,Cyclone_Outlet_Gas_draft; Cyclone_cone_draft; Cyclone_Inlet_Draft,Cyclone_Outlet_Gas_draft; Cyclone_Inlet_Draft,0,98.7,process_correlated,False,False,"3 coupled sensors deviate together: Cyclone_Outlet_Gas_draft, Cyclone_cone_draft, Cyclone_Inlet_Draft",0.1566,0.5,0.3702
584,2018-04-07 00:00:00,2018-04-07 00:35:00,40.0,8,87.5,11.71,9.39,1,Cyclone_Material_Temp,Cyclone_Material_Temp; Cyclone_Gas_Outlet_Temp,0,98.0,single_sensor_deviation,False,False,Cyclone_Material_Temp alone outside regime envelope; other sensors consistent with current regime,0.2284,0.1667,0.37
585,2017-02-20 05:45:00,2017-02-20 06:25:00,45.0,9,100.0,9.85,7.94,1,Cyclone_Material_Temp,Cyclone_Material_Temp; Cyclone_Inlet_Gas_Temp,0,87.3,single_sensor_deviation,False,False,Cyclone_Material_Temp alone outside regime envelope; other sensors consistent with current regime,0.1931,0.1667,0.3699
586,2018-11-03 00:00:00,2018-11-03 00:40:00,45.0,9,100.0,9.88,7.92,1,Cyclone_Gas_Outlet_Temp,Cyclone_Gas_Outlet_Temp; Cyclone_Outlet_Gas_draft,0,96.9,single_sensor_deviation,False,False,Cyclone_Gas_Outlet_Temp alone outside regime envelope; other sensors consistent with current regime,0.1926,0.1667,0.3697
587,2020-01-29 07:35:00,2020-01-29 09:20:00,110.0,22,72.7,23.94,8.07,1,Cyclone_Inlet_Gas_Temp,Cyclone_Inlet_Gas_Temp; Cyclone_Material_Temp,0,98.9,single_sensor_deviation,False,False,Cyclone_Inlet_Gas_Temp alone outside regime envelope; other sensors consistent with current regime,0.1963,0.1667,0.3694
588,2018-08-05 00:00:00,2018-08-05 00:30:00,35.0,7,85.7,9.33,6.78,2,Cyclone_cone_draft; Cyclone_Gas_Outlet_Temp,Cyclone_Gas_Outlet_Temp; Cyclone_cone_draft,0,98.8,process_correlated,False,False,"2 coupled sensors deviate together: Cyclone_cone_draft, Cyclone_Gas_Outlet_Temp",0.1649,0.3333,0.3691
589,2018-11-04 00:00:00,2018-11-04 01:20:00,85.0,17,82.4,13.9,7.82,1,Cyclone_Gas_Outlet_Temp,Cyclone_Gas_Outlet_Temp; Cyclone_Material_Temp,0,95.3,single_sensor_deviation,False,False,Cyclone_Gas_Outlet_Temp alone outside regime envelope; other sensors consistent with current regime,0.1902,0.1667,0.3689
590,2020-06-22 17:25:00,2020-06-22 18:05:00,45.0,9,88.9,6.98,5.79,2,Cyclone_Outlet_Gas_draft; Cyclone_Inlet_Draft,Cyclone_Outlet_Gas_draft; Cyclone_Inlet_Draft,0,96.0,process_correlated,False,False,"2 coupled sensors deviate together: Cyclone_Outlet_Gas_draft, Cyclone_Inlet_Draft",0.1408,0.3333,0.3685
591,2017-02-27 12:45:00,2017-02-27 13:35:00,55.0,11,100.0,9.15,7.29,1,Cyclone_cone_draft,Cyclone_cone_draft; Cyclone_Gas_Outlet_Temp,0,95.1,single_sensor_deviation,False,False,Cyclone_cone_draft alone outside regime envelope; other sensors consistent with current regime,0.1773,0.1667,0.3683
592,2017-11-16 10:00:00,2017-11-16 10:30:00,35.0,7,100.0,9.59,8.44,1,Cyclone_Gas_Outlet_Temp,Cyclone_Gas_Outlet_Temp; Cyclone_Material_Temp,0,86.5,single_sensor_deviation,False,False,Cyclone_Gas_Outlet_Temp alone outside regime envelope; other sensors consistent with current regime,0.2053,0.1667,0.3681
593,2018-11-20 15:10:00,2018-11-20 15:45:00,40.0,8,87.5,7.92,6.12,2,Cyclone_cone_draft; Cyclone_Inlet_Draft,Cyclone_Inlet_Draft; Cyclone_cone_draft,0,98.1,process_correlated,False,False,"2 coupled sensors deviate together: Cyclone_cone_draft, Cyclone_Inlet_Draft",0.1488,0.3333,0.3672
594,2018-09-05 00:00:00,2018-09-05 00:55:00,60.0,12,100.0,9.13,6.94,1,Cyclone_Outlet_Gas_draft,Cyclone_Outlet_Gas_draft; Cyclone_Inlet_Draft,0,97.7,single_sensor_deviation,False,False,Cyclone_Outlet_Gas_draft alone outside regime envelope; other sensors consistent with current regime,0.1688,0.1667,0.3668
595,2017-07-06 00:00:00,2017-07-06 00:45:00,50.0,10,100.0,10.33,7.39,1,Cyclone_cone_draft,Cyclone_cone_draft; Cyclone_Outlet_Gas_draft,0,98.9,single_sensor_deviation,False,False,Cyclone_cone_draft alone outside regime envelope; other sensors consistent with current regime,0.1797,0.1667,0.3665
596,2017-10-23 17:55:00,2017-10-23 18:25:00,35.0,7,85.7,8.71,6.55,2,Cyclone_Outlet_Gas_draft; Cyclone_Inlet_Draft,Cyclone_Inlet_Draft; Cyclone_Outlet_Gas_draft,0,99.0,process_correlated,False,False,"2 coupled sensors deviate together: Cyclone_Outlet_Gas_draft, Cyclone_Inlet_Draft",0.1593,0.3333,0.3663
597,2018-03-19 23:30:00,2018-03-20 00:45:00,80.0,16,81.2,13.77,7.86,1,Cyclone_Gas_Outlet_Temp,Cyclone_Gas_Outlet_Temp; Cyclone_Inlet_Draft,0,99.5,instrument_fault,False,False,"Cyclone_Gas_Outlet_Temp at range limit 1375C in 12% of interval -> sensor saturation | note: starting at +45 min after onset, 1 instantaneous temperature step(s) >=300C across 1 channel(s) appear in single 5-min samples, none of them crossing into the cold boundary (<100C) (e.g. Cyclone_Gas_Outlet_Temp 1048 -> 1375 C, 327C) - jumps far beyond thermal-mass limits, but NOT a recorded hot<->cold operating-state transition -> the startup/shutdown evidence chain does not apply, so the period stays rankable; scores near the step(s) carry some stale-baseline inflation",0.1912,0.1667,0.3662
598,2019-06-02 14:40:00,2019-06-02 16:10:00,95.0,19,73.7,18.36,8.08,1,Cyclone_Gas_Outlet_Temp,Cyclone_Gas_Outlet_Temp; Cyclone_Inlet_Gas_Temp,0,97.4,single_sensor_deviation,False,False,Cyclone_Gas_Outlet_Temp alone outside regime envelope; other sensors consistent with current regime,0.1965,0.1667,0.3659
599,2019-08-30 22:05:00,2019-08-30 22:30:00,30.0,6,50.0,24.75,13.2,1,Cyclone_Material_Temp,Cyclone_Material_Temp; Cyclone_Gas_Outlet_Temp,0,98.2,single_sensor_deviation,False,False,Cyclone_Material_Temp alone outside regime envelope; other sensors consistent with current regime,0.321,0.1667,0.3657
600,2018-02-01 09:05:00,2018-02-01 10:55:00,115.0,23,73.9,17.58,7.54,1,Cyclone_Gas_Outlet_Temp,Cyclone_Gas_Outlet_Temp; Cyclone_Material_Temp,0,95.4,single_sensor_deviation,False,False,Cyclone_Gas_Outlet_Temp alone outside regime envelope; other sensors consistent with current regime,0.1834,0.1667,0.3656
601,2017-02-25 06:00:00,2017-02-25 07:05:00,70.0,14,85.7,11.08,7.68,1,Cyclone_cone_draft,Cyclone_cone_draft; Cyclone_Material_Temp,0,98.0,single_sensor_deviation,False,False,Cyclone_cone_draft alone outside regime envelope; other sensors consistent with current regime,0.1868,0.1667,0.3647
602,2018-06-14 02:55:00,2018-06-14 03:25:00,35.0,7,100.0,9.38,8.16,1,Cyclone_cone_draft,Cyclone_cone_draft; Cyclone_Gas_Outlet_Temp,0,93.8,single_sensor_deviation,False,False,Cyclone_cone_draft alone outside regime envelope; other sensors consistent with current regime,0.1985,0.1667,0.3647
603,2018-08-03 22:55:00,2018-08-04 00:15:00,85.0,17,94.1,8.34,6.4,1,Cyclone_Gas_Outlet_Temp,Cyclone_Gas_Outlet_Temp; Cyclone_Outlet_Gas_draft,0,98.6,single_sensor_deviation,False,False,Cyclone_Gas_Outlet_Temp alone outside regime envelope; other sensors consistent with current regime,0.1556,0.1667,0.3646
604,2018-06-05 10:40:00,2018-06-05 11:55:00,80.0,16,87.5,14.46,7.15,1,Cyclone_Gas_Outlet_Temp,Cyclone_Gas_Outlet_Temp; Cyclone_cone_draft,0,99.0,single_sensor_deviation,False,False,Cyclone_Gas_Outlet_Temp alone outside regime envelope; other sensors consistent with current regime,0.1739,0.1667,0.3645
605,2017-07-09 15:00:00,2017-07-09 15:25:00,30.0,6,83.3,9.38,7.0,2,Cyclone_Inlet_Gas_Temp; Cyclone_Material_Temp,Cyclone_Material_Temp; Cyclone_Inlet_Gas_Temp,0,94.0,process_correlated,False,False,"2 coupled sensors deviate together: Cyclone_Inlet_Gas_Temp, Cyclone_Material_Temp",0.1702,0.3333,0.3643
606,2017-09-07 00:00:00,2017-09-07 00:35:00,40.0,8,87.5,7.15,5.82,2,Cyclone_cone_draft; Cyclone_Inlet_Draft,Cyclone_Inlet_Draft; Cyclone_cone_draft,0,98.5,process_correlated,False,False,"2 coupled sensors deviate together: Cyclone_cone_draft, Cyclone_Inlet_Draft",0.1415,0.3333,0.3636
607,2017-02-28 14:35:00,2017-02-28 15:40:00,70.0,14,78.6,17.46,8.2,1,Cyclone_Inlet_Gas_Temp,Cyclone_Inlet_Gas_Temp; Cyclone_Material_Temp,0,98.9,single_sensor_deviation,False,False,Cyclone_Inlet_Gas_Temp alone outside regime envelope; other sensors consistent with current regime,0.1994,0.1667,0.3632
608,2019-04-19 04:20:00,2019-04-19 04:45:00,30.0,6,50.0,24.42,13.0,1,Cyclone_Material_Temp,Cyclone_Material_Temp; Cyclone_Inlet_Gas_Temp,0,98.6,single_sensor_deviation,False,False,Cyclone_Material_Temp alone outside regime envelope; other sensors consistent with current regime,0.3162,0.1667,0.3632
609,2017-07-05 04:00:00,2017-07-05 05:15:00,80.0,16,93.8,7.86,6.39,1,Cyclone_cone_draft,Cyclone_cone_draft; Cyclone_Gas_Outlet_Temp,0,92.4,single_sensor_deviation,False,False,Cyclone_cone_draft alone outside regime envelope; other sensors consistent with current regime,0.1554,0.1667,0.3622
610,2019-04-17 16:25:00,2019-04-17 17:05:00,45.0,9,100.0,9.18,7.25,1,Cyclone_cone_draft,Cyclone_cone_draft; Cyclone_Material_Temp,0,96.2,single_sensor_deviation,False,False,Cyclone_cone_draft alone outside regime envelope; other sensors consistent with current regime,0.1763,0.1667,0.3615
611,2019-10-31 17:20:00,2019-10-31 18:05:00,50.0,10,90.0,15.75,7.88,1,Cyclone_Outlet_Gas_draft,Cyclone_Outlet_Gas_draft; Cyclone_Material_Temp,0,99.0,single_sensor_deviation,False,False,Cyclone_Outlet_Gas_draft alone outside regime envelope; other sensors consistent with current regime,0.1916,0.1667,0.3613
612,2018-02-25 08:30:00,2018-02-25 10:15:00,110.0,22,81.8,23.21,6.57,1,Cyclone_Material_Temp,Cyclone_Material_Temp; Cyclone_Gas_Outlet_Temp,0,95.2,single_sensor_deviation,False,False,Cyclone_Material_Temp alone outside regime envelope; other sensors consistent with current regime,0.1598,0.1667,0.3612
613,2019-01-11 17:05:00,2019-01-11 17:30:00,30.0,6,83.3,10.46,6.74,2,Cyclone_Inlet_Gas_Temp; Cyclone_Outlet_Gas_draft,Cyclone_Inlet_Gas_Temp; Cyclone_Outlet_Gas_draft,0,99.1,process_correlated,False,False,"2 coupled sensors deviate together: Cyclone_Inlet_Gas_Temp, Cyclone_Outlet_Gas_draft",0.1639,0.3333,0.3611
614,2019-10-13 00:00:00,2019-10-13 01:20:00,85.0,17,100.0,5.56,5.56,1,Cyclone_Material_Temp,Cyclone_Material_Temp; Cyclone_Inlet_Gas_Temp,1,58.6,instrument_fault,True,False,Cyclone_Material_Temp=0.0 in 100% of interval while gas path at 31C -> transmitter/loop failure | inside COLD/SHUTDOWN regime,0.1352,0.1667,0.361
615,2019-11-02 00:00:00,2019-11-02 00:30:00,35.0,7,100.0,10.64,7.83,1,Cyclone_Gas_Outlet_Temp,Cyclone_Gas_Outlet_Temp; Cyclone_Inlet_Gas_Temp,0,97.3,single_sensor_deviation,False,False,Cyclone_Gas_Outlet_Temp alone outside regime envelope; other sensors consistent with current regime,0.1904,0.1667,0.3607
616,2019-10-02 00:00:00,2019-10-02 01:15:00,80.0,16,100.0,7.99,5.66,1,Cyclone_Gas_Outlet_Temp,Cyclone_Gas_Outlet_Temp; Cyclone_Outlet_Gas_draft,0,97.3,single_sensor_deviation,False,False,Cyclone_Gas_Outlet_Temp alone outside regime envelope; other sensors consistent with current regime,0.1377,0.1667,0.3602
617,2018-09-13 21:45:00,2018-09-13 22:40:00,60.0,12,91.7,9.67,7.14,1,Cyclone_cone_draft,Cyclone_cone_draft; Cyclone_Gas_Outlet_Temp,0,98.4,single_sensor_deviation,False,False,Cyclone_cone_draft alone outside regime envelope; other sensors consistent with current regime,0.1736,0.1667,0.3599
618,2018-07-21 22:55:00,2018-07-21 23:40:00,50.0,10,100.0,8.82,6.81,1,Cyclone_Inlet_Gas_Temp,Cyclone_Inlet_Gas_Temp; Cyclone_Gas_Outlet_Temp,0,89.6,single_sensor_deviation,False,False,Cyclone_Inlet_Gas_Temp alone outside regime envelope; other sensors consistent with current regime,0.1656,0.1667,0.3594
619,2018-01-18 21:25:00,2018-01-18 22:35:00,75.0,15,80.0,12.52,7.56,1,Cyclone_Material_Temp,Cyclone_Material_Temp; Cyclone_Gas_Outlet_Temp,0,88.3,single_sensor_deviation,False,False,Cyclone_Material_Temp alone outside regime envelope; other sensors consistent with current regime,0.1839,0.1667,0.3591
620,2018-08-28 21:15:00,2018-08-28 21:55:00,45.0,9,100.0,11.93,7.05,1,Cyclone_cone_draft,Cyclone_cone_draft; Cyclone_Material_Temp,0,98.7,single_sensor_deviation,False,False,Cyclone_cone_draft alone outside regime envelope; other sensors consistent with current regime,0.1715,0.1667,0.359
621,2019-03-30 12:25:00,2019-03-30 13:30:00,70.0,14,100.0,6.72,5.88,1,Cyclone_cone_draft,Cyclone_cone_draft; Cyclone_Gas_Outlet_Temp,0,96.1,single_sensor_deviation,False,False,Cyclone_cone_draft alone outside regime envelope; other sensors consistent with current regime,0.143,0.1667,0.3587
622,2019-01-22 12:45:00,2019-01-22 13:45:00,65.0,13,100.0,7.42,6.03,1,Cyclone_Gas_Outlet_Temp,Cyclone_Gas_Outlet_Temp; Cyclone_Material_Temp,0,75.5,single_sensor_deviation,False,False,Cyclone_Gas_Outlet_Temp alone outside regime envelope; other sensors consistent with current regime,0.1466,0.1667,0.3582
623,2017-02-24 23:55:00,2017-02-25 00:45:00,55.0,11,100.0,7.13,6.45,1,Cyclone_Material_Temp,Cyclone_Material_Temp; Cyclone_Outlet_Gas_draft,0,75.3,single_sensor_deviation,False,False,Cyclone_Material_Temp alone outside regime envelope; other sensors consistent with current regime,0.1569,0.1667,0.358
624,2019-04-24 09:25:00,2019-04-24 10:25:00,65.0,13,92.3,10.55,6.7,1,Cyclone_Gas_Outlet_Temp,Cyclone_Gas_Outlet_Temp; Cyclone_Material_Temp,0,96.5,single_sensor_deviation,False,False,Cyclone_Gas_Outlet_Temp alone outside regime envelope; other sensors consistent with current regime,0.1629,0.1667,0.3578
625,2019-06-13 00:00:00,2019-06-13 01:20:00,85.0,17,100.0,5.28,5.27,1,Cyclone_Material_Temp,Cyclone_Material_Temp; Cyclone_Inlet_Gas_Temp,1,81.2,instrument_fault,True,False,Cyclone_Material_Temp frozen at 41.64 for 100% of interval (85 min) -> stuck value | inside COLD/SHUTDOWN regime,0.1282,0.1667,0.3574
626,2017-08-31 08:25:00,2017-08-31 09:20:00,60.0,12,75.0,14.19,8.44,1,Cyclone_Material_Temp,Cyclone_Material_Temp; Cyclone_Inlet_Gas_Temp,0,96.2,single_sensor_deviation,False,False,Cyclone_Material_Temp alone outside regime envelope; other sensors consistent with current regime,0.2053,0.1667,0.3572
627,2019-02-05 00:25:00,2019-02-05 01:05:00,45.0,9,88.9,12.97,7.85,1,Cyclone_Gas_Outlet_Temp,Cyclone_Gas_Outlet_Temp; Cyclone_Material_Temp,0,96.7,single_sensor_deviation,False,False,Cyclone_Gas_Outlet_Temp alone outside regime envelope; other sensors consistent with current regime,0.1909,0.1667,0.3564
628,2017-10-03 19:10:00,2017-10-03 19:35:00,30.0,6,100.0,7.75,7.75,1,Cyclone_Material_Temp,Cyclone_Material_Temp; Cyclone_Inlet_Gas_Temp,0,88.9,instrument_fault,False,False,Cyclone_Material_Temp frozen at 636.11 for 100% of interval (30 min) -> stuck value,0.1885,0.1667,0.3549
629,2017-09-08 00:00:00,2017-09-08 01:00:00,65.0,13,92.3,8.17,6.41,1,Cyclone_cone_draft,Cyclone_cone_draft; Cyclone_Inlet_Draft,0,94.6,single_sensor_deviation,False,False,Cyclone_cone_draft alone outside regime envelope; other sensors consistent with current regime,0.1559,0.1667,0.3542
630,2018-08-27 21:50:00,2018-08-27 22:50:00,65.0,13,84.6,10.22,7.11,1,Cyclone_cone_draft,Cyclone_cone_draft; Cyclone_Gas_Outlet_Temp,0,98.1,single_sensor_deviation,False,False,Cyclone_cone_draft alone outside regime envelope; other sensors consistent with current regime,0.1729,0.1667,0.3542
631,2020-07-07 20:10:00,2020-07-07 21:25:00,80.0,16,87.5,10.1,6.25,1,Cyclone_cone_draft,Cyclone_cone_draft; Cyclone_Inlet_Draft,0,85.7,single_sensor_deviation,False,False,Cyclone_cone_draft alone outside regime envelope; other sensors consistent with current regime,0.152,0.1667,0.3535
632,2017-08-27 16:35:00,2017-08-27 17:05:00,35.0,7,100.0,9.35,7.23,1,Cyclone_Gas_Outlet_Temp,Cyclone_Gas_Outlet_Temp; Cyclone_Material_Temp,0,89.0,single_sensor_deviation,False,False,Cyclone_Gas_Outlet_Temp alone outside regime envelope; other sensors consistent with current regime,0.1758,0.1667,0.3533
633,2019-04-16 20:55:00,2019-04-16 21:55:00,65.0,13,92.3,8.11,6.32,1,Cyclone_Outlet_Gas_draft,Cyclone_Outlet_Gas_draft; Cyclone_cone_draft,0,97.4,single_sensor_deviation,False,False,Cyclone_Outlet_Gas_draft alone outside regime envelope; other sensors consistent with current regime,0.1537,0.1667,0.3531
634,2019-10-24 06:20:00,2019-10-24 07:35:00,80.0,16,50.0,50.0,12.69,0,Cyclone_cone_draft; Cyclone_Inlet_Draft,Cyclone_cone_draft; Cyclone_Inlet_Draft,1,98.4,transient_spike,True,False,excursion above threshold on max-score sensor only | inside COLD/SHUTDOWN regime,0.3086,0.0,0.3531
635,2018-04-13 04:20:00,2018-04-13 05:15:00,60.0,12,83.3,12.38,7.29,1,Cyclone_Material_Temp,Cyclone_Material_Temp; Cyclone_cone_draft,0,96.4,single_sensor_deviation,False,False,Cyclone_Material_Temp alone outside regime envelope; other sensors consistent with current regime,0.1773,0.1667,0.3524
636,2019-07-03 13:50:00,2019-07-03 14:25:00,40.0,8,100.0,7.92,6.74,1,Cyclone_cone_draft,Cyclone_cone_draft; Cyclone_Material_Temp,0,89.8,single_sensor_deviation,False,False,Cyclone_cone_draft alone outside regime envelope; other sensors consistent with current regime,0.1639,0.1667,0.3515
637,2018-10-03 00:00:00,2018-10-03 00:35:00,40.0,8,100.0,8.79,6.72,1,Cyclone_Gas_Outlet_Temp,Cyclone_Gas_Outlet_Temp; Cyclone_cone_draft,0,97.3,single_sensor_deviation,False,False,Cyclone_Gas_Outlet_Temp alone outside regime envelope; other sensors consistent with current regime,0.1634,0.1667,0.3513
638,2019-10-20 19:25:00,2019-10-20 20:20:00,60.0,12,41.7,50.0,13.99,0,Cyclone_Material_Temp; Cyclone_Inlet_Gas_Temp,Cyclone_Material_Temp; Cyclone_Inlet_Gas_Temp,1,97.6,transient_spike,True,False,excursion above threshold on max-score sensor only | inside COLD/SHUTDOWN regime,0.3402,0.0,0.3506
639,2018-12-20 19:25:00,2018-12-20 19:55:00,35.0,7,100.0,8.7,7.0,1,Cyclone_Gas_Outlet_Temp,Cyclone_Gas_Outlet_Temp; Cyclone_Inlet_Gas_Temp,0,89.2,single_sensor_deviation,False,False,Cyclone_Gas_Outlet_Temp alone outside regime envelope; other sensors consistent with current regime,0.1702,0.1667,0.3505
640,2020-06-06 00:00:00,2020-06-06 00:25:00,30.0,6,83.3,6.66,5.84,2,Cyclone_Outlet_Gas_draft; Cyclone_Inlet_Draft,Cyclone_Inlet_Draft; Cyclone_Outlet_Gas_draft,0,97.1,process_correlated,False,False,"2 coupled sensors deviate together: Cyclone_Outlet_Gas_draft, Cyclone_Inlet_Draft",0.142,0.3333,0.3501
641,2020-11-03 00:00:00,2020-11-03 00:55:00,60.0,12,83.3,11.34,7.09,1,Cyclone_cone_draft,Cyclone_cone_draft; Cyclone_Outlet_Gas_draft,0,98.2,single_sensor_deviation,False,False,Cyclone_cone_draft alone outside regime envelope; other sensors consistent with current regime,0.1724,0.1667,0.3499
642,2017-02-28 21:35:00,2017-02-28 22:45:00,75.0,15,80.0,10.95,6.79,1,Cyclone_cone_draft,Cyclone_cone_draft; Cyclone_Material_Temp,0,96.1,single_sensor_deviation,False,False,Cyclone_cone_draft alone outside regime envelope; other sensors consistent with current regime,0.1651,0.1667,0.3496
643,2017-09-05 00:00:00,2017-09-05 00:35:00,40.0,8,100.0,8.16,6.57,1,Cyclone_cone_draft,Cyclone_cone_draft; Cyclone_Inlet_Draft,0,98.1,single_sensor_deviation,False,False,Cyclone_cone_draft alone outside regime envelope; other sensors consistent with current regime,0.1598,0.1667,0.3494
644,2019-12-28 15:55:00,2019-12-28 16:30:00,40.0,8,87.5,16.17,7.71,1,Cyclone_Outlet_Gas_draft,Cyclone_Outlet_Gas_draft; Cyclone_Inlet_Draft,0,99.5,single_sensor_deviation,False,False,Cyclone_Outlet_Gas_draft alone outside regime envelope; other sensors consistent with current regime,0.1875,0.1667,0.3494
645,2018-11-04 20:15:00,2018-11-04 20:40:00,30.0,6,100.0,9.15,7.29,1,Cyclone_cone_draft,Cyclone_cone_draft; Cyclone_Material_Temp,0,86.6,single_sensor_deviation,False,False,Cyclone_cone_draft alone outside regime envelope; other sensors consistent with current regime,0.1773,0.1667,0.3492
646,2019-02-14 22:55:00,2019-02-14 23:35:00,45.0,9,100.0,7.11,6.23,1,Cyclone_Gas_Outlet_Temp,Cyclone_Gas_Outlet_Temp; Cyclone_Inlet_Gas_Temp,0,91.3,single_sensor_deviation,False,False,Cyclone_Gas_Outlet_Temp alone outside regime envelope; other sensors consistent with current regime,0.1515,0.1667,0.349
647,2018-03-27 14:20:00,2018-03-27 14:45:00,30.0,6,83.3,16.18,8.78,1,Cyclone_Outlet_Gas_draft,Cyclone_Outlet_Gas_draft; Cyclone_Inlet_Draft,0,99.0,single_sensor_deviation,False,False,Cyclone_Outlet_Gas_draft alone outside regime envelope; other sensors consistent with current regime,0.2135,0.1667,0.3488
648,2018-12-09 00:00:00,2018-12-09 01:00:00,65.0,13,92.3,7.34,5.97,1,Cyclone_cone_draft,Cyclone_cone_draft; Cyclone_Inlet_Draft,0,99.1,single_sensor_deviation,False,False,Cyclone_cone_draft alone outside regime envelope; other sensors consistent with current regime,0.1452,0.1667,0.3488
649,2019-02-04 00:00:00,2019-02-04 00:50:00,55.0,11,90.9,8.79,6.5,1,Cyclone_Outlet_Gas_draft,Cyclone_Outlet_Gas_draft; Cyclone_Inlet_Draft,0,98.3,single_sensor_deviation,False,False,Cyclone_Outlet_Gas_draft alone outside regime envelope; other sensors consistent with current regime,0.1581,0.1667,0.3484
650,2017-05-12 05:20:00,2017-05-12 05:45:00,30.0,6,83.3,25.4,8.72,1,Cyclone_Inlet_Draft,Cyclone_Inlet_Draft; Cyclone_cone_draft,1,98.3,single_sensor_deviation,True,False,Cyclone_Inlet_Draft alone outside regime envelope; other sensors consistent with current regime | inside COLD/SHUTDOWN regime,0.2121,0.1667,0.3481
651,2018-05-23 23:10:00,2018-05-23 23:55:00,50.0,10,60.0,17.94,9.54,1,Cyclone_Gas_Outlet_Temp,Cyclone_Gas_Outlet_Temp; Cyclone_Inlet_Draft,0,98.9,single_sensor_deviation,False,False,"Cyclone_Gas_Outlet_Temp alone outside regime envelope; other sensors consistent with current regime | note: starting at onset, 6 instantaneous temperature step(s) >=300C across 1 channel(s) appear in single 5-min samples, none of them crossing into the cold boundary (<100C) (e.g. Cyclone_Gas_Outlet_Temp 826 -> 243 C, 583C) - jumps far beyond thermal-mass limits, but NOT a recorded hot<->cold operating-state transition -> the startup/shutdown evidence chain does not apply, so the period stays rankable; scores near the step(s) carry some stale-baseline inflation",0.232,0.1667,0.3481
652,2018-10-04 00:00:00,2018-10-04 00:35:00,40.0,8,100.0,7.83,6.46,1,Cyclone_Gas_Outlet_Temp,Cyclone_Gas_Outlet_Temp; Cyclone_cone_draft,0,94.8,single_sensor_deviation,False,False,Cyclone_Gas_Outlet_Temp alone outside regime envelope; other sensors consistent with current regime,0.1571,0.1667,0.3481
653,2017-06-06 07:55:00,2017-06-06 09:10:00,80.0,16,87.5,7.55,5.78,1,Cyclone_Material_Temp,Cyclone_Material_Temp; Cyclone_Inlet_Gas_Temp,0,97.3,single_sensor_deviation,False,False,Cyclone_Material_Temp alone outside regime envelope; other sensors consistent with current regime,0.1406,0.1667,0.3477
654,2020-07-17 12:35:00,2020-07-17 13:50:00,80.0,16,81.2,10.45,6.29,1,Cyclone_Material_Temp,Cyclone_Material_Temp; Cyclone_Inlet_Draft,0,90.3,single_sensor_deviation,False,False,Cyclone_Material_Temp alone outside regime envelope; other sensors consistent with current regime,0.153,0.1667,0.3469
655,2017-06-09 00:00:00,2017-06-09 00:50:00,55.0,11,90.9,7.8,6.33,1,Cyclone_Outlet_Gas_draft,Cyclone_Outlet_Gas_draft; Cyclone_cone_draft,0,95.6,single_sensor_deviation,False,False,Cyclone_Outlet_Gas_draft alone outside regime envelope; other sensors consistent with current regime,0.1539,0.1667,0.3464
656,2017-01-07 00:00:00,2017-01-07 00:25:00,30.0,6,100.0,9.9,7.01,1,Cyclone_Inlet_Draft,Cyclone_Inlet_Draft; Cyclone_Outlet_Gas_draft,0,93.0,single_sensor_deviation,False,False,Cyclone_Inlet_Draft alone outside regime envelope; other sensors consistent with current regime,0.1705,0.1667,0.3458
657,2019-02-24 16:45:00,2019-02-24 18:25:00,105.0,21,76.2,7.99,5.95,1,Cyclone_cone_draft,Cyclone_cone_draft; Cyclone_Outlet_Gas_draft,0,93.8,single_sensor_deviation,False,False,Cyclone_cone_draft alone outside regime envelope; other sensors consistent with current regime,0.1447,0.1667,0.3458
658,2017-03-26 14:55:00,2017-03-26 15:50:00,60.0,12,91.7,7.18,5.97,1,Cyclone_Gas_Outlet_Temp,Cyclone_Gas_Outlet_Temp; Cyclone_Material_Temp,0,89.1,single_sensor_deviation,False,False,Cyclone_Gas_Outlet_Temp alone outside regime envelope; other sensors consistent with current regime,0.1452,0.1667,0.3456
659,2019-03-11 06:05:00,2019-03-11 06:30:00,30.0,6,66.7,10.66,6.98,2,Cyclone_Outlet_Gas_draft; Cyclone_cone_draft,Cyclone_Outlet_Gas_draft; Cyclone_cone_draft,0,99.5,process_correlated,False,False,"2 coupled sensors deviate together: Cyclone_Outlet_Gas_draft, Cyclone_cone_draft",0.1698,0.3333,0.3455
660,2017-12-04 04:05:00,2017-12-04 05:00:00,60.0,12,100.0,5.18,5.15,1,Cyclone_cone_draft,Cyclone_cone_draft; Cyclone_Gas_Outlet_Temp,0,98.1,single_sensor_deviation,False,False,Cyclone_cone_draft alone outside regime envelope; other sensors consistent with current regime,0.1252,0.1667,0.3449
661,2017-06-21 07:00:00,2017-06-21 07:35:00,40.0,8,100.0,7.95,6.17,1,Cyclone_Gas_Outlet_Temp,Cyclone_Gas_Outlet_Temp; Cyclone_Material_Temp,0,90.4,single_sensor_deviation,False,False,Cyclone_Gas_Outlet_Temp alone outside regime envelope; other sensors consistent with current regime,0.1501,0.1667,0.3445
662,2019-03-21 19:50:00,2019-03-21 20:50:00,65.0,13,84.6,8.16,6.32,1,Cyclone_cone_draft,Cyclone_cone_draft; Cyclone_Gas_Outlet_Temp,0,98.4,single_sensor_deviation,False,False,Cyclone_cone_draft alone outside regime envelope; other sensors consistent with current regime,0.1537,0.1667,0.3445
663,2017-08-17 22:40:00,2017-08-17 23:35:00,60.0,12,83.3,12.56,6.62,1,Cyclone_Material_Temp,Cyclone_Material_Temp; Cyclone_Inlet_Gas_Temp,0,79.3,single_sensor_deviation,False,False,Cyclone_Material_Temp alone outside regime envelope; other sensors consistent with current regime,0.161,0.1667,0.3442
664,2017-12-10 01:15:00,2017-12-10 01:55:00,45.0,9,100.0,5.96,5.84,1,Cyclone_Inlet_Gas_Temp,Cyclone_Inlet_Gas_Temp; Cyclone_Gas_Outlet_Temp,1,72.3,single_sensor_deviation,True,False,Cyclone_Inlet_Gas_Temp alone outside regime envelope; other sensors consistent with current regime | inside COLD/SHUTDOWN regime,0.142,0.1667,0.3442
665,2018-05-09 15:20:00,2018-05-09 15:50:00,35.0,7,100.0,8.14,6.48,1,Cyclone_cone_draft,Cyclone_cone_draft; Cyclone_Material_Temp,0,98.1,single_sensor_deviation,False,False,Cyclone_cone_draft alone outside regime envelope; other sensors consistent with current regime,0.1576,0.1667,0.3441
666,2018-09-01 07:50:00,2018-09-01 09:15:00,90.0,18,77.8,11.2,6.03,1,Cyclone_Outlet_Gas_draft,Cyclone_Outlet_Gas_draft; Cyclone_cone_draft,0,99.2,single_sensor_deviation,False,False,Cyclone_Outlet_Gas_draft alone outside regime envelope; other sensors consistent with current regime,0.1466,0.1667,0.3437
667,2017-11-04 00:00:00,2017-11-04 01:00:00,65.0,13,84.6,8.77,6.23,1,Cyclone_Outlet_Gas_draft,Cyclone_Outlet_Gas_draft; Cyclone_Inlet_Draft,0,97.6,single_sensor_deviation,False,False,Cyclone_Outlet_Gas_draft alone outside regime envelope; other sensors consistent with current regime,0.1515,0.1667,0.3434
668,2017-12-08 00:00:00,2017-12-08 00:40:00,45.0,9,88.9,11.26,6.78,1,Cyclone_Outlet_Gas_draft,Cyclone_Outlet_Gas_draft; Cyclone_Inlet_Draft,0,98.2,single_sensor_deviation,False,False,Cyclone_Outlet_Gas_draft alone outside regime envelope; other sensors consistent with current regime,0.1649,0.1667,0.3433
669,2017-01-09 00:00:00,2017-01-09 00:45:00,50.0,10,90.0,7.38,6.36,1,Cyclone_Outlet_Gas_draft,Cyclone_Outlet_Gas_draft; Cyclone_cone_draft,0,92.3,single_sensor_deviation,False,False,Cyclone_Outlet_Gas_draft alone outside regime envelope; other sensors consistent with current regime,0.1547,0.1667,0.3427
670,2017-03-19 00:45:00,2017-03-19 01:20:00,40.0,8,87.5,9.69,7.15,1,Cyclone_Material_Temp,Cyclone_Material_Temp; Cyclone_Inlet_Gas_Temp,0,96.2,single_sensor_deviation,False,False,Cyclone_Material_Temp alone outside regime envelope; other sensors consistent with current regime,0.1739,0.1667,0.3425
671,2018-01-04 00:00:00,2018-01-04 00:45:00,50.0,10,90.0,8.76,6.34,1,Cyclone_Outlet_Gas_draft,Cyclone_Outlet_Gas_draft; Cyclone_Inlet_Draft,0,96.2,single_sensor_deviation,False,False,Cyclone_Outlet_Gas_draft alone outside regime envelope; other sensors consistent with current regime,0.1542,0.1667,0.3425
672,2017-08-02 04:35:00,2017-08-02 05:10:00,40.0,8,87.5,10.42,7.11,1,Cyclone_Inlet_Gas_Temp,Cyclone_Inlet_Gas_Temp; Cyclone_Material_Temp,0,98.1,single_sensor_deviation,False,False,Cyclone_Inlet_Gas_Temp alone outside regime envelope; other sensors consistent with current regime,0.1729,0.1667,0.3421
673,2019-03-02 00:00:00,2019-03-02 00:40:00,45.0,9,100.0,6.68,5.65,1,Cyclone_Gas_Outlet_Temp,Cyclone_Gas_Outlet_Temp; Cyclone_Inlet_Draft,0,94.8,single_sensor_deviation,False,False,Cyclone_Gas_Outlet_Temp alone outside regime envelope; other sensors consistent with current regime,0.1374,0.1667,0.3419
674,2019-09-07 16:40:00,2019-09-07 17:20:00,45.0,9,77.8,20.35,7.65,1,Cyclone_Outlet_Gas_draft,Cyclone_Outlet_Gas_draft; Cyclone_Inlet_Draft,0,98.8,single_sensor_deviation,False,False,Cyclone_Outlet_Gas_draft alone outside regime envelope; other sensors consistent with current regime,0.186,0.1667,0.3415
675,2017-11-09 00:00:00,2017-11-09 00:25:00,30.0,6,100.0,8.66,6.64,1,Cyclone_Outlet_Gas_draft,Cyclone_Outlet_Gas_draft; Cyclone_cone_draft,0,95.3,single_sensor_deviation,False,False,Cyclone_Outlet_Gas_draft alone outside regime envelope; other sensors consistent with current regime,0.1615,0.1667,0.3413
676,2017-06-06 00:00:00,2017-06-06 00:30:00,35.0,7,100.0,7.02,6.24,1,Cyclone_cone_draft,Cyclone_cone_draft; Cyclone_Inlet_Draft,0,91.7,single_sensor_deviation,False,False,Cyclone_cone_draft alone outside regime envelope; other sensors consistent with current regime,0.1518,0.1667,0.3412
677,2018-05-20 12:25:00,2018-05-20 12:55:00,35.0,7,71.4,12.01,8.84,1,Cyclone_Gas_Outlet_Temp,Cyclone_Gas_Outlet_Temp; Cyclone_Inlet_Draft,0,99.0,single_sensor_deviation,False,False,"Cyclone_Gas_Outlet_Temp alone outside regime envelope; other sensors consistent with current regime | note: starting at onset, 1 instantaneous temperature step(s) >=300C across 1 channel(s) appear in single 5-min samples, none of them crossing into the cold boundary (<100C) (e.g. Cyclone_Gas_Outlet_Temp 868 -> 466 C, 402C) - jumps far beyond thermal-mass limits, but NOT a recorded hot<->cold operating-state transition -> the startup/shutdown evidence chain does not apply, so the period stays rankable; scores near the step(s) carry some stale-baseline inflation",0.215,0.1667,0.341
678,2018-09-17 00:50:00,2018-09-17 01:30:00,45.0,9,88.9,8.52,6.55,1,Cyclone_cone_draft,Cyclone_cone_draft; Cyclone_Material_Temp,1,83.9,single_sensor_deviation,True,False,Cyclone_cone_draft alone outside regime envelope; other sensors consistent with current regime | inside COLD/SHUTDOWN regime,0.1593,0.1667,0.3405
679,2017-02-24 16:15:00,2017-02-24 17:40:00,90.0,18,77.8,8.5,5.76,1,Cyclone_cone_draft,Cyclone_cone_draft; Cyclone_Material_Temp,0,98.1,single_sensor_deviation,False,False,Cyclone_cone_draft alone outside regime envelope; other sensors consistent with current regime,0.1401,0.1667,0.3404
680,2019-03-04 00:00:00,2019-03-04 00:50:00,55.0,11,90.9,7.64,5.83,1,Cyclone_Outlet_Gas_draft,Cyclone_Outlet_Gas_draft; Cyclone_Inlet_Draft,0,97.9,single_sensor_deviation,False,False,Cyclone_Outlet_Gas_draft alone outside regime envelope; other sensors consistent with current regime,0.1418,0.1667,0.3402
681,2019-04-29 07:45:00,2019-04-29 08:20:00,40.0,8,100.0,6.44,5.82,1,Cyclone_cone_draft,Cyclone_cone_draft; Cyclone_Inlet_Gas_Temp,0,99.3,single_sensor_deviation,False,False,Cyclone_cone_draft alone outside regime envelope; other sensors consistent with current regime,0.1415,0.1667,0.3402
682,2017-10-23 08:00:00,2017-10-23 08:50:00,55.0,11,90.9,7.13,5.66,1,Cyclone_Gas_Outlet_Temp,Cyclone_Gas_Outlet_Temp; Cyclone_Inlet_Gas_Temp,0,96.5,single_sensor_deviation,False,False,Cyclone_Gas_Outlet_Temp alone outside regime envelope; other sensors consistent with current regime,0.1377,0.1667,0.3382
683,2018-03-06 00:00:00,2018-03-06 01:00:00,65.0,13,84.6,6.73,5.76,1,Cyclone_Outlet_Gas_draft,Cyclone_Outlet_Gas_draft; Cyclone_Inlet_Draft,0,96.5,single_sensor_deviation,False,False,Cyclone_Outlet_Gas_draft alone outside regime envelope; other sensors consistent with current regime,0.1401,0.1667,0.3376
684,2018-08-20 18:40:00,2018-08-20 19:20:00,45.0,9,100.0,5.32,5.21,1,Cyclone_cone_draft,Cyclone_cone_draft; Cyclone_Inlet_Draft,0,98.0,instrument_fault,False,False,Cyclone_cone_draft frozen at -27.48 for 89% of interval (45 min) -> stuck value,0.1267,0.1667,0.3365
685,2018-03-02 00:00:00,2018-03-02 01:00:00,65.0,13,69.2,13.89,7.05,1,Cyclone_cone_draft,Cyclone_cone_draft; Cyclone_Gas_Outlet_Temp,0,97.5,single_sensor_deviation,False,False,Cyclone_cone_draft alone outside regime envelope; other sensors consistent with current regime,0.1715,0.1667,0.3362
686,2017-04-09 00:00:00,2017-04-09 00:25:00,30.0,6,100.0,7.36,6.21,1,Cyclone_Outlet_Gas_draft,Cyclone_Outlet_Gas_draft; Cyclone_cone_draft,0,93.6,single_sensor_deviation,False,False,Cyclone_Outlet_Gas_draft alone outside regime envelope; other sensors consistent with current regime,0.151,0.1667,0.336
687,2018-05-13 12:40:00,2018-05-13 13:15:00,40.0,8,100.0,5.9,5.47,1,Cyclone_Gas_Outlet_Temp,Cyclone_Gas_Outlet_Temp; Cyclone_Inlet_Gas_Temp,0,95.9,single_sensor_deviation,False,False,Cyclone_Gas_Outlet_Temp alone outside regime envelope; other sensors consistent with current regime,0.133,0.1667,0.336
688,2018-05-22 11:15:00,2018-05-22 11:50:00,40.0,8,75.0,18.43,7.75,1,Cyclone_Gas_Outlet_Temp,Cyclone_Gas_Outlet_Temp; Cyclone_cone_draft,0,97.3,single_sensor_deviation,False,False,Cyclone_Gas_Outlet_Temp alone outside regime envelope; other sensors consistent with current regime,0.1885,0.1667,0.3359
689,2018-08-03 19:25:00,2018-08-03 19:50:00,30.0,6,100.0,7.83,6.2,1,Cyclone_Gas_Outlet_Temp,Cyclone_Gas_Outlet_Temp; Cyclone_Outlet_Gas_draft,0,96.9,single_sensor_deviation,False,False,Cyclone_Gas_Outlet_Temp alone outside regime envelope; other sensors consistent with current regime,0.1508,0.1667,0.3359
690,2018-06-04 00:05:00,2018-06-04 00:50:00,50.0,10,90.0,6.66,5.79,1,Cyclone_Inlet_Draft,Cyclone_Inlet_Draft; Cyclone_cone_draft,0,98.0,single_sensor_deviation,False,False,Cyclone_Inlet_Draft alone outside regime envelope; other sensors consistent with current regime,0.1408,0.1667,0.3357
691,2017-07-05 18:45:00,2017-07-05 19:10:00,30.0,6,100.0,7.28,6.17,1,Cyclone_Inlet_Gas_Temp,Cyclone_Inlet_Gas_Temp; Cyclone_Material_Temp,0,87.5,single_sensor_deviation,False,False,Cyclone_Inlet_Gas_Temp alone outside regime envelope; other sensors consistent with current regime,0.1501,0.1667,0.3355
692,2020-02-02 17:55:00,2020-02-02 18:25:00,35.0,7,85.7,9.31,7.07,1,Cyclone_cone_draft,Cyclone_cone_draft; Cyclone_Inlet_Gas_Temp,0,89.3,single_sensor_deviation,False,False,Cyclone_cone_draft alone outside regime envelope; other sensors consistent with current regime,0.1719,0.1667,0.3354
693,2018-03-13 18:00:00,2018-03-13 19:40:00,105.0,21,76.2,5.4,5.08,1,Cyclone_Gas_Outlet_Temp,Cyclone_Gas_Outlet_Temp; Cyclone_Material_Temp,0,93.7,single_sensor_deviation,False,False,Cyclone_Gas_Outlet_Temp alone outside regime envelope; other sensors consistent with current regime,0.1235,0.1667,0.3352
694,2018-05-18 13:25:00,2018-05-18 14:15:00,55.0,11,81.8,6.97,6.23,1,Cyclone_Gas_Outlet_Temp,Cyclone_Gas_Outlet_Temp; Cyclone_Inlet_Draft,0,96.6,single_sensor_deviation,False,False,Cyclone_Gas_Outlet_Temp alone outside regime envelope; other sensors consistent with current regime,0.1515,0.1667,0.335
695,2019-06-22 05:30:00,2019-06-22 05:55:00,30.0,6,100.0,8.44,6.13,1,Cyclone_Inlet_Gas_Temp,Cyclone_Inlet_Gas_Temp; Cyclone_Inlet_Draft,0,98.6,single_sensor_deviation,False,False,Cyclone_Inlet_Gas_Temp alone outside regime envelope; other sensors consistent with current regime,0.1491,0.1667,0.335
696,2017-09-09 00:00:00,2017-09-09 00:45:00,50.0,10,90.0,6.69,5.71,1,Cyclone_Outlet_Gas_draft,Cyclone_Outlet_Gas_draft; Cyclone_Inlet_Draft,0,93.8,single_sensor_deviation,False,False,Cyclone_Outlet_Gas_draft alone outside regime envelope; other sensors consistent with current regime,0.1389,0.1667,0.3347
697,2019-04-25 12:25:00,2019-04-25 13:15:00,55.0,11,90.9,6.47,5.37,1,Cyclone_cone_draft,Cyclone_cone_draft; Cyclone_Gas_Outlet_Temp,0,97.0,single_sensor_deviation,False,False,Cyclone_cone_draft alone outside regime envelope; other sensors consistent with current regime,0.1306,0.1667,0.3346
698,2019-02-28 23:45:00,2019-03-01 00:40:00,60.0,12,83.3,9.1,5.8,1,Cyclone_cone_draft,Cyclone_cone_draft; Cyclone_Gas_Outlet_Temp,0,98.3,single_sensor_deviation,False,False,Cyclone_cone_draft alone outside regime envelope; other sensors consistent with current regime,0.1411,0.1667,0.3341
699,2017-10-03 18:10:00,2017-10-03 18:35:00,30.0,6,83.3,11.21,7.42,1,Cyclone_Material_Temp,Cyclone_Material_Temp; Cyclone_Outlet_Gas_draft,0,92.7,single_sensor_deviation,False,False,Cyclone_Material_Temp alone outside regime envelope; other sensors consistent with current regime,0.1805,0.1667,0.3321
700,2018-04-13 00:00:00,2018-04-13 01:05:00,70.0,14,78.6,7.87,5.66,1,Cyclone_Gas_Outlet_Temp,Cyclone_Gas_Outlet_Temp; Cyclone_cone_draft,0,98.4,single_sensor_deviation,False,False,Cyclone_Gas_Outlet_Temp alone outside regime envelope; other sensors consistent with current regime,0.1377,0.1667,0.332
701,2018-01-13 17:10:00,2018-01-13 17:35:00,30.0,6,100.0,7.37,5.87,1,Cyclone_Gas_Outlet_Temp,Cyclone_Gas_Outlet_Temp; Cyclone_Material_Temp,0,86.9,single_sensor_deviation,False,False,Cyclone_Gas_Outlet_Temp alone outside regime envelope; other sensors consistent with current regime,0.1428,0.1667,0.3318
702,2018-05-21 01:25:00,2018-05-21 01:50:00,30.0,6,83.3,9.79,7.39,1,Cyclone_Gas_Outlet_Temp,Cyclone_Gas_Outlet_Temp; Cyclone_Inlet_Gas_Temp,0,97.1,single_sensor_deviation,False,False,Cyclone_Gas_Outlet_Temp alone outside regime envelope; other sensors consistent with current regime,0.1797,0.1667,0.3318
703,2017-08-17 01:30:00,2017-08-17 02:05:00,40.0,8,75.0,11.13,7.38,1,Cyclone_Material_Temp,Cyclone_Material_Temp; Cyclone_Inlet_Gas_Temp,0,76.8,single_sensor_deviation,False,False,Cyclone_Material_Temp alone outside regime envelope; other sensors consistent with current regime,0.1795,0.1667,0.3314
704,2017-01-05 08:00:00,2017-01-05 08:50:00,55.0,11,81.8,7.4,5.89,1,Cyclone_cone_draft,Cyclone_cone_draft; Cyclone_Outlet_Gas_draft,0,98.5,single_sensor_deviation,False,False,Cyclone_cone_draft alone outside regime envelope; other sensors consistent with current regime,0.1432,0.1667,0.3308
705,2017-11-26 06:00:00,2017-11-26 06:25:00,30.0,6,100.0,6.1,5.75,1,Cyclone_Gas_Outlet_Temp,Cyclone_Gas_Outlet_Temp; Cyclone_Material_Temp,0,80.9,single_sensor_deviation,False,False,Cyclone_Gas_Outlet_Temp alone outside regime envelope; other sensors consistent with current regime,0.1398,0.1667,0.3304
706,2018-03-13 22:10:00,2018-03-13 22:40:00,35.0,7,100.0,5.44,5.33,1,Cyclone_Gas_Outlet_Temp,Cyclone_Gas_Outlet_Temp; Cyclone_Material_Temp,0,94.4,single_sensor_deviation,False,False,Cyclone_Gas_Outlet_Temp alone outside regime envelope; other sensors consistent with current regime,0.1296,0.1667,0.3301
707,2018-03-13 20:10:00,2018-03-13 21:10:00,65.0,13,84.6,5.42,5.1,1,Cyclone_Gas_Outlet_Temp,Cyclone_Gas_Outlet_Temp; Cyclone_Material_Temp,0,94.1,single_sensor_deviation,False,False,Cyclone_Gas_Outlet_Temp alone outside regime envelope; other sensors consistent with current regime,0.124,0.1667,0.3296
708,2018-06-05 21:20:00,2018-06-05 21:55:00,40.0,8,87.5,8.29,6.05,1,Cyclone_Gas_Outlet_Temp,Cyclone_Gas_Outlet_Temp; Cyclone_cone_draft,0,98.2,single_sensor_deviation,False,False,Cyclone_Gas_Outlet_Temp alone outside regime envelope; other sensors consistent with current regime,0.1471,0.1667,0.3291
709,2020-10-01 00:00:00,2020-10-01 01:05:00,70.0,14,64.3,10.78,6.71,1,Cyclone_Gas_Outlet_Temp,Cyclone_Gas_Outlet_Temp; Cyclone_Outlet_Gas_draft,0,98.9,single_sensor_deviation,False,False,Cyclone_Gas_Outlet_Temp alone outside regime envelope; other sensors consistent with current regime | note: onset coincides with data resumption after a 33125-min acquisition outage; operating regime unchanged across the outage,0.1632,0.1667,0.3289
710,2017-02-24 04:30:00,2017-02-24 05:00:00,35.0,7,85.7,9.07,6.52,1,Cyclone_Gas_Outlet_Temp,Cyclone_Gas_Outlet_Temp; Cyclone_Material_Temp,0,87.3,single_sensor_deviation,False,False,Cyclone_Gas_Outlet_Temp alone outside regime envelope; other sensors consistent with current regime,0.1586,0.1667,0.3286
711,2019-08-09 15:30:00,2019-08-09 16:55:00,90.0,18,61.1,13.2,6.18,1,Cyclone_Material_Temp,Cyclone_Material_Temp; Cyclone_cone_draft,0,90.7,single_sensor_deviation,False,False,Cyclone_Material_Temp alone outside regime envelope; other sensors consistent with current regime,0.1503,0.1667,0.3268
712,2018-02-17 22:20:00,2018-02-17 22:45:00,30.0,6,100.0,5.8,5.45,1,Cyclone_cone_draft,Cyclone_cone_draft; Cyclone_Inlet_Gas_Temp,0,99.5,single_sensor_deviation,False,False,Cyclone_cone_draft alone outside regime envelope; other sensors consistent with current regime,0.1325,0.1667,0.3267
713,2019-01-27 05:50:00,2019-01-27 07:10:00,85.0,17,64.7,10.51,5.92,1,Cyclone_Material_Temp,Cyclone_Material_Temp; Cyclone_Gas_Outlet_Temp,0,97.7,single_sensor_deviation,False,False,Cyclone_Material_Temp alone outside regime envelope; other sensors consistent with current regime,0.144,0.1667,0.3259
714,2020-07-05 23:50:00,2020-07-06 00:40:00,55.0,11,81.8,6.19,5.44,1,Cyclone_Outlet_Gas_draft,Cyclone_Outlet_Gas_draft; Cyclone_cone_draft,0,99.0,single_sensor_deviation,False,False,Cyclone_Outlet_Gas_draft alone outside regime envelope; other sensors consistent with current regime,0.1323,0.1667,0.3253
715,2019-03-13 00:55:00,2019-03-13 01:20:00,30.0,6,100.0,5.54,5.32,1,Cyclone_Inlet_Gas_Temp,Cyclone_Inlet_Gas_Temp; Cyclone_Inlet_Draft,1,76.4,single_sensor_deviation,True,False,Cyclone_Inlet_Gas_Temp alone outside regime envelope; other sensors consistent with current regime | inside COLD/SHUTDOWN regime,0.1294,0.1667,0.3251
716,2017-02-03 01:15:00,2017-02-03 03:20:00,130.0,26,73.1,14.28,6.96,0,Cyclone_Inlet_Draft; Cyclone_Outlet_Gas_draft,Cyclone_Inlet_Draft; Cyclone_Outlet_Gas_draft,0,99.2,transient_spike,False,False,excursion above threshold on max-score sensor only,0.1693,0.0,0.3243
717,2017-03-03 06:30:00,2017-03-03 07:10:00,45.0,9,77.8,10.93,6.21,1,Cyclone_Material_Temp,Cyclone_Material_Temp; Cyclone_Gas_Outlet_Temp,0,98.2,single_sensor_deviation,False,False,Cyclone_Material_Temp alone outside regime envelope; other sensors consistent with current regime,0.151,0.1667,0.3239
718,2017-05-08 00:00:00,2017-05-08 00:25:00,30.0,6,83.3,8.74,6.73,1,Cyclone_Inlet_Draft,Cyclone_Inlet_Draft; Cyclone_cone_draft,0,97.9,single_sensor_deviation,False,False,Cyclone_Inlet_Draft alone outside regime envelope; other sensors consistent with current regime,0.1637,0.1667,0.3237
719,2019-11-21 09:20:00,2019-11-21 10:25:00,70.0,14,71.4,8.09,5.63,1,Cyclone_Outlet_Gas_draft,Cyclone_Outlet_Gas_draft; Cyclone_Inlet_Draft,0,95.9,single_sensor_deviation,False,False,Cyclone_Outlet_Gas_draft alone outside regime envelope; other sensors consistent with current regime,0.1369,0.1667,0.3236
720,2017-01-08 09:35:00,2017-01-08 10:30:00,60.0,12,75.0,8.93,5.67,1,Cyclone_Gas_Outlet_Temp,Cyclone_Gas_Outlet_Temp; Cyclone_Inlet_Gas_Temp,0,98.7,single_sensor_deviation,False,False,Cyclone_Gas_Outlet_Temp alone outside regime envelope; other sensors consistent with current regime,0.1379,0.1667,0.3232
721,2018-06-02 00:00:00,2018-06-02 00:30:00,35.0,7,85.7,6.55,6.05,1,Cyclone_cone_draft,Cyclone_cone_draft; Cyclone_Inlet_Draft,0,94.7,single_sensor_deviation,False,False,Cyclone_cone_draft alone outside regime envelope; other sensors consistent with current regime,0.1471,0.1667,0.3229
722,2019-01-16 23:45:00,2019-01-17 00:15:00,35.0,7,71.4,13.46,7.34,1,Cyclone_Inlet_Gas_Temp,Cyclone_Inlet_Gas_Temp; Cyclone_Material_Temp,0,96.0,single_sensor_deviation,False,False,Cyclone_Inlet_Gas_Temp alone outside regime envelope; other sensors consistent with current regime,0.1785,0.1667,0.3227
723,2017-08-08 10:10:00,2017-08-08 10:35:00,30.0,6,66.7,17.34,8.13,1,Cyclone_Material_Temp,Cyclone_Material_Temp; Cyclone_cone_draft,0,97.1,single_sensor_deviation,False,False,"Cyclone_Material_Temp alone outside regime envelope; other sensors consistent with current regime | note: starting at onset, 4 instantaneous temperature step(s) >=300C across 1 channel(s) appear in single 5-min samples, none of them crossing into the cold boundary (<100C) (e.g. Cyclone_Material_Temp 870 -> 278 C, 592C) - jumps far beyond thermal-mass limits, but NOT a recorded hot<->cold operating-state transition -> the startup/shutdown evidence chain does not apply, so the period stays rankable; scores near the step(s) carry some stale-baseline inflation",0.1977,0.1667,0.3223
724,2017-04-06 16:00:00,2017-04-06 16:50:00,55.0,11,81.8,13.5,8.23,0,Cyclone_Outlet_Gas_draft; Cyclone_Inlet_Draft,Cyclone_Outlet_Gas_draft; Cyclone_Inlet_Draft,0,99.7,transient_spike,False,False,excursion above threshold on max-score sensor only,0.2002,0.0,0.3221
725,2020-05-06 00:05:00,2020-05-06 00:45:00,45.0,9,77.8,7.12,6.06,1,Cyclone_Outlet_Gas_draft,Cyclone_Outlet_Gas_draft; Cyclone_Inlet_Draft,0,87.4,single_sensor_deviation,False,False,Cyclone_Outlet_Gas_draft alone outside regime envelope; other sensors consistent with current regime,0.1474,0.1667,0.3221
726,2019-03-06 01:10:00,2019-03-06 01:40:00,35.0,7,85.7,7.96,5.97,1,Cyclone_Outlet_Gas_draft,Cyclone_Outlet_Gas_draft; Cyclone_Inlet_Draft,0,98.9,single_sensor_deviation,False,False,Cyclone_Outlet_Gas_draft alone outside regime envelope; other sensors consistent with current regime,0.1452,0.1667,0.3219
727,2017-03-08 00:00:00,2017-03-08 00:55:00,60.0,12,75.0,9.24,5.55,1,Cyclone_cone_draft,Cyclone_cone_draft; Cyclone_Inlet_Draft,0,94.2,single_sensor_deviation,False,False,Cyclone_cone_draft alone outside regime envelope; other sensors consistent with current regime,0.135,0.1667,0.3218
728,2020-07-03 00:00:00,2020-07-03 00:55:00,60.0,12,75.0,6.83,5.47,1,Cyclone_cone_draft,Cyclone_cone_draft; Cyclone_Outlet_Gas_draft,0,91.0,single_sensor_deviation,False,False,Cyclone_cone_draft alone outside regime envelope; other sensors consistent with current regime,0.133,0.1667,0.3208
729,2019-03-28 19:10:00,2019-03-28 19:40:00,35.0,7,85.7,11.61,5.86,1,Cyclone_Gas_Outlet_Temp,Cyclone_Gas_Outlet_Temp; Cyclone_Material_Temp,0,98.1,single_sensor_deviation,False,False,Cyclone_Gas_Outlet_Temp alone outside regime envelope; other sensors consistent with current regime,0.1425,0.1667,0.3205
730,2019-06-07 16:05:00,2019-06-07 16:50:00,50.0,10,80.0,6.23,5.42,1,Cyclone_Inlet_Draft,Cyclone_Inlet_Draft; Cyclone_Outlet_Gas_draft,0,96.8,single_sensor_deviation,False,False,Cyclone_Inlet_Draft alone outside regime envelope; other sensors consistent with current regime,0.1318,0.1667,0.32
731,2020-06-07 00:00:00,2020-06-07 00:50:00,55.0,11,72.7,8.56,5.75,1,Cyclone_cone_draft,Cyclone_cone_draft; Cyclone_Inlet_Draft,0,98.6,single_sensor_deviation,False,False,Cyclone_cone_draft alone outside regime envelope; other sensors consistent with current regime,0.1398,0.1667,0.3189
732,2018-01-01 15:30:00,2018-01-01 16:05:00,40.0,8,87.5,6.0,5.2,1,Cyclone_Outlet_Gas_draft,Cyclone_Outlet_Gas_draft; Cyclone_Inlet_Draft,0,98.4,single_sensor_deviation,False,False,Cyclone_Outlet_Gas_draft alone outside regime envelope; other sensors consistent with current regime,0.1265,0.1667,0.3187
733,2019-05-26 06:35:00,2019-05-26 07:10:00,40.0,8,75.0,10.4,6.3,1,Cyclone_Inlet_Gas_Temp,Cyclone_Inlet_Gas_Temp; Cyclone_Material_Temp,0,96.7,single_sensor_deviation,False,False,Cyclone_Inlet_Gas_Temp alone outside regime envelope; other sensors consistent with current regime,0.1532,0.1667,0.3181
734,2019-02-25 09:20:00,2019-02-25 09:45:00,30.0,6,83.3,8.8,6.26,1,Cyclone_Inlet_Gas_Temp,Cyclone_Inlet_Gas_Temp; Cyclone_Material_Temp,0,95.9,single_sensor_deviation,False,False,Cyclone_Inlet_Gas_Temp alone outside regime envelope; other sensors consistent with current regime,0.1522,0.1667,0.3179
735,2020-07-28 12:10:00,2020-07-28 13:35:00,90.0,18,55.6,13.02,5.92,1,Cyclone_Material_Temp,Cyclone_Material_Temp; Cyclone_cone_draft,0,94.1,single_sensor_deviation,False,False,Cyclone_Material_Temp alone outside regime envelope; other sensors consistent with current regime,0.144,0.1667,0.3175
736,2017-11-05 00:00:00,2017-11-05 00:30:00,35.0,7,85.7,6.61,5.6,1,Cyclone_Inlet_Draft,Cyclone_Inlet_Draft; Cyclone_Outlet_Gas_draft,0,94.7,single_sensor_deviation,False,False,Cyclone_Inlet_Draft alone outside regime envelope; other sensors consistent with current regime,0.1362,0.1667,0.3174
737,2019-03-19 22:55:00,2019-03-19 23:35:00,45.0,9,77.8,6.93,5.55,1,Cyclone_Material_Temp,Cyclone_Material_Temp; Cyclone_Inlet_Gas_Temp,0,95.7,single_sensor_deviation,False,False,Cyclone_Material_Temp alone outside regime envelope; other sensors consistent with current regime,0.135,0.1667,0.3158
738,2020-04-03 00:00:00,2020-04-03 00:30:00,35.0,7,85.7,5.99,5.46,1,Cyclone_Outlet_Gas_draft,Cyclone_Outlet_Gas_draft; Cyclone_Inlet_Draft,0,98.1,single_sensor_deviation,False,False,Cyclone_Outlet_Gas_draft alone outside regime envelope; other sensors consistent with current regime,0.1328,0.1667,0.3156
739,2018-05-24 01:00:00,2018-05-24 01:30:00,35.0,7,57.1,17.25,8.06,1,Cyclone_Gas_Outlet_Temp,Cyclone_Gas_Outlet_Temp; Cyclone_Inlet_Draft,0,98.0,single_sensor_deviation,False,False,"Cyclone_Gas_Outlet_Temp alone outside regime envelope; other sensors consistent with current regime | note: starting at +15 min after onset, 2 instantaneous temperature step(s) >=300C across 1 channel(s) appear in single 5-min samples, none of them crossing into the cold boundary (<100C) (e.g. Cyclone_Gas_Outlet_Temp 382 -> 852 C, 470C) - jumps far beyond thermal-mass limits, but NOT a recorded hot<->cold operating-state transition -> the startup/shutdown evidence chain does not apply, so the period stays rankable; scores near the step(s) carry some stale-baseline inflation",0.196,0.1667,0.3155
740,2020-01-13 00:00:00,2020-01-13 00:25:00,30.0,6,83.3,6.88,6.03,1,Cyclone_cone_draft,Cyclone_cone_draft; Cyclone_Inlet_Draft,0,98.2,single_sensor_deviation,False,False,Cyclone_cone_draft alone outside regime envelope; other sensors consistent with current regime | note: onset coincides with data resumption after a 5765-min acquisition outage; operating regime unchanged across the outage,0.1466,0.1667,0.3151
741,2018-05-04 00:00:00,2018-05-04 00:40:00,45.0,9,77.8,7.02,5.48,1,Cyclone_Gas_Outlet_Temp,Cyclone_Gas_Outlet_Temp; Cyclone_Inlet_Draft,0,97.9,single_sensor_deviation,False,False,Cyclone_Gas_Outlet_Temp alone outside regime envelope; other sensors consistent with current regime,0.1333,0.1667,0.315
742,2017-06-06 14:20:00,2017-06-06 15:25:00,70.0,14,71.4,16.67,7.94,0,Cyclone_Inlet_Draft; Cyclone_Inlet_Gas_Temp,Cyclone_Inlet_Draft; Cyclone_Inlet_Gas_Temp,0,99.6,transient_spike,False,False,excursion above threshold on max-score sensor only,0.1931,0.0,0.3146
743,2019-07-28 15:40:00,2019-07-28 16:15:00,40.0,8,75.0,8.68,5.98,1,Cyclone_Gas_Outlet_Temp,Cyclone_Gas_Outlet_Temp; Cyclone_Inlet_Gas_Temp,0,97.0,single_sensor_deviation,False,False,Cyclone_Gas_Outlet_Temp alone outside regime envelope; other sensors consistent with current regime,0.1454,0.1667,0.3142
744,2018-11-12 00:00:00,2018-11-12 00:40:00,45.0,9,66.7,9.15,6.41,1,Cyclone_Inlet_Draft,Cyclone_Inlet_Draft; Cyclone_Outlet_Gas_draft,0,98.5,single_sensor_deviation,False,False,Cyclone_Inlet_Draft alone outside regime envelope; other sensors consistent with current regime,0.1559,0.1667,0.3139
745,2020-05-02 00:00:00,2020-05-02 00:40:00,45.0,9,77.8,6.63,5.36,1,Cyclone_cone_draft,Cyclone_cone_draft; Cyclone_Gas_Outlet_Temp,0,97.1,single_sensor_deviation,False,False,Cyclone_cone_draft alone outside regime envelope; other sensors consistent with current regime,0.1304,0.1667,0.3135
746,2017-05-06 13:05:00,2017-05-06 14:15:00,75.0,15,73.3,11.79,7.44,0,Cyclone_Outlet_Gas_draft; Cyclone_Gas_Outlet_Temp,Cyclone_Outlet_Gas_draft; Cyclone_Gas_Outlet_Temp,0,99.1,transient_spike,False,False,excursion above threshold on max-score sensor only,0.1809,0.0,0.3128
747,2019-06-17 17:15:00,2019-06-17 17:50:00,40.0,8,37.5,50.0,12.3,0,Cyclone_Inlet_Draft; Cyclone_Material_Temp,Cyclone_Inlet_Draft; Cyclone_Material_Temp,1,97.8,transient_spike,True,False,excursion above threshold on max-score sensor only | inside COLD/SHUTDOWN regime,0.2991,0.0,0.3124
748,2019-12-25 07:00:00,2019-12-25 07:55:00,60.0,12,66.7,8.21,5.54,1,Cyclone_Inlet_Gas_Temp,Cyclone_Inlet_Gas_Temp; Cyclone_Inlet_Draft,0,97.7,single_sensor_deviation,False,False,Cyclone_Inlet_Gas_Temp alone outside regime envelope; other sensors consistent with current regime,0.1347,0.1667,0.3124
749,2017-02-24 20:40:00,2017-02-24 21:10:00,35.0,7,85.7,5.55,5.1,1,Cyclone_cone_draft,Cyclone_cone_draft; Cyclone_Material_Temp,0,98.3,single_sensor_deviation,False,False,Cyclone_cone_draft alone outside regime envelope; other sensors consistent with current regime,0.124,0.1667,0.3112
750,2018-05-24 04:20:00,2018-05-24 05:20:00,65.0,13,53.8,13.96,6.35,1,Cyclone_Gas_Outlet_Temp,Cyclone_Gas_Outlet_Temp; Cyclone_Inlet_Gas_Temp,0,99.3,single_sensor_deviation,False,False,"Cyclone_Gas_Outlet_Temp alone outside regime envelope; other sensors consistent with current regime | note: starting at +30 min after onset, 2 instantaneous temperature step(s) >=300C across 1 channel(s) appear in single 5-min samples, none of them crossing into the cold boundary (<100C) (e.g. Cyclone_Gas_Outlet_Temp 880 -> 574 C, 307C) - jumps far beyond thermal-mass limits, but NOT a recorded hot<->cold operating-state transition -> the startup/shutdown evidence chain does not apply, so the period stays rankable; scores near the step(s) carry some stale-baseline inflation",0.1544,0.1667,0.3104
751,2019-05-01 14:05:00,2019-05-01 14:35:00,35.0,7,71.4,9.61,6.31,1,Cyclone_Gas_Outlet_Temp,Cyclone_Gas_Outlet_Temp; Cyclone_Material_Temp,0,97.4,single_sensor_deviation,False,False,Cyclone_Gas_Outlet_Temp alone outside regime envelope; other sensors consistent with current regime,0.1535,0.1667,0.31
752,2018-12-03 14:20:00,2018-12-03 15:15:00,60.0,12,66.7,5.89,5.28,1,Cyclone_Gas_Outlet_Temp,Cyclone_Gas_Outlet_Temp; Cyclone_Inlet_Gas_Temp,0,98.9,single_sensor_deviation,False,False,Cyclone_Gas_Outlet_Temp alone outside regime envelope; other sensors consistent with current regime,0.1284,0.1667,0.3092
753,2017-10-26 10:40:00,2017-10-26 11:05:00,30.0,6,83.3,6.15,5.47,1,Cyclone_Outlet_Gas_draft,Cyclone_Outlet_Gas_draft; Cyclone_cone_draft,0,98.4,single_sensor_deviation,False,False,Cyclone_Outlet_Gas_draft alone outside regime envelope; other sensors consistent with current regime,0.133,0.1667,0.3083
754,2019-01-04 21:15:00,2019-01-04 22:00:00,50.0,10,70.0,9.83,5.37,1,Cyclone_Material_Temp,Cyclone_Material_Temp; Cyclone_Inlet_Draft,0,97.7,single_sensor_deviation,False,False,"Cyclone_Material_Temp alone outside regime envelope; other sensors consistent with current regime | note: starting at +25 min after onset, 2 instantaneous temperature step(s) >=300C across 1 channel(s) appear in single 5-min samples, none of them crossing into the cold boundary (<100C) (e.g. Cyclone_Material_Temp 954 -> 1292 C, 338C) - jumps far beyond thermal-mass limits, but NOT a recorded hot<->cold operating-state transition -> the startup/shutdown evidence chain does not apply, so the period stays rankable; scores near the step(s) carry some stale-baseline inflation",0.1306,0.1667,0.3082
755,2017-02-27 05:35:00,2017-02-27 06:45:00,75.0,15,60.0,8.02,5.13,1,Cyclone_Gas_Outlet_Temp,Cyclone_Gas_Outlet_Temp; Cyclone_Inlet_Gas_Temp,0,95.1,single_sensor_deviation,False,False,Cyclone_Gas_Outlet_Temp alone outside regime envelope; other sensors consistent with current regime,0.1248,0.1667,0.3069
756,2019-07-21 17:35:00,2019-07-21 18:35:00,65.0,13,53.8,10.82,5.98,1,Cyclone_Inlet_Gas_Temp,Cyclone_Inlet_Gas_Temp; Cyclone_Material_Temp,0,95.5,single_sensor_deviation,False,False,Cyclone_Inlet_Gas_Temp alone outside regime envelope; other sensors consistent with current regime,0.1454,0.1667,0.3059
757,2017-10-30 17:40:00,2017-10-30 18:20:00,45.0,9,66.7,6.94,5.57,1,Cyclone_Gas_Outlet_Temp,Cyclone_Gas_Outlet_Temp; Cyclone_Material_Temp,0,90.4,single_sensor_deviation,False,False,Cyclone_Gas_Outlet_Temp alone outside regime envelope; other sensors consistent with current regime,0.1355,0.1667,0.3036
758,2017-12-16 16:10:00,2017-12-16 17:00:00,55.0,11,63.6,9.28,5.32,1,Cyclone_Inlet_Draft,Cyclone_Inlet_Draft; Cyclone_Outlet_Gas_draft,0,97.2,single_sensor_deviation,False,False,Cyclone_Inlet_Draft alone outside regime envelope; other sensors consistent with current regime,0.1294,0.1667,0.3034
759,2017-07-01 00:25:00,2017-07-01 01:10:00,50.0,10,70.0,5.52,4.93,1,Cyclone_cone_draft,Cyclone_cone_draft; Cyclone_Outlet_Gas_draft,0,79.3,single_sensor_deviation,False,False,Cyclone_cone_draft alone outside regime envelope; other sensors consistent with current regime,0.1199,0.1667,0.3028
760,2018-07-25 15:05:00,2018-07-25 15:45:00,45.0,9,66.7,8.0,5.49,1,Cyclone_Outlet_Gas_draft,Cyclone_Outlet_Gas_draft; Cyclone_Inlet_Draft,0,97.9,single_sensor_deviation,False,False,Cyclone_Outlet_Gas_draft alone outside regime envelope; other sensors consistent with current regime,0.1335,0.1667,0.3027
761,2018-03-13 16:45:00,2018-03-13 17:20:00,40.0,8,75.0,5.25,5.03,1,Cyclone_Gas_Outlet_Temp,Cyclone_Gas_Outlet_Temp; Cyclone_Material_Temp,0,94.3,single_sensor_deviation,False,False,Cyclone_Gas_Outlet_Temp alone outside regime envelope; other sensors consistent with current regime,0.1223,0.1667,0.3026
762,2017-08-08 00:00:00,2017-08-08 01:00:00,65.0,13,61.5,31.55,8.05,0,Cyclone_Material_Temp; Cyclone_cone_draft,Cyclone_Material_Temp; Cyclone_cone_draft,0,97.3,transient_spike,False,False,"excursion above threshold on max-score sensor only | note: starting at +45 min after onset, 3 instantaneous temperature step(s) >=300C across 1 channel(s) appear in single 5-min samples, none of them crossing into the cold boundary (<100C) (e.g. Cyclone_Material_Temp 1038 -> 352 C, 686C) - jumps far beyond thermal-mass limits, but NOT a recorded hot<->cold operating-state transition -> the startup/shutdown evidence chain does not apply, so the period stays rankable; scores near the step(s) carry some stale-baseline inflation",0.1958,0.0,0.3025
763,2018-09-06 22:50:00,2018-09-06 23:15:00,30.0,6,83.3,15.77,8.0,0,Cyclone_Material_Temp; Cyclone_Inlet_Gas_Temp,Cyclone_Material_Temp; Cyclone_Inlet_Gas_Temp,0,99.4,transient_spike,False,False,"excursion above threshold on max-score sensor only | note: starting at +15 min after onset, 1 instantaneous temperature step(s) >=300C across 1 channel(s) appear in single 5-min samples, none of them crossing into the cold boundary (<100C) (e.g. Cyclone_Material_Temp 814 -> 1161 C, 347C) - jumps far beyond thermal-mass limits, but NOT a recorded hot<->cold operating-state transition -> the startup/shutdown evidence chain does not apply, so the period stays rankable; scores near the step(s) carry some stale-baseline inflation",0.1946,0.0,0.3019
764,2019-08-03 00:00:00,2019-08-03 00:50:00,55.0,11,63.6,5.9,5.16,1,Cyclone_Gas_Outlet_Temp,Cyclone_Gas_Outlet_Temp; Cyclone_Material_Temp,0,96.4,single_sensor_deviation,False,False,Cyclone_Gas_Outlet_Temp alone outside regime envelope; other sensors consistent with current regime,0.1255,0.1667,0.3015
765,2017-11-04 18:40:00,2017-11-04 19:40:00,65.0,13,61.5,6.44,4.87,1,Cyclone_cone_draft,Cyclone_cone_draft; Cyclone_Inlet_Draft,0,91.2,single_sensor_deviation,False,False,Cyclone_cone_draft alone outside regime envelope; other sensors consistent with current regime,0.1184,0.1667,0.3009
766,2020-01-16 13:10:00,2020-01-16 13:40:00,35.0,7,71.4,7.93,5.45,1,Cyclone_cone_draft,Cyclone_cone_draft; Cyclone_Outlet_Gas_draft,0,98.9,single_sensor_deviation,False,False,Cyclone_cone_draft alone outside regime envelope; other sensors consistent with current regime,0.1325,0.1667,0.2995
767,2018-05-14 18:25:00,2018-05-14 18:55:00,35.0,7,71.4,6.17,5.4,1,Cyclone_Gas_Outlet_Temp,Cyclone_Gas_Outlet_Temp; Cyclone_Material_Temp,0,95.3,single_sensor_deviation,False,False,Cyclone_Gas_Outlet_Temp alone outside regime envelope; other sensors consistent with current regime,0.1313,0.1667,0.2989
768,2020-01-22 06:25:00,2020-01-22 06:50:00,30.0,6,50.0,14.13,7.7,1,Cyclone_cone_draft,Cyclone_cone_draft; Cyclone_Inlet_Draft,0,98.0,single_sensor_deviation,False,False,Cyclone_cone_draft alone outside regime envelope; other sensors consistent with current regime,0.1873,0.1667,0.2983
769,2017-08-22 23:15:00,2017-08-22 23:55:00,45.0,9,66.7,6.38,5.13,1,Cyclone_Material_Temp,Cyclone_Material_Temp; Cyclone_Gas_Outlet_Temp,0,94.2,single_sensor_deviation,False,False,Cyclone_Material_Temp alone outside regime envelope; other sensors consistent with current regime,0.1248,0.1667,0.2982
770,2020-07-02 00:00:00,2020-07-02 01:10:00,75.0,15,53.3,6.97,5.01,1,Cyclone_cone_draft,Cyclone_cone_draft; Cyclone_Outlet_Gas_draft,0,89.1,single_sensor_deviation,False,False,Cyclone_cone_draft alone outside regime envelope; other sensors consistent with current regime,0.1218,0.1667,0.298
771,2019-04-16 16:00:00,2019-04-16 16:25:00,30.0,6,66.7,11.76,6.14,1,Cyclone_cone_draft,Cyclone_cone_draft; Cyclone_Outlet_Gas_draft,0,98.9,single_sensor_deviation,False,False,Cyclone_cone_draft alone outside regime envelope; other sensors consistent with current regime,0.1493,0.1667,0.2979
772,2018-04-06 00:00:00,2018-04-06 00:40:00,45.0,9,66.7,6.63,5.09,1,Cyclone_Outlet_Gas_draft,Cyclone_Outlet_Gas_draft; Cyclone_Inlet_Draft,0,97.8,single_sensor_deviation,False,False,Cyclone_Outlet_Gas_draft alone outside regime envelope; other sensors consistent with current regime,0.1238,0.1667,0.2978
773,2017-04-20 00:35:00,2017-04-20 01:30:00,60.0,12,58.3,8.72,5.11,1,Cyclone_Inlet_Gas_Temp,Cyclone_Inlet_Gas_Temp; Cyclone_Material_Temp,0,98.3,single_sensor_deviation,False,False,Cyclone_Inlet_Gas_Temp alone outside regime envelope; other sensors consistent with current regime,0.1243,0.1667,0.2977
774,2019-07-23 12:50:00,2019-07-23 14:45:00,120.0,24,54.2,20.5,6.71,0,Cyclone_Material_Temp; Cyclone_Inlet_Gas_Temp,Cyclone_Material_Temp; Cyclone_Inlet_Gas_Temp,0,98.1,transient_spike,False,False,excursion above threshold on max-score sensor only,0.1632,0.0,0.2975
775,2019-08-20 13:05:00,2019-08-20 13:45:00,45.0,9,55.6,9.93,6.06,1,Cyclone_Gas_Outlet_Temp,Cyclone_Gas_Outlet_Temp; Cyclone_Inlet_Gas_Temp,0,97.0,single_sensor_deviation,False,False,Cyclone_Gas_Outlet_Temp alone outside regime envelope; other sensors consistent with current regime,0.1474,0.1667,0.2972
776,2017-10-25 20:00:00,2017-10-25 20:40:00,45.0,9,55.6,8.75,5.99,1,Cyclone_Material_Temp,Cyclone_Material_Temp; Cyclone_Inlet_Gas_Temp,0,96.0,single_sensor_deviation,False,False,Cyclone_Material_Temp alone outside regime envelope; other sensors consistent with current regime,0.1457,0.1667,0.2964
777,2017-05-15 09:05:00,2017-05-15 09:35:00,35.0,7,71.4,6.28,5.17,1,Cyclone_Outlet_Gas_draft,Cyclone_Outlet_Gas_draft; Cyclone_Inlet_Draft,0,94.2,single_sensor_deviation,False,False,Cyclone_Outlet_Gas_draft alone outside regime envelope; other sensors consistent with current regime,0.1257,0.1667,0.2961
778,2020-06-02 00:05:00,2020-06-02 00:30:00,30.0,6,66.7,6.75,5.89,1,Cyclone_cone_draft,Cyclone_cone_draft; Cyclone_Inlet_Draft,0,87.5,single_sensor_deviation,False,False,Cyclone_cone_draft alone outside regime envelope; other sensors consistent with current regime,0.1432,0.1667,0.2948
779,2018-05-06 03:50:00,2018-05-06 04:25:00,40.0,8,62.5,9.09,5.45,1,Cyclone_Material_Temp,Cyclone_Material_Temp; Cyclone_Gas_Outlet_Temp,0,98.3,single_sensor_deviation,False,False,Cyclone_Material_Temp alone outside regime envelope; other sensors consistent with current regime,0.1325,0.1667,0.2938
780,2017-10-22 03:30:00,2017-10-22 03:55:00,30.0,6,66.7,8.82,5.7,1,Cyclone_Inlet_Gas_Temp,Cyclone_Inlet_Gas_Temp; Cyclone_Material_Temp,0,94.0,single_sensor_deviation,False,False,Cyclone_Inlet_Gas_Temp alone outside regime envelope; other sensors consistent with current regime,0.1386,0.1667,0.2925
781,2020-10-07 00:00:00,2020-10-07 00:25:00,30.0,6,66.7,7.68,5.62,1,Cyclone_Outlet_Gas_draft,Cyclone_Outlet_Gas_draft; Cyclone_Inlet_Draft,0,97.5,single_sensor_deviation,False,False,Cyclone_Outlet_Gas_draft alone outside regime envelope; other sensors consistent with current regime,0.1367,0.1667,0.2915
782,2018-11-04 23:50:00,2018-11-05 00:15:00,30.0,6,66.7,7.89,5.45,1,Cyclone_Inlet_Draft,Cyclone_Inlet_Draft; Cyclone_Outlet_Gas_draft,0,98.4,single_sensor_deviation,False,False,Cyclone_Inlet_Draft alone outside regime envelope; other sensors consistent with current regime,0.1325,0.1667,0.2894
783,2018-12-05 00:00:00,2018-12-05 00:25:00,30.0,6,66.7,5.85,5.36,1,Cyclone_Inlet_Draft,Cyclone_Inlet_Draft; Cyclone_Outlet_Gas_draft,0,97.7,single_sensor_deviation,False,False,Cyclone_Inlet_Draft alone outside regime envelope; other sensors consistent with current regime,0.1304,0.1667,0.2883
784,2017-07-17 05:30:00,2017-07-17 05:55:00,30.0,6,66.7,5.97,5.3,1,Cyclone_Gas_Outlet_Temp,Cyclone_Gas_Outlet_Temp; Cyclone_Material_Temp,0,87.2,single_sensor_deviation,False,False,Cyclone_Gas_Outlet_Temp alone outside regime envelope; other sensors consistent with current regime,0.1289,0.1667,0.2876
785,2020-02-17 14:15:00,2020-02-17 14:40:00,30.0,6,66.7,7.81,5.24,1,Cyclone_Gas_Outlet_Temp,Cyclone_Gas_Outlet_Temp; Cyclone_Inlet_Gas_Temp,0,99.2,single_sensor_deviation,False,False,Cyclone_Gas_Outlet_Temp alone outside regime envelope; other sensors consistent with current regime,0.1274,0.1667,0.2869
786,2018-02-22 00:20:00,2018-02-22 01:15:00,60.0,12,50.0,8.52,4.97,1,Cyclone_Outlet_Gas_draft,Cyclone_Outlet_Gas_draft; Cyclone_Inlet_Draft,0,99.2,single_sensor_deviation,False,False,Cyclone_Outlet_Gas_draft alone outside regime envelope; other sensors consistent with current regime,0.1209,0.1667,0.2867
787,2017-05-07 14:15:00,2017-05-07 14:45:00,35.0,7,57.1,9.9,5.7,1,Cyclone_Inlet_Gas_Temp,Cyclone_Inlet_Gas_Temp; Cyclone_Gas_Outlet_Temp,0,97.7,single_sensor_deviation,False,False,Cyclone_Inlet_Gas_Temp alone outside regime envelope; other sensors consistent with current regime,0.1386,0.1667,0.2866
788,2017-08-12 23:25:00,2017-08-12 23:50:00,30.0,6,66.7,6.07,5.22,1,Cyclone_Inlet_Gas_Temp,Cyclone_Inlet_Gas_Temp; Cyclone_Outlet_Gas_draft,0,98.4,single_sensor_deviation,False,False,Cyclone_Inlet_Gas_Temp alone outside regime envelope; other sensors consistent with current regime,0.127,0.1667,0.2866
789,2017-12-06 16:10:00,2017-12-06 16:45:00,40.0,8,62.5,8.21,4.69,1,Cyclone_Inlet_Gas_Temp,Cyclone_Inlet_Gas_Temp; Cyclone_Material_Temp,0,97.1,single_sensor_deviation,False,False,Cyclone_Inlet_Gas_Temp alone outside regime envelope; other sensors consistent with current regime,0.1141,0.1667,0.2844
790,2017-02-28 05:40:00,2017-02-28 06:05:00,30.0,6,66.7,6.5,5.01,1,Cyclone_cone_draft,Cyclone_cone_draft; Cyclone_Gas_Outlet_Temp,0,97.2,single_sensor_deviation,False,False,Cyclone_cone_draft alone outside regime envelope; other sensors consistent with current regime,0.1218,0.1667,0.284
791,2017-06-16 21:50:00,2017-06-16 23:50:00,125.0,25,60.0,11.67,4.95,0,Cyclone_Inlet_Draft; Cyclone_Outlet_Gas_draft,Cyclone_Inlet_Draft; Cyclone_Outlet_Gas_draft,0,99.2,transient_spike,False,False,excursion above threshold on max-score sensor only,0.1204,0.0,0.2837
792,2017-02-04 14:50:00,2017-02-04 15:15:00,30.0,6,66.7,7.72,4.97,1,Cyclone_Inlet_Gas_Temp,Cyclone_Inlet_Gas_Temp; Cyclone_Gas_Outlet_Temp,0,97.0,single_sensor_deviation,False,False,Cyclone_Inlet_Gas_Temp alone outside regime envelope; other sensors consistent with current regime,0.1209,0.1667,0.2836
793,2018-05-14 22:40:00,2018-05-14 23:20:00,45.0,9,55.6,7.14,4.89,1,Cyclone_Inlet_Gas_Temp,Cyclone_Inlet_Gas_Temp; Cyclone_Material_Temp,0,95.9,single_sensor_deviation,False,False,Cyclone_Inlet_Gas_Temp alone outside regime envelope; other sensors consistent with current regime,0.1189,0.1667,0.2829
794,2018-08-04 06:05:00,2018-08-04 06:50:00,50.0,10,70.0,10.28,6.34,0,Cyclone_Outlet_Gas_draft; Cyclone_cone_draft,Cyclone_Outlet_Gas_draft; Cyclone_cone_draft,0,98.2,transient_spike,False,False,excursion above threshold on max-score sensor only,0.1542,0.0,0.2828
795,2018-09-23 20:10:00,2018-09-23 20:40:00,35.0,7,57.1,7.57,5.22,1,Cyclone_Inlet_Gas_Temp,Cyclone_Inlet_Gas_Temp; Cyclone_Gas_Outlet_Temp,0,98.0,single_sensor_deviation,False,False,Cyclone_Inlet_Gas_Temp alone outside regime envelope; other sensors consistent with current regime,0.127,0.1667,0.2807
796,2018-05-06 01:15:00,2018-05-06 01:40:00,30.0,6,66.7,6.15,4.67,1,Cyclone_Inlet_Gas_Temp,Cyclone_Inlet_Gas_Temp; Cyclone_Material_Temp,0,97.9,single_sensor_deviation,False,False,Cyclone_Inlet_Gas_Temp alone outside regime envelope; other sensors consistent with current regime,0.1136,0.1667,0.2799
797,2018-12-06 09:35:00,2018-12-06 10:40:00,70.0,14,57.1,16.36,6.4,0,Cyclone_Outlet_Gas_draft; Cyclone_cone_draft,Cyclone_Outlet_Gas_draft; Cyclone_cone_draft,0,99.4,transient_spike,False,False,excursion above threshold on max-score sensor only,0.1556,0.0,0.2798
798,2017-03-30 23:55:00,2017-03-31 00:35:00,45.0,9,55.6,7.88,4.62,1,Cyclone_Inlet_Gas_Temp,Cyclone_Inlet_Gas_Temp; Cyclone_Material_Temp,0,98.0,single_sensor_deviation,False,False,Cyclone_Inlet_Gas_Temp alone outside regime envelope; other sensors consistent with current regime,0.1124,0.1667,0.2796
799,2018-02-23 13:50:00,2018-02-23 14:45:00,60.0,12,58.3,16.3,6.67,0,Cyclone_Inlet_Gas_Temp; Cyclone_Material_Temp,Cyclone_Inlet_Gas_Temp; Cyclone_Material_Temp,0,99.4,transient_spike,False,False,excursion above threshold on max-score sensor only,0.1622,0.0,0.2795
800,2019-01-18 03:10:00,2019-01-18 03:40:00,35.0,7,57.1,7.94,5.1,1,Cyclone_Inlet_Gas_Temp,Cyclone_Inlet_Gas_Temp; Cyclone_Material_Temp,0,95.4,single_sensor_deviation,False,False,Cyclone_Inlet_Gas_Temp alone outside regime envelope; other sensors consistent with current regime,0.124,0.1667,0.2792
801,2017-07-08 13:15:00,2017-07-08 13:40:00,30.0,6,83.3,10.44,6.06,0,Cyclone_Gas_Outlet_Temp; Cyclone_Outlet_Gas_draft,Cyclone_Gas_Outlet_Temp; Cyclone_Outlet_Gas_draft,0,97.8,transient_spike,False,False,excursion above threshold on max-score sensor only,0.1474,0.0,0.2782
802,2017-12-27 20:20:00,2017-12-27 20:55:00,40.0,8,50.0,6.86,5.15,1,Cyclone_Inlet_Gas_Temp,Cyclone_Inlet_Gas_Temp; Cyclone_Inlet_Draft,0,99.3,single_sensor_deviation,False,False,Cyclone_Inlet_Gas_Temp alone outside regime envelope; other sensors consistent with current regime,0.1252,0.1667,0.2761
803,2017-10-09 00:10:00,2017-10-09 00:40:00,35.0,7,57.1,7.78,4.81,1,Cyclone_Gas_Outlet_Temp,Cyclone_Gas_Outlet_Temp; Cyclone_Inlet_Gas_Temp,0,97.0,single_sensor_deviation,False,False,Cyclone_Gas_Outlet_Temp alone outside regime envelope; other sensors consistent with current regime,0.117,0.1667,0.2757
804,2017-05-03 00:00:00,2017-05-03 00:35:00,40.0,8,50.0,7.85,5.09,1,Cyclone_cone_draft,Cyclone_cone_draft; Cyclone_Outlet_Gas_draft,0,92.8,single_sensor_deviation,False,False,Cyclone_cone_draft alone outside regime envelope; other sensors consistent with current regime,0.1238,0.1667,0.2754
805,2017-02-25 15:15:00,2017-02-25 15:50:00,40.0,8,62.5,14.82,6.98,0,Cyclone_Inlet_Gas_Temp; Cyclone_Outlet_Gas_draft,Cyclone_Inlet_Gas_Temp; Cyclone_Outlet_Gas_draft,0,99.4,transient_spike,False,False,excursion above threshold on max-score sensor only,0.1698,0.0,0.2752
806,2019-05-22 02:20:00,2019-05-22 03:00:00,45.0,9,55.6,14.43,6.42,0,Cyclone_Outlet_Gas_draft; Cyclone_Inlet_Draft,Cyclone_Outlet_Gas_draft; Cyclone_Inlet_Draft,0,99.5,transient_spike,False,False,excursion above threshold on max-score sensor only,0.1561,0.0,0.2643
807,2017-06-27 20:30:00,2017-06-27 20:55:00,30.0,6,50.0,22.23,7.88,0,Cyclone_Outlet_Gas_draft; Cyclone_Inlet_Draft,Cyclone_Outlet_Gas_draft; Cyclone_Inlet_Draft,0,99.5,transient_spike,False,False,excursion above threshold on max-score sensor only,0.1916,0.0,0.2632
808,2019-02-04 16:20:00,2019-02-04 16:55:00,40.0,8,62.5,9.09,6.0,0,Cyclone_Inlet_Gas_Temp; Cyclone_Inlet_Draft,Cyclone_Inlet_Gas_Temp; Cyclone_Inlet_Draft,0,98.2,transient_spike,False,False,excursion above threshold on max-score sensor only,0.1459,0.0,0.2632
809,2019-01-26 02:25:00,2019-01-26 03:10:00,50.0,10,60.0,10.91,5.42,0,Cyclone_Outlet_Gas_draft; Cyclone_Inlet_Gas_Temp,Cyclone_Outlet_Gas_draft; Cyclone_Inlet_Gas_Temp,0,97.2,transient_spike,False,False,excursion above threshold on max-score sensor only,0.1318,0.0,0.2603
810,2017-03-15 05:25:00,2017-03-15 06:40:00,80.0,16,50.0,8.96,5.08,0,Cyclone_Material_Temp; Cyclone_Gas_Outlet_Temp,Cyclone_Material_Temp; Cyclone_Gas_Outlet_Temp,0,95.1,transient_spike,False,False,excursion above threshold on max-score sensor only,0.1235,0.0,0.2599
811,2017-08-08 02:20:00,2017-08-08 02:45:00,30.0,6,66.7,8.35,6.04,0,Cyclone_Outlet_Gas_draft; Cyclone_Inlet_Gas_Temp,Cyclone_Outlet_Gas_draft; Cyclone_Inlet_Gas_Temp,0,98.6,transient_spike,False,False,"excursion above threshold on max-score sensor only | note: starting at +25 min after onset, 1 instantaneous temperature step(s) >=300C across 1 channel(s) appear in single 5-min samples, none of them crossing into the cold boundary (<100C) (e.g. Cyclone_Material_Temp 898 -> 1237 C, 338C) - jumps far beyond thermal-mass limits, but NOT a recorded hot<->cold operating-state transition -> the startup/shutdown evidence chain does not apply, so the period stays rankable; scores near the step(s) carry some stale-baseline inflation",0.1469,0.0,0.2594
812,2017-06-28 07:35:00,2017-06-28 08:00:00,30.0,6,66.7,9.52,5.94,0,Cyclone_Gas_Outlet_Temp; Cyclone_Inlet_Gas_Temp,Cyclone_Gas_Outlet_Temp; Cyclone_Inlet_Gas_Temp,0,98.0,transient_spike,False,False,excursion above threshold on max-score sensor only,0.1445,0.0,0.2581
813,2018-11-20 23:20:00,2018-11-21 00:05:00,50.0,10,50.0,11.29,5.9,0,Cyclone_Inlet_Gas_Temp; Cyclone_Material_Temp,Cyclone_Inlet_Gas_Temp; Cyclone_Material_Temp,0,98.3,transient_spike,False,False,excursion above threshold on max-score sensor only,0.1435,0.0,0.255
814,2018-04-07 13:30:00,2018-04-07 14:40:00,75.0,15,46.7,8.5,5.14,0,Cyclone_Outlet_Gas_draft; Cyclone_Inlet_Draft,Cyclone_Outlet_Gas_draft; Cyclone_Inlet_Draft,0,97.8,transient_spike,False,False,excursion above threshold on max-score sensor only,0.125,0.0,0.2549
815,2019-04-28 07:20:00,2019-04-28 08:10:00,55.0,11,45.5,21.25,5.95,0,Cyclone_Material_Temp; Cyclone_Gas_Outlet_Temp,Cyclone_Material_Temp; Cyclone_Gas_Outlet_Temp,0,98.2,transient_spike,False,False,excursion above threshold on max-score sensor only,0.1447,0.0,0.2536
816,2017-03-09 00:30:00,2017-03-09 00:55:00,30.0,6,66.7,8.66,5.55,0,Cyclone_Material_Temp; Cyclone_Outlet_Gas_draft,Cyclone_Material_Temp; Cyclone_Outlet_Gas_draft,0,99.1,transient_spike,False,False,excursion above threshold on max-score sensor only,0.135,0.0,0.2534
817,2017-10-28 08:45:00,2017-10-28 09:25:00,45.0,9,55.6,8.32,5.5,0,Cyclone_Inlet_Draft; Cyclone_Outlet_Gas_draft,Cyclone_Inlet_Draft; Cyclone_Outlet_Gas_draft,0,99.3,transient_spike,False,False,excursion above threshold on max-score sensor only,0.1338,0.0,0.2531
818,2017-01-02 00:00:00,2017-01-02 01:05:00,70.0,14,50.0,7.86,4.8,0,Cyclone_Material_Temp; Cyclone_Gas_Outlet_Temp,Cyclone_Material_Temp; Cyclone_Gas_Outlet_Temp,0,96.7,transient_spike,False,False,excursion above threshold on max-score sensor only,0.1167,0.0,0.2522
819,2018-02-21 05:25:00,2018-02-21 06:25:00,65.0,13,46.2,13.05,5.25,0,Cyclone_Inlet_Draft; Cyclone_Outlet_Gas_draft,Cyclone_Inlet_Draft; Cyclone_Outlet_Gas_draft,0,99.5,transient_spike,False,False,excursion above threshold on max-score sensor only,0.1277,0.0,0.2511
820,2020-06-18 13:40:00,2020-06-18 14:15:00,40.0,8,62.5,5.75,4.94,0,Cyclone_Inlet_Draft; Cyclone_cone_draft,Cyclone_Inlet_Draft; Cyclone_cone_draft,0,96.0,transient_spike,False,False,excursion above threshold on max-score sensor only,0.1201,0.0,0.2502
821,2017-01-24 00:10:00,2017-01-24 00:50:00,45.0,9,55.6,9.69,5.15,0,Cyclone_Inlet_Gas_Temp; Cyclone_Gas_Outlet_Temp,Cyclone_Inlet_Gas_Temp; Cyclone_Gas_Outlet_Temp,0,96.8,transient_spike,False,False,excursion above threshold on max-score sensor only,0.1252,0.0,0.2488
822,2018-08-01 05:10:00,2018-08-01 05:40:00,35.0,7,57.1,7.51,5.63,0,Cyclone_Outlet_Gas_draft; Cyclone_cone_draft,Cyclone_Outlet_Gas_draft; Cyclone_cone_draft,0,99.2,transient_spike,False,False,excursion above threshold on max-score sensor only,0.1369,0.0,0.2484
823,2017-03-14 07:45:00,2017-03-14 08:50:00,70.0,14,42.9,7.03,5.13,0,Cyclone_cone_draft; Cyclone_Gas_Outlet_Temp,Cyclone_cone_draft; Cyclone_Gas_Outlet_Temp,0,95.6,transient_spike,False,False,excursion above threshold on max-score sensor only,0.1248,0.0,0.2483
824,2017-04-16 02:15:00,2017-04-16 03:20:00,70.0,14,50.0,9.5,4.45,0,Cyclone_Material_Temp; Cyclone_cone_draft,Cyclone_Material_Temp; Cyclone_cone_draft,0,92.4,transient_spike,False,False,"excursion above threshold on max-score sensor only | note: starting at +15 min after onset, 3 instantaneous temperature step(s) >=300C across 1 channel(s) appear in single 5-min samples, none of them crossing into the cold boundary (<100C) (e.g. Cyclone_Material_Temp 1035 -> 710 C, 325C) - jumps far beyond thermal-mass limits, but NOT a recorded hot<->cold operating-state transition -> the startup/shutdown evidence chain does not apply, so the period stays rankable; scores near the step(s) carry some stale-baseline inflation",0.1082,0.0,0.2479
825,2019-04-18 16:55:00,2019-04-18 17:20:00,30.0,6,50.0,19.47,6.59,0,Cyclone_Material_Temp; Cyclone_Gas_Outlet_Temp,Cyclone_Material_Temp; Cyclone_Gas_Outlet_Temp,0,97.6,transient_spike,False,False,"excursion above threshold on max-score sensor only | note: starting at +25 min after onset, 1 instantaneous temperature step(s) >=300C across 1 channel(s) appear in single 5-min samples, none of them crossing into the cold boundary (<100C) (e.g. Cyclone_Material_Temp 865 -> 442 C, 423C) - jumps far beyond thermal-mass limits, but NOT a recorded hot<->cold operating-state transition -> the startup/shutdown evidence chain does not apply, so the period stays rankable; scores near the step(s) carry some stale-baseline inflation",0.1603,0.0,0.2474
826,2019-02-03 05:55:00,2019-02-03 06:20:00,30.0,6,66.7,5.65,4.95,0,Cyclone_Outlet_Gas_draft; Cyclone_cone_draft,Cyclone_Outlet_Gas_draft; Cyclone_cone_draft,0,98.5,transient_spike,False,False,excursion above threshold on max-score sensor only,0.1204,0.0,0.246
827,2018-09-20 21:40:00,2018-09-20 22:05:00,30.0,6,66.7,6.41,4.88,0,Cyclone_Inlet_Draft; Cyclone_Outlet_Gas_draft,Cyclone_Inlet_Draft; Cyclone_Outlet_Gas_draft,0,98.2,transient_spike,False,False,excursion above threshold on max-score sensor only,0.1187,0.0,0.2452
828,2018-04-09 09:35:00,2018-04-09 10:05:00,35.0,7,57.1,14.55,5.25,0,Cyclone_Inlet_Gas_Temp; Cyclone_Gas_Outlet_Temp,Cyclone_Inlet_Gas_Temp; Cyclone_Gas_Outlet_Temp,0,99.9,transient_spike,False,False,excursion above threshold on max-score sensor only,0.1277,0.0,0.2438
829,2017-10-02 15:15:00,2017-10-02 15:50:00,40.0,8,50.0,12.71,5.51,0,Cyclone_Inlet_Draft; Cyclone_Outlet_Gas_draft,Cyclone_Inlet_Draft; Cyclone_Outlet_Gas_draft,0,98.4,transient_spike,False,False,excursion above threshold on max-score sensor only,0.134,0.0,0.2432
830,2018-01-12 18:15:00,2018-01-12 19:05:00,55.0,11,54.5,6.0,4.25,0,Cyclone_Outlet_Gas_draft; Cyclone_cone_draft,Cyclone_Outlet_Gas_draft; Cyclone_cone_draft,0,98.3,transient_spike,False,False,excursion above threshold on max-score sensor only,0.1034,0.0,0.2429
831,2019-02-19 01:40:00,2019-02-19 02:10:00,35.0,7,57.1,6.41,4.94,0,Cyclone_Outlet_Gas_draft; Cyclone_cone_draft,Cyclone_Outlet_Gas_draft; Cyclone_cone_draft,0,97.3,transient_spike,False,False,excursion above threshold on max-score sensor only,0.1201,0.0,0.24
832,2017-02-02 23:25:00,2017-02-03 00:25:00,65.0,13,46.2,6.88,4.3,0,Cyclone_Inlet_Gas_Temp; Cyclone_Outlet_Gas_draft,Cyclone_Inlet_Gas_Temp; Cyclone_Outlet_Gas_draft,0,98.0,transient_spike,False,False,excursion above threshold on max-score sensor only,0.1046,0.0,0.2395
833,2018-10-02 18:00:00,2018-10-02 18:50:00,55.0,11,45.5,9.68,4.76,0,Cyclone_Material_Temp; Cyclone_Gas_Outlet_Temp,Cyclone_Material_Temp; Cyclone_Gas_Outlet_Temp,0,98.6,transient_spike,False,False,excursion above threshold on max-score sensor only,0.1158,0.0,0.239
834,2020-01-25 01:05:00,2020-01-25 01:30:00,30.0,6,50.0,12.24,5.88,0,Cyclone_Gas_Outlet_Temp; Cyclone_Inlet_Gas_Temp,Cyclone_Gas_Outlet_Temp; Cyclone_Inlet_Gas_Temp,0,99.3,transient_spike,False,False,excursion above threshold on max-score sensor only,0.143,0.0,0.2387
835,2020-07-19 15:40:00,2020-07-19 16:15:00,40.0,8,50.0,7.67,5.09,0,Cyclone_Outlet_Gas_draft; Cyclone_Inlet_Draft,Cyclone_Outlet_Gas_draft; Cyclone_Inlet_Draft,0,98.5,transient_spike,False,False,excursion above threshold on max-score sensor only,0.1238,0.0,0.2381
836,2018-10-31 20:55:00,2018-10-31 21:25:00,35.0,7,57.1,6.16,4.78,0,Cyclone_Gas_Outlet_Temp; Cyclone_Inlet_Gas_Temp,Cyclone_Gas_Outlet_Temp; Cyclone_Inlet_Gas_Temp,0,94.4,transient_spike,False,False,excursion above threshold on max-score sensor only,0.1162,0.0,0.238
837,2017-03-02 00:10:00,2017-03-02 00:45:00,40.0,8,50.0,7.85,5.03,0,Cyclone_Material_Temp; Cyclone_Gas_Outlet_Temp,Cyclone_Material_Temp; Cyclone_Gas_Outlet_Temp,0,95.6,transient_spike,False,False,excursion above threshold on max-score sensor only,0.1223,0.0,0.2373
838,2019-05-02 00:00:00,2019-05-02 00:50:00,55.0,11,45.5,7.99,4.62,0,Cyclone_Inlet_Gas_Temp; Cyclone_Gas_Outlet_Temp,Cyclone_Inlet_Gas_Temp; Cyclone_Gas_Outlet_Temp,0,97.9,transient_spike,False,False,excursion above threshold on max-score sensor only,0.1124,0.0,0.2373
839,2018-08-14 11:30:00,2018-08-14 12:05:00,40.0,8,50.0,9.76,4.87,0,Cyclone_Inlet_Draft; Cyclone_Inlet_Gas_Temp,Cyclone_Inlet_Draft; Cyclone_Inlet_Gas_Temp,0,98.8,transient_spike,False,False,excursion above threshold on max-score sensor only,0.1184,0.0,0.2354
840,2018-01-16 06:45:00,2018-01-16 07:20:00,40.0,8,50.0,6.6,4.85,0,Cyclone_cone_draft; Cyclone_Outlet_Gas_draft,Cyclone_cone_draft; Cyclone_Outlet_Gas_draft,0,85.6,transient_spike,False,False,excursion above threshold on max-score sensor only,0.118,0.0,0.2351
841,2019-03-31 10:35:00,2019-03-31 11:30:00,60.0,12,41.7,9.95,4.45,0,Cyclone_cone_draft; Cyclone_Inlet_Draft,Cyclone_cone_draft; Cyclone_Inlet_Draft,0,98.7,transient_spike,False,False,excursion above threshold on max-score sensor only,0.1082,0.0,0.2337
842,2017-06-15 07:55:00,2017-06-15 08:30:00,40.0,8,50.0,6.51,4.66,0,Cyclone_Inlet_Gas_Temp; Cyclone_Gas_Outlet_Temp,Cyclone_Inlet_Gas_Temp; Cyclone_Gas_Outlet_Temp,0,97.3,transient_spike,False,False,excursion above threshold on max-score sensor only,0.1133,0.0,0.2328
843,2017-12-02 05:10:00,2017-12-02 06:10:00,65.0,13,38.5,6.69,4.41,0,Cyclone_Gas_Outlet_Temp; Cyclone_Material_Temp,Cyclone_Gas_Outlet_Temp; Cyclone_Material_Temp,0,94.9,transient_spike,False,False,excursion above threshold on max-score sensor only,0.1073,0.0,0.2322
844,2020-05-07 10:10:00,2020-05-07 10:50:00,45.0,9,44.4,7.19,4.72,0,Cyclone_cone_draft; Cyclone_Outlet_Gas_draft,Cyclone_cone_draft; Cyclone_Outlet_Gas_draft,0,96.5,transient_spike,False,False,excursion above threshold on max-score sensor only,0.1148,0.0,0.231
845,2017-06-25 23:45:00,2017-06-26 00:10:00,30.0,6,50.0,9.93,5.21,0,Cyclone_Inlet_Gas_Temp; Cyclone_Material_Temp,Cyclone_Inlet_Gas_Temp; Cyclone_Material_Temp,0,98.4,transient_spike,False,False,excursion above threshold on max-score sensor only,0.1267,0.0,0.2305
846,2018-07-21 10:00:00,2018-07-21 10:50:00,55.0,11,45.5,5.52,3.94,0,Cyclone_Inlet_Gas_Temp; Cyclone_Gas_Outlet_Temp,Cyclone_Inlet_Gas_Temp; Cyclone_Gas_Outlet_Temp,0,97.0,transient_spike,False,False,excursion above threshold on max-score sensor only,0.0958,0.0,0.229
847,2018-04-25 16:20:00,2018-04-25 16:45:00,30.0,6,50.0,5.97,5.08,0,Cyclone_Gas_Outlet_Temp; Cyclone_Outlet_Gas_draft,Cyclone_Gas_Outlet_Temp; Cyclone_Outlet_Gas_draft,0,98.4,transient_spike,False,False,excursion above threshold on max-score sensor only,0.1235,0.0,0.2289
848,2019-09-01 00:00:00,2019-09-01 00:25:00,30.0,6,50.0,5.49,5.07,0,Cyclone_Gas_Outlet_Temp; Cyclone_Material_Temp,Cyclone_Gas_Outlet_Temp; Cyclone_Material_Temp,0,95.4,transient_spike,False,False,excursion above threshold on max-score sensor only,0.1233,0.0,0.2288
849,2017-03-05 13:10:00,2017-03-05 13:35:00,30.0,6,50.0,7.01,5.02,0,Cyclone_Inlet_Gas_Temp; Cyclone_Gas_Outlet_Temp,Cyclone_Inlet_Gas_Temp; Cyclone_Gas_Outlet_Temp,0,94.9,transient_spike,False,False,excursion above threshold on max-score sensor only,0.1221,0.0,0.2282
850,2017-12-20 16:25:00,2017-12-20 16:50:00,30.0,6,50.0,7.23,4.94,0,Cyclone_Inlet_Draft; Cyclone_Outlet_Gas_draft,Cyclone_Inlet_Draft; Cyclone_Outlet_Gas_draft,0,94.5,transient_spike,False,False,excursion above threshold on max-score sensor only,0.1201,0.0,0.2272
851,2018-10-22 21:00:00,2018-10-22 21:40:00,45.0,9,44.4,6.27,4.39,0,Cyclone_Material_Temp; Cyclone_Inlet_Gas_Temp,Cyclone_Material_Temp; Cyclone_Inlet_Gas_Temp,0,96.4,transient_spike,False,False,excursion above threshold on max-score sensor only,0.1068,0.0,0.2269
852,2017-04-16 00:55:00,2017-04-16 01:20:00,30.0,6,50.0,9.49,4.86,0,Cyclone_Material_Temp; Cyclone_Gas_Outlet_Temp,Cyclone_Material_Temp; Cyclone_Gas_Outlet_Temp,0,91.2,transient_spike,False,False,"excursion above threshold on max-score sensor only | note: starting at +5 min after onset, 1 instantaneous temperature step(s) >=300C across 1 channel(s) appear in single 5-min samples, none of them crossing into the cold boundary (<100C) (e.g. Cyclone_Material_Temp 695 -> 1065 C, 370C) - jumps far beyond thermal-mass limits, but NOT a recorded hot<->cold operating-state transition -> the startup/shutdown evidence chain does not apply, so the period stays rankable; scores near the step(s) carry some stale-baseline inflation",0.1182,0.0,0.2262
853,2017-09-18 16:10:00,2017-09-18 16:35:00,30.0,6,50.0,8.21,4.86,0,Cyclone_Inlet_Gas_Temp; Cyclone_Material_Temp,Cyclone_Inlet_Gas_Temp; Cyclone_Material_Temp,0,95.0,transient_spike,False,False,excursion above threshold on max-score sensor only,0.1182,0.0,0.2262
854,2020-07-13 15:40:00,2020-07-13 16:15:00,40.0,8,50.0,7.69,4.05,0,Cyclone_cone_draft; Cyclone_Outlet_Gas_draft,Cyclone_cone_draft; Cyclone_Outlet_Gas_draft,0,98.4,transient_spike,False,False,excursion above threshold on max-score sensor only,0.0985,0.0,0.2253
855,2018-02-13 00:10:00,2018-02-13 00:35:00,30.0,6,50.0,6.01,4.75,0,Cyclone_Gas_Outlet_Temp; Cyclone_Material_Temp,Cyclone_Gas_Outlet_Temp; Cyclone_Material_Temp,0,97.5,transient_spike,False,False,excursion above threshold on max-score sensor only,0.1155,0.0,0.2249
856,2018-04-17 00:35:00,2018-04-17 01:00:00,30.0,6,50.0,6.0,4.65,0,Cyclone_cone_draft; Cyclone_Outlet_Gas_draft,Cyclone_cone_draft; Cyclone_Outlet_Gas_draft,0,98.1,transient_spike,False,False,excursion above threshold on max-score sensor only,0.1131,0.0,0.2236
857,2017-09-17 19:50:00,2017-09-17 20:15:00,30.0,6,50.0,6.66,4.64,0,Cyclone_Inlet_Gas_Temp; Cyclone_Outlet_Gas_draft,Cyclone_Inlet_Gas_Temp; Cyclone_Outlet_Gas_draft,0,96.8,transient_spike,False,False,excursion above threshold on max-score sensor only,0.1128,0.0,0.2235
858,2017-04-19 22:40:00,2017-04-19 23:05:00,30.0,6,50.0,5.71,4.61,0,Cyclone_Inlet_Gas_Temp; Cyclone_Material_Temp,Cyclone_Inlet_Gas_Temp; Cyclone_Material_Temp,0,97.2,transient_spike,False,False,excursion above threshold on max-score sensor only,0.1121,0.0,0.2232
859,2017-09-02 00:00:00,2017-09-02 00:25:00,30.0,6,50.0,6.03,4.56,0,Cyclone_Material_Temp; Cyclone_Gas_Outlet_Temp,Cyclone_Material_Temp; Cyclone_Gas_Outlet_Temp,0,97.4,transient_spike,False,False,excursion above threshold on max-score sensor only,0.1109,0.0,0.2225
860,2018-02-19 14:50:00,2018-02-19 15:20:00,35.0,7,42.9,8.2,4.75,0,Cyclone_Gas_Outlet_Temp; Cyclone_Inlet_Draft,Cyclone_Gas_Outlet_Temp; Cyclone_Inlet_Draft,0,97.6,transient_spike,False,False,excursion above threshold on max-score sensor only,0.1155,0.0,0.2218
861,2017-01-06 02:05:00,2017-01-06 02:30:00,30.0,6,50.0,6.62,4.44,0,Cyclone_Inlet_Gas_Temp; Cyclone_Material_Temp,Cyclone_Inlet_Gas_Temp; Cyclone_Material_Temp,0,98.7,transient_spike,False,False,excursion above threshold on max-score sensor only,0.108,0.0,0.2211
862,2019-01-22 03:55:00,2019-01-22 04:25:00,35.0,7,42.9,11.9,4.49,0,Cyclone_Inlet_Gas_Temp; Cyclone_Outlet_Gas_draft,Cyclone_Inlet_Gas_Temp; Cyclone_Outlet_Gas_draft,0,95.8,transient_spike,False,False,"excursion above threshold on max-score sensor only | note: starting at +20 min after onset, 2 instantaneous temperature step(s) >=300C across 1 channel(s) appear in single 5-min samples, none of them crossing into the cold boundary (<100C) (e.g. Cyclone_Material_Temp 931 -> 1369 C, 438C) - jumps far beyond thermal-mass limits, but NOT a recorded hot<->cold operating-state transition -> the startup/shutdown evidence chain does not apply, so the period stays rankable; scores near the step(s) carry some stale-baseline inflation",0.1092,0.0,0.2186
863,2018-08-03 15:15:00,2018-08-03 15:40:00,30.0,6,50.0,6.16,4.16,0,Cyclone_Gas_Outlet_Temp; Cyclone_Inlet_Draft,Cyclone_Gas_Outlet_Temp; Cyclone_Inlet_Draft,0,98.3,transient_spike,False,False,excursion above threshold on max-score sensor only,0.1012,0.0,0.2176
864,2017-09-03 23:00:00,2017-09-03 23:30:00,35.0,7,42.9,7.08,4.38,0,Cyclone_Inlet_Gas_Temp; Cyclone_Material_Temp,Cyclone_Inlet_Gas_Temp; Cyclone_Material_Temp,0,92.9,transient_spike,False,False,excursion above threshold on max-score sensor only,0.1065,0.0,0.2172
865,2020-11-03 16:45:00,2020-11-03 17:20:00,40.0,8,37.5,7.47,4.53,0,Cyclone_Material_Temp; Cyclone_Inlet_Gas_Temp,Cyclone_Material_Temp; Cyclone_Inlet_Gas_Temp,0,98.3,transient_spike,False,False,excursion above threshold on max-score sensor only,0.1102,0.0,0.2172
866,2017-02-02 00:10:00,2017-02-02 00:45:00,40.0,8,37.5,5.87,4.46,0,Cyclone_Outlet_Gas_draft; Cyclone_Inlet_Draft,Cyclone_Outlet_Gas_draft; Cyclone_Inlet_Draft,0,92.7,transient_spike,False,False,excursion above threshold on max-score sensor only,0.1085,0.0,0.2164
867,2020-02-08 17:20:00,2020-02-08 17:45:00,30.0,6,50.0,5.4,4.05,0,Cyclone_Inlet_Gas_Temp; Cyclone_Gas_Outlet_Temp,Cyclone_Inlet_Gas_Temp; Cyclone_Gas_Outlet_Temp,0,94.2,transient_spike,False,False,excursion above threshold on max-score sensor only,0.0985,0.0,0.2163
868,2020-02-01 04:10:00,2020-02-01 05:00:00,55.0,11,36.4,6.3,3.69,0,Cyclone_Inlet_Draft; Cyclone_cone_draft,Cyclone_Inlet_Draft; Cyclone_cone_draft,0,94.6,transient_spike,False,False,excursion above threshold on max-score sensor only,0.0897,0.0,0.2157
869,2019-01-22 02:45:00,2019-01-22 03:15:00,35.0,7,42.9,10.43,4.19,0,Cyclone_Material_Temp; Cyclone_Inlet_Gas_Temp,Cyclone_Material_Temp; Cyclone_Inlet_Gas_Temp,0,93.3,transient_spike,False,False,"excursion above threshold on max-score sensor only | note: starting at onset, 2 instantaneous temperature step(s) >=300C across 1 channel(s) appear in single 5-min samples, none of them crossing into the cold boundary (<100C) (e.g. Cyclone_Material_Temp 902 -> 1314 C, 412C) - jumps far beyond thermal-mass limits, but NOT a recorded hot<->cold operating-state transition -> the startup/shutdown evidence chain does not apply, so the period stays rankable; scores near the step(s) carry some stale-baseline inflation",0.1019,0.0,0.2149
870,2019-03-26 10:20:00,2019-03-26 10:55:00,40.0,8,37.5,5.38,4.27,0,Cyclone_Material_Temp; Cyclone_Gas_Outlet_Temp,Cyclone_Material_Temp; Cyclone_Gas_Outlet_Temp,0,91.5,transient_spike,False,False,excursion above threshold on max-score sensor only,0.1038,0.0,0.214
871,2017-06-27 08:40:00,2017-06-27 09:05:00,30.0,6,50.0,6.2,3.78,0,Cyclone_Inlet_Gas_Temp; Cyclone_Gas_Outlet_Temp,Cyclone_Inlet_Gas_Temp; Cyclone_Gas_Outlet_Temp,0,96.2,transient_spike,False,False,excursion above threshold on max-score sensor only,0.0919,0.0,0.213
872,2019-08-04 14:50:00,2019-08-04 15:25:00,40.0,8,37.5,7.25,4.06,0,Cyclone_Gas_Outlet_Temp; Cyclone_Inlet_Gas_Temp,Cyclone_Gas_Outlet_Temp; Cyclone_Inlet_Gas_Temp,0,98.7,transient_spike,False,False,excursion above threshold on max-score sensor only,0.0987,0.0,0.2115
873,2018-04-13 03:15:00,2018-04-13 03:55:00,45.0,9,33.3,6.74,4.08,0,Cyclone_Material_Temp; Cyclone_cone_draft,Cyclone_Material_Temp; Cyclone_cone_draft,0,92.5,transient_spike,False,False,excursion above threshold on max-score sensor only,0.0992,0.0,0.2107
874,2018-10-04 11:50:00,2018-10-04 12:45:00,60.0,12,33.3,8.58,3.33,0,Cyclone_Gas_Outlet_Temp; Cyclone_Inlet_Gas_Temp,Cyclone_Gas_Outlet_Temp; Cyclone_Inlet_Gas_Temp,0,94.1,transient_spike,False,False,excursion above threshold on max-score sensor only,0.081,0.0,0.2106
875,2020-02-07 00:00:00,2020-02-07 00:40:00,45.0,9,33.3,5.28,3.97,0,Cyclone_Gas_Outlet_Temp; Cyclone_Inlet_Draft,Cyclone_Gas_Outlet_Temp; Cyclone_Inlet_Draft,0,87.3,transient_spike,False,False,excursion above threshold on max-score sensor only,0.0966,0.0,0.2094
876,2019-08-18 18:25:00,2019-08-18 19:05:00,45.0,9,33.3,6.18,3.95,0,Cyclone_Inlet_Gas_Temp; Cyclone_Material_Temp,Cyclone_Inlet_Gas_Temp; Cyclone_Material_Temp,0,97.5,transient_spike,False,False,excursion above threshold on max-score sensor only,0.0961,0.0,0.2091
877,2020-12-01 23:40:00,2020-12-02 00:05:00,30.0,6,50.0,5.64,3.46,0,Cyclone_Gas_Outlet_Temp; Cyclone_cone_draft,Cyclone_Gas_Outlet_Temp; Cyclone_cone_draft,0,95.5,transient_spike,False,False,excursion above threshold on max-score sensor only,0.0841,0.0,0.2091
878,2019-08-04 17:20:00,2019-08-04 17:55:00,40.0,8,37.5,5.99,3.64,0,Cyclone_Gas_Outlet_Temp; Cyclone_Inlet_Gas_Temp,Cyclone_Gas_Outlet_Temp; Cyclone_Inlet_Gas_Temp,0,98.1,transient_spike,False,False,excursion above threshold on max-score sensor only,0.0885,0.0,0.2063
879,2019-11-21 10:55:00,2019-11-21 11:30:00,40.0,8,37.5,7.49,3.51,0,Cyclone_Inlet_Gas_Temp; Cyclone_Material_Temp,Cyclone_Inlet_Gas_Temp; Cyclone_Material_Temp,0,93.3,transient_spike,False,False,excursion above threshold on max-score sensor only,0.0854,0.0,0.2047
880,2017-07-10 00:00:00,2017-07-10 02:30:00,155.0,31,100.0,50.0,41.29,6,Cyclone_Inlet_Gas_Temp; Cyclone_Material_Temp; Cyclone_Outlet_Gas_draft; Cyclone_cone_draft; Cyclone_Gas_Outlet_Temp; Cyclone_Inlet_Draft,Cyclone_Material_Temp; Cyclone_Gas_Outlet_Temp,1,100.0,shutdown_transition,True,False,"expected shutdown: the unit sits in the HOT operating regime for >= 30 min before the transition, then 3 temperature channels drop across 500C TOGETHER in ONE 5-min sample with both rows valid and no data gap (e.g. Cyclone_Material_Temp 907 -> 0 C, 907C in 5 min), then >= 30 min in the COLD operating regime; recurring timing: 90 of 94 dataset-wide instantaneous hot->cold transitions (96%) occur at 00:00, modal 00:00 (96%) -> expected operating context: score reflects a stale local baseline across the daily shutdown boundary, not a process failure | inside COLD/SHUTDOWN regime",1.0,1.0,1.0
881,2017-01-10 22:55:00,2017-01-11 01:20:00,150.0,30,90.0,50.0,43.87,6,Cyclone_Inlet_Gas_Temp; Cyclone_Material_Temp; Cyclone_Outlet_Gas_draft; Cyclone_cone_draft; Cyclone_Gas_Outlet_Temp; Cyclone_Inlet_Draft,Cyclone_Inlet_Gas_Temp; Cyclone_Gas_Outlet_Temp,1,100.0,startup_context,True,True,"expected startup: the unit sits in the COLD operating regime for >= 30 min before the transition, then 3 temperature channels cross 500C TOGETHER in ONE 5-min sample with both rows valid and no data gap (e.g. Cyclone_Inlet_Gas_Temp 33 -> 951 C, 917C in 5 min - far beyond preheater thermal-mass limits), then >= 30 min in the HOT operating regime; recurring timing: 90 of 95 dataset-wide instantaneous cold->hot transitions (95%) occur at 00:00, modal 00:00 (95%); period onset precedes the transition by 65 min -> expected operating context: score reflects a stale local baseline across the daily startup state change, not a process failure | inside COLD/SHUTDOWN regime",1.0,1.0,0.9899
882,2018-03-10 00:00:00,2018-03-10 01:30:00,95.0,19,100.0,50.0,43.1,6,Cyclone_Inlet_Gas_Temp; Cyclone_Material_Temp; Cyclone_Outlet_Gas_draft; Cyclone_cone_draft; Cyclone_Gas_Outlet_Temp; Cyclone_Inlet_Draft,Cyclone_Gas_Outlet_Temp; Cyclone_Outlet_Gas_draft,1,100.0,shutdown_transition,True,False,"expected shutdown: the unit sits in the HOT operating regime for >= 30 min before the transition, then 2 temperature channels drop across 500C TOGETHER in ONE 5-min sample with both rows valid and no data gap (e.g. Cyclone_Inlet_Gas_Temp 900 -> 34 C, 866C in 5 min), then >= 30 min in the COLD operating regime; recurring timing: 90 of 94 dataset-wide instantaneous hot->cold transitions (96%) occur at 00:00, modal 00:00 (96%) -> expected operating context: score reflects a stale local baseline across the daily shutdown boundary, not a process failure | inside COLD/SHUTDOWN regime",1.0,1.0,0.9865
883,2020-02-05 00:00:00,2020-02-05 01:30:00,95.0,19,100.0,50.0,47.22,6,Cyclone_Inlet_Gas_Temp; Cyclone_Material_Temp; Cyclone_Outlet_Gas_draft; Cyclone_cone_draft; Cyclone_Gas_Outlet_Temp; Cyclone_Inlet_Draft,Cyclone_Inlet_Gas_Temp; Cyclone_Material_Temp,0,99.8,startup_context,False,True,"expected startup: the unit sits in the COLD operating regime for >= 30 min before the transition, then 3 temperature channels cross 500C TOGETHER in ONE 5-min sample with both rows valid and no data gap (e.g. Cyclone_Material_Temp 30 -> 1030 C, 999C in 5 min - far beyond preheater thermal-mass limits), then >= 30 min in the HOT operating regime; recurring timing: 90 of 95 dataset-wide instantaneous cold->hot transitions (95%) occur at 00:00, modal 00:00 (95%) -> expected operating context: score reflects a stale local baseline across the daily startup state change, not a process failure",1.0,1.0,0.9865
884,2017-01-12 00:00:00,2017-01-12 01:20:00,85.0,17,100.0,50.0,44.53,6,Cyclone_Inlet_Gas_Temp; Cyclone_Material_Temp; Cyclone_Outlet_Gas_draft; Cyclone_cone_draft; Cyclone_Gas_Outlet_Temp; Cyclone_Inlet_Draft,Cyclone_Inlet_Gas_Temp; Cyclone_Gas_Outlet_Temp,1,99.9,shutdown_transition,True,False,"expected shutdown: the unit sits in the HOT operating regime for >= 30 min before the transition, then 3 temperature channels drop across 500C TOGETHER in ONE 5-min sample with both rows valid and no data gap (e.g. Cyclone_Material_Temp 958 -> 32 C, 926C in 5 min), then >= 30 min in the COLD operating regime; recurring timing: 90 of 94 dataset-wide instantaneous hot->cold transitions (96%) occur at 00:00, modal 00:00 (96%) -> expected operating context: score reflects a stale local baseline across the daily shutdown boundary, not a process failure | inside COLD/SHUTDOWN regime",1.0,1.0,0.9829
885,2017-01-13 00:00:00,2017-01-13 01:20:00,85.0,17,100.0,50.0,50.0,6,Cyclone_Inlet_Gas_Temp; Cyclone_Material_Temp; Cyclone_Outlet_Gas_draft; Cyclone_cone_draft; Cyclone_Gas_Outlet_Temp; Cyclone_Inlet_Draft,Cyclone_Inlet_Gas_Temp; Cyclone_Material_Temp,0,100.0,startup_context,False,True,"expected startup: the unit sits in the COLD operating regime for >= 30 min before the transition, then 3 temperature channels cross 500C TOGETHER in ONE 5-min sample with both rows valid and no data gap (e.g. Cyclone_Material_Temp 29 -> 931 C, 902C in 5 min - far beyond preheater thermal-mass limits), then >= 30 min in the HOT operating regime; recurring timing: 90 of 95 dataset-wide instantaneous cold->hot transitions (95%) occur at 00:00, modal 00:00 (95%) -> expected operating context: score reflects a stale local baseline across the daily startup state change, not a process failure",1.0,1.0,0.9829
886,2017-02-11 00:00:00,2017-02-11 01:20:00,85.0,17,100.0,50.0,50.0,6,Cyclone_Inlet_Gas_Temp; Cyclone_Material_Temp; Cyclone_Outlet_Gas_draft; Cyclone_cone_draft; Cyclone_Gas_Outlet_Temp; Cyclone_Inlet_Draft,Cyclone_Inlet_Gas_Temp; Cyclone_Material_Temp,0,100.0,startup_context,False,True,"expected startup: the unit sits in the COLD operating regime for >= 30 min before the transition, then 3 temperature channels cross 500C TOGETHER in ONE 5-min sample with both rows valid and no data gap (e.g. Cyclone_Material_Temp 0 -> 929 C, 929C in 5 min - far beyond preheater thermal-mass limits), then >= 30 min in the HOT operating regime; recurring timing: 90 of 95 dataset-wide instantaneous cold->hot transitions (95%) occur at 00:00, modal 00:00 (95%) -> expected operating context: score reflects a stale local baseline across the daily startup state change, not a process failure",1.0,1.0,0.9829
887,2017-02-13 00:00:00,2017-02-13 01:20:00,85.0,17,100.0,50.0,50.0,6,Cyclone_Inlet_Gas_Temp; Cyclone_Material_Temp; Cyclone_Outlet_Gas_draft; Cyclone_cone_draft; Cyclone_Gas_Outlet_Temp; Cyclone_Inlet_Draft,Cyclone_Inlet_Gas_Temp; Cyclone_Material_Temp,0,100.0,startup_context,False,True,"expected startup: the unit sits in the COLD operating regime for >= 30 min before the transition, then 3 temperature channels cross 500C TOGETHER in ONE 5-min sample with both rows valid and no data gap (e.g. Cyclone_Material_Temp 27 -> 879 C, 852C in 5 min - far beyond preheater thermal-mass limits), then >= 30 min in the HOT operating regime; recurring timing: 90 of 95 dataset-wide instantaneous cold->hot transitions (95%) occur at 00:00, modal 00:00 (95%) -> expected operating context: score reflects a stale local baseline across the daily startup state change, not a process failure",1.0,1.0,0.9829
888,2017-03-12 00:00:00,2017-03-12 01:20:00,85.0,17,100.0,50.0,47.78,6,Cyclone_Inlet_Gas_Temp; Cyclone_Material_Temp; Cyclone_Outlet_Gas_draft; Cyclone_cone_draft; Cyclone_Gas_Outlet_Temp; Cyclone_Inlet_Draft,Cyclone_Gas_Outlet_Temp; Cyclone_Outlet_Gas_draft,1,100.0,shutdown_transition,True,False,"expected shutdown: the unit sits in the HOT operating regime for >= 30 min before the transition, then 3 temperature channels drop across 500C TOGETHER in ONE 5-min sample with both rows valid and no data gap (e.g. Cyclone_Material_Temp 966 -> 27 C, 939C in 5 min), then >= 30 min in the COLD operating regime; recurring timing: 90 of 94 dataset-wide instantaneous hot->cold transitions (96%) occur at 00:00, modal 00:00 (96%) -> expected operating context: score reflects a stale local baseline across the daily shutdown boundary, not a process failure | inside COLD/SHUTDOWN regime",1.0,1.0,0.9829
889,2017-03-13 00:00:00,2017-03-13 01:20:00,85.0,17,100.0,50.0,50.0,6,Cyclone_Inlet_Gas_Temp; Cyclone_Material_Temp; Cyclone_Outlet_Gas_draft; Cyclone_cone_draft; Cyclone_Gas_Outlet_Temp; Cyclone_Inlet_Draft,Cyclone_Inlet_Gas_Temp; Cyclone_Material_Temp,0,100.0,startup_context,False,True,"expected startup: the unit sits in the COLD operating regime for >= 30 min before the transition, then 3 temperature channels cross 500C TOGETHER in ONE 5-min sample with both rows valid and no data gap (e.g. Cyclone_Material_Temp 25 -> 969 C, 943C in 5 min - far beyond preheater thermal-mass limits), then >= 30 min in the HOT operating regime; recurring timing: 90 of 95 dataset-wide instantaneous cold->hot transitions (95%) occur at 00:00, modal 00:00 (95%) -> expected operating context: score reflects a stale local baseline across the daily startup state change, not a process failure",1.0,1.0,0.9829
890,2017-04-12 00:00:00,2017-04-12 01:20:00,85.0,17,100.0,50.0,50.0,6,Cyclone_Inlet_Gas_Temp; Cyclone_Material_Temp; Cyclone_Outlet_Gas_draft; Cyclone_cone_draft; Cyclone_Gas_Outlet_Temp; Cyclone_Inlet_Draft,Cyclone_Gas_Outlet_Temp; Cyclone_Inlet_Gas_Temp,1,100.0,shutdown_transition,True,False,"expected shutdown: the unit sits in the HOT operating regime for >= 30 min before the transition, then 3 temperature channels drop across 500C TOGETHER in ONE 5-min sample with both rows valid and no data gap (e.g. Cyclone_Material_Temp 928 -> 25 C, 902C in 5 min), then >= 30 min in the COLD operating regime; recurring timing: 90 of 94 dataset-wide instantaneous hot->cold transitions (96%) occur at 00:00, modal 00:00 (96%) -> expected operating context: score reflects a stale local baseline across the daily shutdown boundary, not a process failure | inside COLD/SHUTDOWN regime",1.0,1.0,0.9829
891,2017-04-13 00:00:00,2017-04-13 01:20:00,85.0,17,100.0,50.0,50.0,6,Cyclone_Inlet_Gas_Temp; Cyclone_Material_Temp; Cyclone_Outlet_Gas_draft; Cyclone_cone_draft; Cyclone_Gas_Outlet_Temp; Cyclone_Inlet_Draft,Cyclone_Inlet_Gas_Temp; Cyclone_Material_Temp,0,100.0,startup_context,False,True,"expected startup: the unit sits in the COLD operating regime for >= 30 min before the transition, then 3 temperature channels cross 500C TOGETHER in ONE 5-min sample with both rows valid and no data gap (e.g. Cyclone_Material_Temp 23 -> 976 C, 953C in 5 min - far beyond preheater thermal-mass limits), then >= 30 min in the HOT operating regime; recurring timing: 90 of 95 dataset-wide instantaneous cold->hot transitions (95%) occur at 00:00, modal 00:00 (95%) -> expected operating context: score reflects a stale local baseline across the daily startup state change, not a process failure",1.0,1.0,0.9829
892,2017-05-11 00:00:00,2017-05-11 01:20:00,85.0,17,100.0,50.0,50.0,6,Cyclone_Inlet_Gas_Temp; Cyclone_Material_Temp; Cyclone_Outlet_Gas_draft; Cyclone_cone_draft; Cyclone_Gas_Outlet_Temp; Cyclone_Inlet_Draft,Cyclone_Inlet_Gas_Temp; Cyclone_Material_Temp,0,100.0,startup_context,False,True,"expected startup: the unit sits in the COLD operating regime for >= 30 min before the transition, then 3 temperature channels cross 500C TOGETHER in ONE 5-min sample with both rows valid and no data gap (e.g. Cyclone_Material_Temp 0 -> 973 C, 973C in 5 min - far beyond preheater thermal-mass limits), then >= 30 min in the HOT operating regime; recurring timing: 90 of 95 dataset-wide instantaneous cold->hot transitions (95%) occur at 00:00, modal 00:00 (95%) -> expected operating context: score reflects a stale local baseline across the daily startup state change, not a process failure",1.0,1.0,0.9829
893,2017-05-12 00:00:00,2017-05-12 01:20:00,85.0,17,100.0,50.0,49.81,6,Cyclone_Inlet_Gas_Temp; Cyclone_Material_Temp; Cyclone_Outlet_Gas_draft; Cyclone_cone_draft; Cyclone_Gas_Outlet_Temp; Cyclone_Inlet_Draft,Cyclone_Inlet_Gas_Temp; Cyclone_Gas_Outlet_Temp,1,100.0,shutdown_transition,True,False,"expected shutdown: the unit sits in the HOT operating regime for >= 30 min before the transition, then 3 temperature channels drop across 500C TOGETHER in ONE 5-min sample with both rows valid and no data gap (e.g. Cyclone_Material_Temp 895 -> 23 C, 872C in 5 min), then >= 30 min in the COLD operating regime; recurring timing: 90 of 94 dataset-wide instantaneous hot->cold transitions (96%) occur at 00:00, modal 00:00 (96%) -> expected operating context: score reflects a stale local baseline across the daily shutdown boundary, not a process failure | inside COLD/SHUTDOWN regime",1.0,1.0,0.9829
894,2017-05-13 00:00:00,2017-05-13 01:20:00,85.0,17,100.0,50.0,50.0,6,Cyclone_Inlet_Gas_Temp; Cyclone_Material_Temp; Cyclone_Outlet_Gas_draft; Cyclone_cone_draft; Cyclone_Gas_Outlet_Temp; Cyclone_Inlet_Draft,Cyclone_Inlet_Gas_Temp; Cyclone_Material_Temp,0,100.0,startup_context,False,True,"expected startup: the unit sits in the COLD operating regime for >= 30 min before the transition, then 3 temperature channels cross 500C TOGETHER in ONE 5-min sample with both rows valid and no data gap (e.g. Cyclone_Material_Temp 29 -> 921 C, 892C in 5 min - far beyond preheater thermal-mass limits), then >= 30 min in the HOT operating regime; recurring timing: 90 of 95 dataset-wide instantaneous cold->hot transitions (95%) occur at 00:00, modal 00:00 (95%) -> expected operating context: score reflects a stale local baseline across the daily startup state change, not a process failure",1.0,1.0,0.9829
895,2017-06-10 00:00:00,2017-06-10 01:20:00,85.0,17,100.0,50.0,49.41,6,Cyclone_Inlet_Gas_Temp; Cyclone_Material_Temp; Cyclone_Outlet_Gas_draft; Cyclone_cone_draft; Cyclone_Gas_Outlet_Temp; Cyclone_Inlet_Draft,Cyclone_Gas_Outlet_Temp; Cyclone_Inlet_Gas_Temp,1,100.0,shutdown_transition,True,False,"expected shutdown: the unit sits in the HOT operating regime for >= 30 min before the transition, then 3 temperature channels drop across 500C TOGETHER in ONE 5-min sample with both rows valid and no data gap (e.g. Cyclone_Material_Temp 904 -> 0 C, 904C in 5 min), then >= 30 min in the COLD operating regime; recurring timing: 90 of 94 dataset-wide instantaneous hot->cold transitions (96%) occur at 00:00, modal 00:00 (96%) -> expected operating context: score reflects a stale local baseline across the daily shutdown boundary, not a process failure | inside COLD/SHUTDOWN regime",1.0,1.0,0.9829
896,2017-06-11 00:00:00,2017-06-11 01:20:00,85.0,17,100.0,50.0,50.0,6,Cyclone_Inlet_Gas_Temp; Cyclone_Material_Temp; Cyclone_Outlet_Gas_draft; Cyclone_cone_draft; Cyclone_Gas_Outlet_Temp; Cyclone_Inlet_Draft,Cyclone_Inlet_Gas_Temp; Cyclone_Material_Temp,0,100.0,startup_context,False,True,"expected startup: the unit sits in the COLD operating regime for >= 30 min before the transition, then 3 temperature channels cross 500C TOGETHER in ONE 5-min sample with both rows valid and no data gap (e.g. Cyclone_Material_Temp 0 -> 942 C, 942C in 5 min - far beyond preheater thermal-mass limits), then >= 30 min in the HOT operating regime; recurring timing: 90 of 95 dataset-wide instantaneous cold->hot transitions (95%) occur at 00:00, modal 00:00 (95%) -> expected operating context: score reflects a stale local baseline across the daily startup state change, not a process failure",1.0,1.0,0.9829
897,2017-06-12 00:00:00,2017-06-12 01:20:00,85.0,17,100.0,50.0,47.0,6,Cyclone_Inlet_Gas_Temp; Cyclone_Material_Temp; Cyclone_Outlet_Gas_draft; Cyclone_cone_draft; Cyclone_Gas_Outlet_Temp; Cyclone_Inlet_Draft,Cyclone_Gas_Outlet_Temp; Cyclone_Material_Temp,1,100.0,shutdown_transition,True,False,"expected shutdown: the unit sits in the HOT operating regime for >= 30 min before the transition, then 3 temperature channels drop across 500C TOGETHER in ONE 5-min sample with both rows valid and no data gap (e.g. Cyclone_Material_Temp 948 -> 29 C, 918C in 5 min), then >= 30 min in the COLD operating regime; recurring timing: 90 of 94 dataset-wide instantaneous hot->cold transitions (96%) occur at 00:00, modal 00:00 (96%) -> expected operating context: score reflects a stale local baseline across the daily shutdown boundary, not a process failure | inside COLD/SHUTDOWN regime",1.0,1.0,0.9829
898,2017-06-13 00:00:00,2017-06-13 01:20:00,85.0,17,100.0,50.0,50.0,6,Cyclone_Inlet_Gas_Temp; Cyclone_Material_Temp; Cyclone_Outlet_Gas_draft; Cyclone_cone_draft; Cyclone_Gas_Outlet_Temp; Cyclone_Inlet_Draft,Cyclone_Inlet_Gas_Temp; Cyclone_Material_Temp,0,100.0,startup_context,False,True,"expected startup: the unit sits in the COLD operating regime for >= 30 min before the transition, then 3 temperature channels cross 500C TOGETHER in ONE 5-min sample with both rows valid and no data gap (e.g. Cyclone_Material_Temp 22 -> 953 C, 931C in 5 min - far beyond preheater thermal-mass limits), then >= 30 min in the HOT operating regime; recurring timing: 90 of 95 dataset-wide instantaneous cold->hot transitions (95%) occur at 00:00, modal 00:00 (95%) -> expected operating context: score reflects a stale local baseline across the daily startup state change, not a process failure",1.0,1.0,0.9829
899,2017-07-11 00:00:00,2017-07-11 01:20:00,85.0,17,100.0,50.0,50.0,6,Cyclone_Inlet_Gas_Temp; Cyclone_Material_Temp; Cyclone_Outlet_Gas_draft; Cyclone_cone_draft; Cyclone_Gas_Outlet_Temp; Cyclone_Inlet_Draft,Cyclone_Inlet_Gas_Temp; Cyclone_Material_Temp,0,100.0,startup_context,False,True,"expected startup: the unit sits in the COLD operating regime for >= 30 min before the transition, then 3 temperature channels cross 500C TOGETHER in ONE 5-min sample with both rows valid and no data gap (e.g. Cyclone_Material_Temp 0 -> 958 C, 958C in 5 min - far beyond preheater thermal-mass limits), then >= 30 min in the HOT operating regime; recurring timing: 90 of 95 dataset-wide instantaneous cold->hot transitions (95%) occur at 00:00, modal 00:00 (95%) -> expected operating context: score reflects a stale local baseline across the daily startup state change, not a process failure",1.0,1.0,0.9829
900,2017-07-12 00:00:00,2017-07-12 01:20:00,85.0,17,100.0,50.0,45.0,6,Cyclone_Inlet_Gas_Temp; Cyclone_Material_Temp; Cyclone_Outlet_Gas_draft; Cyclone_cone_draft; Cyclone_Gas_Outlet_Temp; Cyclone_Inlet_Draft,Cyclone_Gas_Outlet_Temp; Cyclone_Material_Temp,1,100.0,shutdown_transition,True,False,"expected shutdown: the unit sits in the HOT operating regime for >= 30 min before the transition, then 3 temperature channels drop across 500C TOGETHER in ONE 5-min sample with both rows valid and no data gap (e.g. Cyclone_Material_Temp 968 -> 22 C, 946C in 5 min), then >= 30 min in the COLD operating regime; recurring timing: 90 of 94 dataset-wide instantaneous hot->cold transitions (96%) occur at 00:00, modal 00:00 (96%) -> expected operating context: score reflects a stale local baseline across the daily shutdown boundary, not a process failure | inside COLD/SHUTDOWN regime",1.0,1.0,0.9829
901,2017-08-10 00:00:00,2017-08-10 01:20:00,85.0,17,100.0,50.0,49.96,6,Cyclone_Inlet_Gas_Temp; Cyclone_Material_Temp; Cyclone_Outlet_Gas_draft; Cyclone_cone_draft; Cyclone_Gas_Outlet_Temp; Cyclone_Inlet_Draft,Cyclone_Gas_Outlet_Temp; Cyclone_Inlet_Gas_Temp,1,100.0,shutdown_transition,True,False,"expected shutdown: the unit sits in the HOT operating regime for >= 30 min before the transition, then 3 temperature channels drop across 500C TOGETHER in ONE 5-min sample with both rows valid and no data gap (e.g. Cyclone_Material_Temp 918 -> 0 C, 918C in 5 min), then >= 30 min in the COLD operating regime; recurring timing: 90 of 94 dataset-wide instantaneous hot->cold transitions (96%) occur at 00:00, modal 00:00 (96%) -> expected operating context: score reflects a stale local baseline across the daily shutdown boundary, not a process failure | inside COLD/SHUTDOWN regime",1.0,1.0,0.9829
902,2017-08-11 00:00:00,2017-08-11 01:20:00,85.0,17,100.0,50.0,50.0,6,Cyclone_Inlet_Gas_Temp; Cyclone_Material_Temp; Cyclone_Outlet_Gas_draft; Cyclone_cone_draft; Cyclone_Gas_Outlet_Temp; Cyclone_Inlet_Draft,Cyclone_Inlet_Gas_Temp; Cyclone_Material_Temp,0,100.0,startup_context,False,True,"expected startup: the unit sits in the COLD operating regime for >= 30 min before the transition, then 3 temperature channels cross 500C TOGETHER in ONE 5-min sample with both rows valid and no data gap (e.g. Cyclone_Material_Temp 0 -> 948 C, 948C in 5 min - far beyond preheater thermal-mass limits), then >= 30 min in the HOT operating regime; recurring timing: 90 of 95 dataset-wide instantaneous cold->hot transitions (95%) occur at 00:00, modal 00:00 (95%) -> expected operating context: score reflects a stale local baseline across the daily startup state change, not a process failure",1.0,1.0,0.9829
903,2017-09-11 00:00:00,2017-09-11 01:20:00,85.0,17,100.0,50.0,50.0,6,Cyclone_Inlet_Gas_Temp; Cyclone_Material_Temp; Cyclone_Outlet_Gas_draft; Cyclone_cone_draft; Cyclone_Gas_Outlet_Temp; Cyclone_Inlet_Draft,Cyclone_Inlet_Gas_Temp; Cyclone_Material_Temp,0,100.0,startup_context,False,True,"expected startup: the unit sits in the COLD operating regime for >= 30 min before the transition, then 3 temperature channels cross 500C TOGETHER in ONE 5-min sample with both rows valid and no data gap (e.g. Cyclone_Material_Temp 0 -> 943 C, 943C in 5 min - far beyond preheater thermal-mass limits), then >= 30 min in the HOT operating regime; recurring timing: 90 of 95 dataset-wide instantaneous cold->hot transitions (95%) occur at 00:00, modal 00:00 (95%) -> expected operating context: score reflects a stale local baseline across the daily startup state change, not a process failure",1.0,1.0,0.9829
904,2017-10-01 00:00:00,2017-10-01 01:20:00,85.0,17,100.0,50.0,50.0,6,Cyclone_Inlet_Gas_Temp; Cyclone_Material_Temp; Cyclone_Outlet_Gas_draft; Cyclone_cone_draft; Cyclone_Gas_Outlet_Temp; Cyclone_Inlet_Draft,Cyclone_Inlet_Gas_Temp; Cyclone_Material_Temp,0,100.0,startup_context,False,True,"expected startup: the unit sits in the COLD operating regime for >= 30 min before the transition, then 3 temperature channels cross 500C TOGETHER in ONE 5-min sample with both rows valid and no data gap (e.g. Cyclone_Material_Temp 0 -> 905 C, 905C in 5 min - far beyond preheater thermal-mass limits), then >= 30 min in the HOT operating regime; recurring timing: 90 of 95 dataset-wide instantaneous cold->hot transitions (95%) occur at 00:00, modal 00:00 (95%) -> expected operating context: score reflects a stale local baseline across the daily startup state change, not a process failure",1.0,1.0,0.9829
905,2017-10-10 00:00:00,2017-10-10 01:20:00,85.0,17,100.0,50.0,42.24,6,Cyclone_Inlet_Gas_Temp; Cyclone_Material_Temp; Cyclone_Outlet_Gas_draft; Cyclone_cone_draft; Cyclone_Gas_Outlet_Temp; Cyclone_Inlet_Draft,Cyclone_Gas_Outlet_Temp; Cyclone_Inlet_Gas_Temp,1,100.0,shutdown_transition,True,False,"expected shutdown: the unit sits in the HOT operating regime for >= 30 min before the transition, then 3 temperature channels drop across 500C TOGETHER in ONE 5-min sample with both rows valid and no data gap (e.g. Cyclone_Material_Temp 929 -> 0 C, 929C in 5 min), then >= 30 min in the COLD operating regime; recurring timing: 90 of 94 dataset-wide instantaneous hot->cold transitions (96%) occur at 00:00, modal 00:00 (96%) -> expected operating context: score reflects a stale local baseline across the daily shutdown boundary, not a process failure | inside COLD/SHUTDOWN regime",1.0,1.0,0.9829
906,2017-10-11 00:00:00,2017-10-11 01:20:00,85.0,17,100.0,50.0,50.0,6,Cyclone_Inlet_Gas_Temp; Cyclone_Material_Temp; Cyclone_Outlet_Gas_draft; Cyclone_cone_draft; Cyclone_Gas_Outlet_Temp; Cyclone_Inlet_Draft,Cyclone_Inlet_Gas_Temp; Cyclone_Material_Temp,0,100.0,startup_context,False,True,"expected startup: the unit sits in the COLD operating regime for >= 30 min before the transition, then 3 temperature channels cross 500C TOGETHER in ONE 5-min sample with both rows valid and no data gap (e.g. Cyclone_Material_Temp 0 -> 956 C, 956C in 5 min - far beyond preheater thermal-mass limits), then >= 30 min in the HOT operating regime; recurring timing: 90 of 95 dataset-wide instantaneous cold->hot transitions (95%) occur at 00:00, modal 00:00 (95%) -> expected operating context: score reflects a stale local baseline across the daily startup state change, not a process failure",1.0,1.0,0.9829
907,2017-10-13 00:00:00,2017-10-13 01:20:00,85.0,17,100.0,50.0,42.72,6,Cyclone_Inlet_Gas_Temp; Cyclone_Material_Temp; Cyclone_Outlet_Gas_draft; Cyclone_cone_draft; Cyclone_Gas_Outlet_Temp; Cyclone_Inlet_Draft,Cyclone_Gas_Outlet_Temp; Cyclone_Inlet_Gas_Temp,1,100.0,shutdown_transition,True,False,"expected shutdown: the unit sits in the HOT operating regime for >= 30 min before the transition, then 3 temperature channels drop across 500C TOGETHER in ONE 5-min sample with both rows valid and no data gap (e.g. Cyclone_Material_Temp 858 -> 0 C, 858C in 5 min), then >= 30 min in the COLD operating regime; recurring timing: 90 of 94 dataset-wide instantaneous hot->cold transitions (96%) occur at 00:00, modal 00:00 (96%) -> expected operating context: score reflects a stale local baseline across the daily shutdown boundary, not a process failure | inside COLD/SHUTDOWN regime",1.0,1.0,0.9829
908,2017-12-01 00:00:00,2017-12-01 01:20:00,85.0,17,100.0,50.0,50.0,6,Cyclone_Inlet_Gas_Temp; Cyclone_Material_Temp; Cyclone_Outlet_Gas_draft; Cyclone_cone_draft; Cyclone_Gas_Outlet_Temp; Cyclone_Inlet_Draft,Cyclone_Inlet_Gas_Temp; Cyclone_Material_Temp,0,100.0,startup_context,False,True,"expected startup: the unit sits in the COLD operating regime for >= 30 min before the transition, then 3 temperature channels cross 500C TOGETHER in ONE 5-min sample with both rows valid and no data gap (e.g. Cyclone_Material_Temp 32 -> 924 C, 893C in 5 min - far beyond preheater thermal-mass limits), then >= 30 min in the HOT operating regime; recurring timing: 90 of 95 dataset-wide instantaneous cold->hot transitions (95%) occur at 00:00, modal 00:00 (95%) -> expected operating context: score reflects a stale local baseline across the daily startup state change, not a process failure",1.0,1.0,0.9829
909,2018-01-11 00:00:00,2018-01-11 01:20:00,85.0,17,100.0,50.0,50.0,6,Cyclone_Inlet_Gas_Temp; Cyclone_Material_Temp; Cyclone_Outlet_Gas_draft; Cyclone_cone_draft; Cyclone_Gas_Outlet_Temp; Cyclone_Inlet_Draft,Cyclone_Inlet_Gas_Temp; Cyclone_Material_Temp,0,100.0,startup_context,False,True,"expected startup: the unit sits in the COLD operating regime for >= 30 min before the transition, then 3 temperature channels cross 500C TOGETHER in ONE 5-min sample with both rows valid and no data gap (e.g. Cyclone_Material_Temp 31 -> 972 C, 941C in 5 min - far beyond preheater thermal-mass limits), then >= 30 min in the HOT operating regime; recurring timing: 90 of 95 dataset-wide instantaneous cold->hot transitions (95%) occur at 00:00, modal 00:00 (95%) -> expected operating context: score reflects a stale local baseline across the daily startup state change, not a process failure",1.0,1.0,0.9829
910,2018-02-05 00:00:00,2018-02-05 01:20:00,85.0,17,100.0,50.0,50.0,6,Cyclone_Inlet_Gas_Temp; Cyclone_Material_Temp; Cyclone_Outlet_Gas_draft; Cyclone_cone_draft; Cyclone_Gas_Outlet_Temp; Cyclone_Inlet_Draft,Cyclone_Inlet_Gas_Temp; Cyclone_Material_Temp,0,100.0,startup_context,False,True,"expected startup: the unit sits in the COLD operating regime for >= 30 min before the transition, then 3 temperature channels cross 500C TOGETHER in ONE 5-min sample with both rows valid and no data gap (e.g. Cyclone_Material_Temp 50 -> 908 C, 858C in 5 min - far beyond preheater thermal-mass limits), then >= 30 min in the HOT operating regime; recurring timing: 90 of 95 dataset-wide instantaneous cold->hot transitions (95%) occur at 00:00, modal 00:00 (95%) -> expected operating context: score reflects a stale local baseline across the daily startup state change, not a process failure",1.0,1.0,0.9829
911,2018-03-11 00:00:00,2018-03-11 01:20:00,85.0,17,100.0,50.0,50.0,6,Cyclone_Inlet_Gas_Temp; Cyclone_Material_Temp; Cyclone_Outlet_Gas_draft; Cyclone_cone_draft; Cyclone_Gas_Outlet_Temp; Cyclone_Inlet_Draft,Cyclone_Inlet_Gas_Temp; Cyclone_Material_Temp,0,100.0,startup_context,False,True,"expected startup: the unit sits in the COLD operating regime for >= 30 min before the transition, then 3 temperature channels cross 500C TOGETHER in ONE 5-min sample with both rows valid and no data gap (e.g. Cyclone_Material_Temp 31 -> 952 C, 922C in 5 min - far beyond preheater thermal-mass limits), then >= 30 min in the HOT operating regime; recurring timing: 90 of 95 dataset-wide instantaneous cold->hot transitions (95%) occur at 00:00, modal 00:00 (95%) -> expected operating context: score reflects a stale local baseline across the daily startup state change, not a process failure",1.0,1.0,0.9829
912,2018-05-08 00:00:00,2018-05-08 01:20:00,85.0,17,100.0,50.0,50.0,6,Cyclone_Inlet_Gas_Temp; Cyclone_Material_Temp; Cyclone_Outlet_Gas_draft; Cyclone_cone_draft; Cyclone_Gas_Outlet_Temp; Cyclone_Inlet_Draft,Cyclone_Inlet_Gas_Temp; Cyclone_Material_Temp,0,100.0,startup_context,False,True,"expected startup: the unit sits in the COLD operating regime for >= 30 min before the transition, then 3 temperature channels cross 500C TOGETHER in ONE 5-min sample with both rows valid and no data gap (e.g. Cyclone_Material_Temp 47 -> 1007 C, 960C in 5 min - far beyond preheater thermal-mass limits), then >= 30 min in the HOT operating regime; recurring timing: 90 of 95 dataset-wide instantaneous cold->hot transitions (95%) occur at 00:00, modal 00:00 (95%) -> expected operating context: score reflects a stale local baseline across the daily startup state change, not a process failure",1.0,1.0,0.9829
913,2018-06-08 00:00:00,2018-06-08 01:20:00,85.0,17,100.0,50.0,50.0,6,Cyclone_Inlet_Gas_Temp; Cyclone_Material_Temp; Cyclone_Outlet_Gas_draft; Cyclone_cone_draft; Cyclone_Gas_Outlet_Temp; Cyclone_Inlet_Draft,Cyclone_Inlet_Gas_Temp; Cyclone_Material_Temp,0,100.0,startup_context,False,True,"expected startup: the unit sits in the COLD operating regime for >= 30 min before the transition, then 3 temperature channels cross 500C TOGETHER in ONE 5-min sample with both rows valid and no data gap (e.g. Cyclone_Material_Temp 47 -> 892 C, 845C in 5 min - far beyond preheater thermal-mass limits), then >= 30 min in the HOT operating regime; recurring timing: 90 of 95 dataset-wide instantaneous cold->hot transitions (95%) occur at 00:00, modal 00:00 (95%) -> expected operating context: score reflects a stale local baseline across the daily startup state change, not a process failure",1.0,1.0,0.9829
914,2018-06-11 00:00:00,2018-06-11 01:20:00,85.0,17,100.0,50.0,50.0,6,Cyclone_Inlet_Gas_Temp; Cyclone_Material_Temp; Cyclone_Outlet_Gas_draft; Cyclone_cone_draft; Cyclone_Gas_Outlet_Temp; Cyclone_Inlet_Draft,Cyclone_Inlet_Gas_Temp; Cyclone_Material_Temp,0,100.0,startup_context,False,True,"expected startup: the unit sits in the COLD operating regime for >= 30 min before the transition, then 3 temperature channels cross 500C TOGETHER in ONE 5-min sample with both rows valid and no data gap (e.g. Cyclone_Material_Temp 31 -> 932 C, 901C in 5 min - far beyond preheater thermal-mass limits), then >= 30 min in the HOT operating regime; recurring timing: 90 of 95 dataset-wide instantaneous cold->hot transitions (95%) occur at 00:00, modal 00:00 (95%) -> expected operating context: score reflects a stale local baseline across the daily startup state change, not a process failure",1.0,1.0,0.9829
915,2018-07-08 00:00:00,2018-07-08 01:20:00,85.0,17,100.0,50.0,50.0,6,Cyclone_Inlet_Gas_Temp; Cyclone_Material_Temp; Cyclone_Outlet_Gas_draft; Cyclone_cone_draft; Cyclone_Gas_Outlet_Temp; Cyclone_Inlet_Draft,Cyclone_Inlet_Gas_Temp; Cyclone_Material_Temp,0,100.0,startup_context,False,True,"expected startup: the unit sits in the COLD operating regime for >= 30 min before the transition, then 3 temperature channels cross 500C TOGETHER in ONE 5-min sample with both rows valid and no data gap (e.g. Cyclone_Material_Temp 47 -> 959 C, 912C in 5 min - far beyond preheater thermal-mass limits), then >= 30 min in the HOT operating regime; recurring timing: 90 of 95 dataset-wide instantaneous cold->hot transitions (95%) occur at 00:00, modal 00:00 (95%) -> expected operating context: score reflects a stale local baseline across the daily startup state change, not a process failure",1.0,1.0,0.9829
916,2018-08-10 00:00:00,2018-08-10 01:20:00,85.0,17,100.0,50.0,44.16,6,Cyclone_Inlet_Gas_Temp; Cyclone_Material_Temp; Cyclone_Outlet_Gas_draft; Cyclone_cone_draft; Cyclone_Gas_Outlet_Temp; Cyclone_Inlet_Draft,Cyclone_Gas_Outlet_Temp; Cyclone_Material_Temp,1,100.0,shutdown_transition,True,False,"expected shutdown: the unit sits in the HOT operating regime for >= 30 min before the transition, then 3 temperature channels drop across 500C TOGETHER in ONE 5-min sample with both rows valid and no data gap (e.g. Cyclone_Material_Temp 967 -> 31 C, 936C in 5 min), then >= 30 min in the COLD operating regime; recurring timing: 90 of 94 dataset-wide instantaneous hot->cold transitions (96%) occur at 00:00, modal 00:00 (96%) -> expected operating context: score reflects a stale local baseline across the daily shutdown boundary, not a process failure | inside COLD/SHUTDOWN regime",1.0,1.0,0.9829
917,2018-08-11 00:00:00,2018-08-11 01:20:00,85.0,17,100.0,50.0,50.0,6,Cyclone_Inlet_Gas_Temp; Cyclone_Material_Temp; Cyclone_Outlet_Gas_draft; Cyclone_cone_draft; Cyclone_Gas_Outlet_Temp; Cyclone_Inlet_Draft,Cyclone_Inlet_Gas_Temp; Cyclone_Material_Temp,0,100.0,startup_context,False,True,"expected startup: the unit sits in the COLD operating regime for >= 30 min before the transition, then 3 temperature channels cross 500C TOGETHER in ONE 5-min sample with both rows valid and no data gap (e.g. Cyclone_Material_Temp 31 -> 901 C, 870C in 5 min - far beyond preheater thermal-mass limits), then >= 30 min in the HOT operating regime; recurring timing: 90 of 95 dataset-wide instantaneous cold->hot transitions (95%) occur at 00:00, modal 00:00 (95%) -> expected operating context: score reflects a stale local baseline across the daily startup state change, not a process failure",1.0,1.0,0.9829
918,2018-09-01 00:00:00,2018-09-01 01:20:00,85.0,17,100.0,50.0,50.0,6,Cyclone_Inlet_Gas_Temp; Cyclone_Material_Temp; Cyclone_Outlet_Gas_draft; Cyclone_cone_draft; Cyclone_Gas_Outlet_Temp; Cyclone_Inlet_Draft,Cyclone_Inlet_Gas_Temp; Cyclone_Material_Temp,0,100.0,startup_context,False,True,"expected startup: the unit sits in the COLD operating regime for >= 30 min before the transition, then 3 temperature channels cross 500C TOGETHER in ONE 5-min sample with both rows valid and no data gap (e.g. Cyclone_Material_Temp 30 -> 859 C, 829C in 5 min - far beyond preheater thermal-mass limits), then >= 30 min in the HOT operating regime; recurring timing: 90 of 95 dataset-wide instantaneous cold->hot transitions (95%) occur at 00:00, modal 00:00 (95%) -> expected operating context: score reflects a stale local baseline across the daily startup state change, not a process failure",1.0,1.0,0.9829
919,2018-09-10 00:00:00,2018-09-10 01:20:00,85.0,17,100.0,50.0,48.73,6,Cyclone_Inlet_Gas_Temp; Cyclone_Material_Temp; Cyclone_Outlet_Gas_draft; Cyclone_cone_draft; Cyclone_Gas_Outlet_Temp; Cyclone_Inlet_Draft,Cyclone_Inlet_Gas_Temp; Cyclone_Gas_Outlet_Temp,1,100.0,shutdown_transition,True,False,"expected shutdown: the unit sits in the HOT operating regime for >= 30 min before the transition, then 3 temperature channels drop across 500C TOGETHER in ONE 5-min sample with both rows valid and no data gap (e.g. Cyclone_Material_Temp 904 -> 31 C, 873C in 5 min), then >= 30 min in the COLD operating regime; recurring timing: 90 of 94 dataset-wide instantaneous hot->cold transitions (96%) occur at 00:00, modal 00:00 (96%) -> expected operating context: score reflects a stale local baseline across the daily shutdown boundary, not a process failure | inside COLD/SHUTDOWN regime",1.0,1.0,0.9829
920,2018-09-11 00:00:00,2018-09-11 01:20:00,85.0,17,100.0,50.0,50.0,6,Cyclone_Inlet_Gas_Temp; Cyclone_Material_Temp; Cyclone_Outlet_Gas_draft; Cyclone_cone_draft; Cyclone_Gas_Outlet_Temp; Cyclone_Inlet_Draft,Cyclone_Inlet_Gas_Temp; Cyclone_Material_Temp,0,100.0,startup_context,False,True,"expected startup: the unit sits in the COLD operating regime for >= 30 min before the transition, then 3 temperature channels cross 500C TOGETHER in ONE 5-min sample with both rows valid and no data gap (e.g. Cyclone_Material_Temp 31 -> 913 C, 882C in 5 min - far beyond preheater thermal-mass limits), then >= 30 min in the HOT operating regime; recurring timing: 90 of 95 dataset-wide instantaneous cold->hot transitions (95%) occur at 00:00, modal 00:00 (95%) -> expected operating context: score reflects a stale local baseline across the daily startup state change, not a process failure",1.0,1.0,0.9829
921,2018-10-01 00:00:00,2018-10-01 01:20:00,85.0,17,100.0,50.0,50.0,6,Cyclone_Inlet_Gas_Temp; Cyclone_Material_Temp; Cyclone_Outlet_Gas_draft; Cyclone_cone_draft; Cyclone_Gas_Outlet_Temp; Cyclone_Inlet_Draft,Cyclone_Inlet_Gas_Temp; Cyclone_Material_Temp,0,100.0,startup_context,False,True,"expected startup: the unit sits in the COLD operating regime for >= 30 min before the transition, then 3 temperature channels cross 500C TOGETHER in ONE 5-min sample with both rows valid and no data gap (e.g. Cyclone_Material_Temp 31 -> 942 C, 911C in 5 min - far beyond preheater thermal-mass limits), then >= 30 min in the HOT operating regime; recurring timing: 90 of 95 dataset-wide instantaneous cold->hot transitions (95%) occur at 00:00, modal 00:00 (95%) -> expected operating context: score reflects a stale local baseline across the daily startup state change, not a process failure",1.0,1.0,0.9829
922,2018-10-11 00:00:00,2018-10-11 01:20:00,85.0,17,100.0,50.0,50.0,6,Cyclone_Inlet_Gas_Temp; Cyclone_Material_Temp; Cyclone_Outlet_Gas_draft; Cyclone_cone_draft; Cyclone_Gas_Outlet_Temp; Cyclone_Inlet_Draft,Cyclone_Inlet_Gas_Temp; Cyclone_Material_Temp,0,100.0,startup_context,False,True,"expected startup: the unit sits in the COLD operating regime for >= 30 min before the transition, then 3 temperature channels cross 500C TOGETHER in ONE 5-min sample with both rows valid and no data gap (e.g. Cyclone_Material_Temp 31 -> 963 C, 932C in 5 min - far beyond preheater thermal-mass limits), then >= 30 min in the HOT operating regime; recurring timing: 90 of 95 dataset-wide instantaneous cold->hot transitions (95%) occur at 00:00, modal 00:00 (95%) -> expected operating context: score reflects a stale local baseline across the daily startup state change, not a process failure",1.0,1.0,0.9829
923,2018-11-10 00:00:00,2018-11-10 01:20:00,85.0,17,100.0,50.0,43.72,6,Cyclone_Inlet_Gas_Temp; Cyclone_Material_Temp; Cyclone_Outlet_Gas_draft; Cyclone_cone_draft; Cyclone_Gas_Outlet_Temp; Cyclone_Inlet_Draft,Cyclone_Gas_Outlet_Temp; Cyclone_Material_Temp,1,100.0,shutdown_transition,True,False,"expected shutdown: the unit sits in the HOT operating regime for >= 30 min before the transition, then 3 temperature channels drop across 500C TOGETHER in ONE 5-min sample with both rows valid and no data gap (e.g. Cyclone_Material_Temp 908 -> 31 C, 877C in 5 min), then >= 30 min in the COLD operating regime; recurring timing: 90 of 94 dataset-wide instantaneous hot->cold transitions (96%) occur at 00:00, modal 00:00 (96%) -> expected operating context: score reflects a stale local baseline across the daily shutdown boundary, not a process failure | inside COLD/SHUTDOWN regime",1.0,1.0,0.9829
924,2018-11-11 00:00:00,2018-11-11 01:20:00,85.0,17,100.0,50.0,50.0,6,Cyclone_Inlet_Gas_Temp; Cyclone_Material_Temp; Cyclone_Outlet_Gas_draft; Cyclone_cone_draft; Cyclone_Gas_Outlet_Temp; Cyclone_Inlet_Draft,Cyclone_Inlet_Gas_Temp; Cyclone_Material_Temp,0,100.0,startup_context,False,True,"expected startup: the unit sits in the COLD operating regime for >= 30 min before the transition, then 3 temperature channels cross 500C TOGETHER in ONE 5-min sample with both rows valid and no data gap (e.g. Cyclone_Material_Temp 30 -> 874 C, 844C in 5 min - far beyond preheater thermal-mass limits), then >= 30 min in the HOT operating regime; recurring timing: 90 of 95 dataset-wide instantaneous cold->hot transitions (95%) occur at 00:00, modal 00:00 (95%) -> expected operating context: score reflects a stale local baseline across the daily startup state change, not a process failure",1.0,1.0,0.9829
925,2018-12-10 00:00:00,2018-12-10 01:20:00,85.0,17,100.0,50.0,50.0,6,Cyclone_Inlet_Gas_Temp; Cyclone_Material_Temp; Cyclone_Outlet_Gas_draft; Cyclone_cone_draft; Cyclone_Gas_Outlet_Temp; Cyclone_Inlet_Draft,Cyclone_Gas_Outlet_Temp; Cyclone_Material_Temp,1,100.0,shutdown_transition,True,False,"expected shutdown: the unit sits in the HOT operating regime for >= 30 min before the transition, then 3 temperature channels drop across 500C TOGETHER in ONE 5-min sample with both rows valid and no data gap (e.g. Cyclone_Material_Temp 982 -> 30 C, 952C in 5 min), then >= 30 min in the COLD operating regime; recurring timing: 90 of 94 dataset-wide instantaneous hot->cold transitions (96%) occur at 00:00, modal 00:00 (96%) -> expected operating context: score reflects a stale local baseline across the daily shutdown boundary, not a process failure | inside COLD/SHUTDOWN regime",1.0,1.0,0.9829
926,2018-12-11 00:00:00,2018-12-11 01:20:00,85.0,17,100.0,50.0,50.0,6,Cyclone_Inlet_Gas_Temp; Cyclone_Material_Temp; Cyclone_Outlet_Gas_draft; Cyclone_cone_draft; Cyclone_Gas_Outlet_Temp; Cyclone_Inlet_Draft,Cyclone_Inlet_Gas_Temp; Cyclone_Material_Temp,0,100.0,startup_context,False,True,"expected startup: the unit sits in the COLD operating regime for >= 30 min before the transition, then 3 temperature channels cross 500C TOGETHER in ONE 5-min sample with both rows valid and no data gap (e.g. Cyclone_Material_Temp 28 -> 935 C, 907C in 5 min - far beyond preheater thermal-mass limits), then >= 30 min in the HOT operating regime; recurring timing: 90 of 95 dataset-wide instantaneous cold->hot transitions (95%) occur at 00:00, modal 00:00 (95%) -> expected operating context: score reflects a stale local baseline across the daily startup state change, not a process failure",1.0,1.0,0.9829
927,2019-01-11 00:00:00,2019-01-11 01:20:00,85.0,17,100.0,50.0,50.0,6,Cyclone_Inlet_Gas_Temp; Cyclone_Material_Temp; Cyclone_Outlet_Gas_draft; Cyclone_cone_draft; Cyclone_Gas_Outlet_Temp; Cyclone_Inlet_Draft,Cyclone_Inlet_Gas_Temp; Cyclone_Material_Temp,0,100.0,startup_context,False,True,"expected startup: the unit sits in the COLD operating regime for >= 30 min before the transition, then 3 temperature channels cross 500C TOGETHER in ONE 5-min sample with both rows valid and no data gap (e.g. Cyclone_Material_Temp 0 -> 917 C, 917C in 5 min - far beyond preheater thermal-mass limits), then >= 30 min in the HOT operating regime; recurring timing: 90 of 95 dataset-wide instantaneous cold->hot transitions (95%) occur at 00:00, modal 00:00 (95%) -> expected operating context: score reflects a stale local baseline across the daily startup state change, not a process failure",1.0,1.0,0.9829
928,2019-01-13 00:00:00,2019-01-13 01:20:00,85.0,17,100.0,50.0,50.0,6,Cyclone_Inlet_Gas_Temp; Cyclone_Material_Temp; Cyclone_Outlet_Gas_draft; Cyclone_cone_draft; Cyclone_Gas_Outlet_Temp; Cyclone_Inlet_Draft,Cyclone_Inlet_Gas_Temp; Cyclone_Material_Temp,0,100.0,startup_context,False,True,"expected startup: the unit sits in the COLD operating regime for >= 30 min before the transition, then 3 temperature channels cross 500C TOGETHER in ONE 5-min sample with both rows valid and no data gap (e.g. Cyclone_Material_Temp 30 -> 902 C, 872C in 5 min - far beyond preheater thermal-mass limits), then >= 30 min in the HOT operating regime; recurring timing: 90 of 95 dataset-wide instantaneous cold->hot transitions (95%) occur at 00:00, modal 00:00 (95%) -> expected operating context: score reflects a stale local baseline across the daily startup state change, not a process failure",1.0,1.0,0.9829
929,2019-02-10 00:00:00,2019-02-10 01:20:00,85.0,17,100.0,50.0,48.59,6,Cyclone_Inlet_Gas_Temp; Cyclone_Material_Temp; Cyclone_Outlet_Gas_draft; Cyclone_cone_draft; Cyclone_Gas_Outlet_Temp; Cyclone_Inlet_Draft,Cyclone_Inlet_Gas_Temp; Cyclone_Gas_Outlet_Temp,1,100.0,shutdown_transition,True,False,"expected shutdown: the unit sits in the HOT operating regime for >= 30 min before the transition, then 3 temperature channels drop across 500C TOGETHER in ONE 5-min sample with both rows valid and no data gap (e.g. Cyclone_Material_Temp 958 -> 0 C, 958C in 5 min), then >= 30 min in the COLD operating regime; recurring timing: 90 of 94 dataset-wide instantaneous hot->cold transitions (96%) occur at 00:00, modal 00:00 (96%) -> expected operating context: score reflects a stale local baseline across the daily shutdown boundary, not a process failure | inside COLD/SHUTDOWN regime",1.0,1.0,0.9829
930,2019-02-11 00:00:00,2019-02-11 01:20:00,85.0,17,100.0,50.0,50.0,6,Cyclone_Inlet_Gas_Temp; Cyclone_Material_Temp; Cyclone_Outlet_Gas_draft; Cyclone_cone_draft; Cyclone_Gas_Outlet_Temp; Cyclone_Inlet_Draft,Cyclone_Inlet_Gas_Temp; Cyclone_Material_Temp,0,100.0,startup_context,False,True,"expected startup: the unit sits in the COLD operating regime for >= 30 min before the transition, then 3 temperature channels cross 500C TOGETHER in ONE 5-min sample with both rows valid and no data gap (e.g. Cyclone_Material_Temp 0 -> 897 C, 897C in 5 min - far beyond preheater thermal-mass limits), then >= 30 min in the HOT operating regime; recurring timing: 90 of 95 dataset-wide instantaneous cold->hot transitions (95%) occur at 00:00, modal 00:00 (95%) -> expected operating context: score reflects a stale local baseline across the daily startup state change, not a process failure",1.0,1.0,0.9829
931,2019-02-13 00:00:00,2019-02-13 01:20:00,85.0,17,100.0,50.0,50.0,6,Cyclone_Inlet_Gas_Temp; Cyclone_Material_Temp; Cyclone_Outlet_Gas_draft; Cyclone_cone_draft; Cyclone_Gas_Outlet_Temp; Cyclone_Inlet_Draft,Cyclone_Inlet_Gas_Temp; Cyclone_Material_Temp,0,100.0,startup_context,False,True,"expected startup: the unit sits in the COLD operating regime for >= 30 min before the transition, then 3 temperature channels cross 500C TOGETHER in ONE 5-min sample with both rows valid and no data gap (e.g. Cyclone_Material_Temp 25 -> 989 C, 963C in 5 min - far beyond preheater thermal-mass limits), then >= 30 min in the HOT operating regime; recurring timing: 90 of 95 dataset-wide instantaneous cold->hot transitions (95%) occur at 00:00, modal 00:00 (95%) -> expected operating context: score reflects a stale local baseline across the daily startup state change, not a process failure",1.0,1.0,0.9829
932,2019-03-09 00:00:00,2019-03-09 01:20:00,85.0,17,100.0,50.0,50.0,6,Cyclone_Inlet_Gas_Temp; Cyclone_Material_Temp; Cyclone_Outlet_Gas_draft; Cyclone_cone_draft; Cyclone_Gas_Outlet_Temp; Cyclone_Inlet_Draft,Cyclone_Inlet_Gas_Temp; Cyclone_Material_Temp,0,100.0,startup_context,False,True,"expected startup: the unit sits in the COLD operating regime for >= 30 min before the transition, then 3 temperature channels cross 500C TOGETHER in ONE 5-min sample with both rows valid and no data gap (e.g. Cyclone_Gas_Outlet_Temp 38 -> 935 C, 896C in 5 min - far beyond preheater thermal-mass limits), then >= 30 min in the HOT operating regime; recurring timing: 90 of 95 dataset-wide instantaneous cold->hot transitions (95%) occur at 00:00, modal 00:00 (95%) -> expected operating context: score reflects a stale local baseline across the daily startup state change, not a process failure",1.0,1.0,0.9829
933,2019-04-07 00:00:00,2019-04-07 01:20:00,85.0,17,100.0,50.0,50.0,6,Cyclone_Inlet_Gas_Temp; Cyclone_Material_Temp; Cyclone_Outlet_Gas_draft; Cyclone_cone_draft; Cyclone_Gas_Outlet_Temp; Cyclone_Inlet_Draft,Cyclone_Inlet_Gas_Temp; Cyclone_Material_Temp,0,100.0,startup_context,False,True,"expected startup: the unit sits in the COLD operating regime for >= 30 min before the transition, then 3 temperature channels cross 500C TOGETHER in ONE 5-min sample with both rows valid and no data gap (e.g. Cyclone_Material_Temp 38 -> 926 C, 887C in 5 min - far beyond preheater thermal-mass limits), then >= 30 min in the HOT operating regime; recurring timing: 90 of 95 dataset-wide instantaneous cold->hot transitions (95%) occur at 00:00, modal 00:00 (95%) -> expected operating context: score reflects a stale local baseline across the daily startup state change, not a process failure",1.0,1.0,0.9829
934,2019-04-09 00:00:00,2019-04-09 01:20:00,85.0,17,100.0,50.0,50.0,6,Cyclone_Inlet_Gas_Temp; Cyclone_Material_Temp; Cyclone_Outlet_Gas_draft; Cyclone_cone_draft; Cyclone_Gas_Outlet_Temp; Cyclone_Inlet_Draft,Cyclone_Inlet_Gas_Temp; Cyclone_Material_Temp,0,100.0,startup_context,False,True,"expected startup: the unit sits in the COLD operating regime for >= 30 min before the transition, then 3 temperature channels cross 500C TOGETHER in ONE 5-min sample with both rows valid and no data gap (e.g. Cyclone_Gas_Outlet_Temp 34 -> 1041 C, 1007C in 5 min - far beyond preheater thermal-mass limits), then >= 30 min in the HOT operating regime; recurring timing: 90 of 95 dataset-wide instantaneous cold->hot transitions (95%) occur at 00:00, modal 00:00 (95%) -> expected operating context: score reflects a stale local baseline across the daily startup state change, not a process failure",1.0,1.0,0.9829
935,2019-04-11 00:00:00,2019-04-11 01:20:00,85.0,17,100.0,50.0,50.0,6,Cyclone_Inlet_Gas_Temp; Cyclone_Material_Temp; Cyclone_Outlet_Gas_draft; Cyclone_cone_draft; Cyclone_Gas_Outlet_Temp; Cyclone_Inlet_Draft,Cyclone_Inlet_Gas_Temp; Cyclone_Material_Temp,0,100.0,startup_context,False,True,"expected startup: the unit sits in the COLD operating regime for >= 30 min before the transition, then 3 temperature channels cross 500C TOGETHER in ONE 5-min sample with both rows valid and no data gap (e.g. Cyclone_Material_Temp 0 -> 958 C, 958C in 5 min - far beyond preheater thermal-mass limits), then >= 30 min in the HOT operating regime; recurring timing: 90 of 95 dataset-wide instantaneous cold->hot transitions (95%) occur at 00:00, modal 00:00 (95%) -> expected operating context: score reflects a stale local baseline across the daily startup state change, not a process failure",1.0,1.0,0.9829
936,2019-04-13 00:00:00,2019-04-13 01:20:00,85.0,17,100.0,50.0,50.0,6,Cyclone_Inlet_Gas_Temp; Cyclone_Material_Temp; Cyclone_Outlet_Gas_draft; Cyclone_cone_draft; Cyclone_Gas_Outlet_Temp; Cyclone_Inlet_Draft,Cyclone_Inlet_Gas_Temp; Cyclone_Material_Temp,0,100.0,startup_context,False,True,"expected startup: the unit sits in the COLD operating regime for >= 30 min before the transition, then 3 temperature channels cross 500C TOGETHER in ONE 5-min sample with both rows valid and no data gap (e.g. Cyclone_Material_Temp 24 -> 889 C, 865C in 5 min - far beyond preheater thermal-mass limits), then >= 30 min in the HOT operating regime; recurring timing: 90 of 95 dataset-wide instantaneous cold->hot transitions (95%) occur at 00:00, modal 00:00 (95%) -> expected operating context: score reflects a stale local baseline across the daily startup state change, not a process failure",1.0,1.0,0.9829
937,2019-05-07 00:00:00,2019-05-07 01:20:00,85.0,17,100.0,50.0,50.0,6,Cyclone_Inlet_Gas_Temp; Cyclone_Material_Temp; Cyclone_Outlet_Gas_draft; Cyclone_cone_draft; Cyclone_Gas_Outlet_Temp; Cyclone_Inlet_Draft,Cyclone_Inlet_Gas_Temp; Cyclone_Material_Temp,0,100.0,startup_context,False,True,"expected startup: the unit sits in the COLD operating regime for >= 30 min before the transition, then 3 temperature channels cross 500C TOGETHER in ONE 5-min sample with both rows valid and no data gap (e.g. Cyclone_Material_Temp 37 -> 878 C, 841C in 5 min - far beyond preheater thermal-mass limits), then >= 30 min in the HOT operating regime; recurring timing: 90 of 95 dataset-wide instantaneous cold->hot transitions (95%) occur at 00:00, modal 00:00 (95%) -> expected operating context: score reflects a stale local baseline across the daily startup state change, not a process failure",1.0,1.0,0.9829
938,2019-05-08 00:00:00,2019-05-08 01:20:00,85.0,17,100.0,50.0,43.59,6,Cyclone_Inlet_Gas_Temp; Cyclone_Material_Temp; Cyclone_Outlet_Gas_draft; Cyclone_cone_draft; Cyclone_Gas_Outlet_Temp; Cyclone_Inlet_Draft,Cyclone_Outlet_Gas_draft; Cyclone_Gas_Outlet_Temp,1,100.0,shutdown_transition,True,False,"expected shutdown: the unit sits in the HOT operating regime for >= 30 min before the transition, then 3 temperature channels drop across 500C TOGETHER in ONE 5-min sample with both rows valid and no data gap (e.g. Cyclone_Gas_Outlet_Temp 904 -> 34 C, 870C in 5 min), then >= 30 min in the COLD operating regime; recurring timing: 90 of 94 dataset-wide instantaneous hot->cold transitions (96%) occur at 00:00, modal 00:00 (96%) -> expected operating context: score reflects a stale local baseline across the daily shutdown boundary, not a process failure | inside COLD/SHUTDOWN regime",1.0,1.0,0.9829
939,2019-05-09 00:00:00,2019-05-09 01:20:00,85.0,17,100.0,50.0,50.0,6,Cyclone_Inlet_Gas_Temp; Cyclone_Material_Temp; Cyclone_Outlet_Gas_draft; Cyclone_cone_draft; Cyclone_Gas_Outlet_Temp; Cyclone_Inlet_Draft,Cyclone_Inlet_Gas_Temp; Cyclone_Material_Temp,0,100.0,startup_context,False,True,"expected startup: the unit sits in the COLD operating regime for >= 30 min before the transition, then 3 temperature channels cross 500C TOGETHER in ONE 5-min sample with both rows valid and no data gap (e.g. Cyclone_Gas_Outlet_Temp 32 -> 915 C, 883C in 5 min - far beyond preheater thermal-mass limits), then >= 30 min in the HOT operating regime; recurring timing: 90 of 95 dataset-wide instantaneous cold->hot transitions (95%) occur at 00:00, modal 00:00 (95%) -> expected operating context: score reflects a stale local baseline across the daily startup state change, not a process failure",1.0,1.0,0.9829
940,2019-05-10 00:00:00,2019-05-10 01:20:00,85.0,17,100.0,50.0,50.0,6,Cyclone_Inlet_Gas_Temp; Cyclone_Material_Temp; Cyclone_Outlet_Gas_draft; Cyclone_cone_draft; Cyclone_Gas_Outlet_Temp; Cyclone_Inlet_Draft,Cyclone_Inlet_Gas_Temp; Cyclone_Material_Temp,1,100.0,shutdown_transition,True,False,"expected shutdown: the unit sits in the HOT operating regime for >= 30 min before the transition, then 3 temperature channels drop across 500C TOGETHER in ONE 5-min sample with both rows valid and no data gap (e.g. Cyclone_Material_Temp 954 -> 0 C, 954C in 5 min), then >= 30 min in the COLD operating regime; recurring timing: 90 of 94 dataset-wide instantaneous hot->cold transitions (96%) occur at 00:00, modal 00:00 (96%) -> expected operating context: score reflects a stale local baseline across the daily shutdown boundary, not a process failure | inside COLD/SHUTDOWN regime",1.0,1.0,0.9829
941,2019-05-11 00:00:00,2019-05-11 01:20:00,85.0,17,100.0,50.0,50.0,6,Cyclone_Inlet_Gas_Temp; Cyclone_Material_Temp; Cyclone_Outlet_Gas_draft; Cyclone_cone_draft; Cyclone_Gas_Outlet_Temp; Cyclone_Inlet_Draft,Cyclone_Inlet_Gas_Temp; Cyclone_Material_Temp,0,100.0,startup_context,False,True,"expected startup: the unit sits in the COLD operating regime for >= 30 min before the transition, then 3 temperature channels cross 500C TOGETHER in ONE 5-min sample with both rows valid and no data gap (e.g. Cyclone_Material_Temp 0 -> 943 C, 943C in 5 min - far beyond preheater thermal-mass limits), then >= 30 min in the HOT operating regime; recurring timing: 90 of 95 dataset-wide instantaneous cold->hot transitions (95%) occur at 00:00, modal 00:00 (95%) -> expected operating context: score reflects a stale local baseline across the daily startup state change, not a process failure",1.0,1.0,0.9829
942,2019-06-07 00:00:00,2019-06-07 01:20:00,85.0,17,100.0,50.0,50.0,6,Cyclone_Inlet_Gas_Temp; Cyclone_Material_Temp; Cyclone_Outlet_Gas_draft; Cyclone_cone_draft; Cyclone_Gas_Outlet_Temp; Cyclone_Inlet_Draft,Cyclone_Inlet_Gas_Temp; Cyclone_Material_Temp,0,100.0,startup_context,False,True,"expected startup: the unit sits in the COLD operating regime for >= 30 min before the transition, then 3 temperature channels cross 500C TOGETHER in ONE 5-min sample with both rows valid and no data gap (e.g. Cyclone_Material_Temp 42 -> 921 C, 880C in 5 min - far beyond preheater thermal-mass limits), then >= 30 min in the HOT operating regime; recurring timing: 90 of 95 dataset-wide instantaneous cold->hot transitions (95%) occur at 00:00, modal 00:00 (95%) -> expected operating context: score reflects a stale local baseline across the daily startup state change, not a process failure",1.0,1.0,0.9829
943,2019-06-09 00:00:00,2019-06-09 01:20:00,85.0,17,100.0,50.0,50.0,6,Cyclone_Inlet_Gas_Temp; Cyclone_Material_Temp; Cyclone_Outlet_Gas_draft; Cyclone_cone_draft; Cyclone_Gas_Outlet_Temp; Cyclone_Inlet_Draft,Cyclone_Inlet_Gas_Temp; Cyclone_Material_Temp,0,100.0,startup_context,False,True,"expected startup: the unit sits in the COLD operating regime for >= 30 min before the transition, then 3 temperature channels cross 500C TOGETHER in ONE 5-min sample with both rows valid and no data gap (e.g. Cyclone_Gas_Outlet_Temp 32 -> 914 C, 882C in 5 min - far beyond preheater thermal-mass limits), then >= 30 min in the HOT operating regime; recurring timing: 90 of 95 dataset-wide instantaneous cold->hot transitions (95%) occur at 00:00, modal 00:00 (95%) -> expected operating context: score reflects a stale local baseline across the daily startup state change, not a process failure",1.0,1.0,0.9829
944,2019-06-10 00:00:00,2019-06-10 01:20:00,85.0,17,100.0,50.0,48.71,6,Cyclone_Inlet_Gas_Temp; Cyclone_Material_Temp; Cyclone_Outlet_Gas_draft; Cyclone_cone_draft; Cyclone_Gas_Outlet_Temp; Cyclone_Inlet_Draft,Cyclone_Inlet_Gas_Temp; Cyclone_Gas_Outlet_Temp,1,100.0,shutdown_transition,True,False,"expected shutdown: the unit sits in the HOT operating regime for >= 30 min before the transition, then 3 temperature channels drop across 500C TOGETHER in ONE 5-min sample with both rows valid and no data gap (e.g. Cyclone_Material_Temp 913 -> 0 C, 913C in 5 min), then >= 30 min in the COLD operating regime; recurring timing: 90 of 94 dataset-wide instantaneous hot->cold transitions (96%) occur at 00:00, modal 00:00 (96%) -> expected operating context: score reflects a stale local baseline across the daily shutdown boundary, not a process failure | inside COLD/SHUTDOWN regime",1.0,1.0,0.9829
945,2019-06-11 00:00:00,2019-06-11 01:20:00,85.0,17,100.0,50.0,50.0,6,Cyclone_Inlet_Gas_Temp; Cyclone_Material_Temp; Cyclone_Outlet_Gas_draft; Cyclone_cone_draft; Cyclone_Gas_Outlet_Temp; Cyclone_Inlet_Draft,Cyclone_Inlet_Gas_Temp; Cyclone_Material_Temp,0,100.0,startup_context,False,True,"expected startup: the unit sits in the COLD operating regime for >= 30 min before the transition, then 3 temperature channels cross 500C TOGETHER in ONE 5-min sample with both rows valid and no data gap (e.g. Cyclone_Material_Temp 0 -> 847 C, 847C in 5 min - far beyond preheater thermal-mass limits), then >= 30 min in the HOT operating regime; recurring timing: 90 of 95 dataset-wide instantaneous cold->hot transitions (95%) occur at 00:00, modal 00:00 (95%) -> expected operating context: score reflects a stale local baseline across the daily startup state change, not a process failure",1.0,1.0,0.9829
946,2019-07-07 00:00:00,2019-07-07 01:20:00,85.0,17,100.0,50.0,50.0,6,Cyclone_Inlet_Gas_Temp; Cyclone_Material_Temp; Cyclone_Outlet_Gas_draft; Cyclone_cone_draft; Cyclone_Gas_Outlet_Temp; Cyclone_Inlet_Draft,Cyclone_Inlet_Gas_Temp; Cyclone_Material_Temp,0,100.0,startup_context,False,True,"expected startup: the unit sits in the COLD operating regime for >= 30 min before the transition, then 3 temperature channels cross 500C TOGETHER in ONE 5-min sample with both rows valid and no data gap (e.g. Cyclone_Material_Temp 41 -> 902 C, 862C in 5 min - far beyond preheater thermal-mass limits), then >= 30 min in the HOT operating regime; recurring timing: 90 of 95 dataset-wide instantaneous cold->hot transitions (95%) occur at 00:00, modal 00:00 (95%) -> expected operating context: score reflects a stale local baseline across the daily startup state change, not a process failure",1.0,1.0,0.9829
947,2019-07-09 00:00:00,2019-07-09 01:20:00,85.0,17,100.0,50.0,50.0,6,Cyclone_Inlet_Gas_Temp; Cyclone_Material_Temp; Cyclone_Outlet_Gas_draft; Cyclone_cone_draft; Cyclone_Gas_Outlet_Temp; Cyclone_Inlet_Draft,Cyclone_Inlet_Gas_Temp; Cyclone_Material_Temp,0,100.0,startup_context,False,True,"expected startup: the unit sits in the COLD operating regime for >= 30 min before the transition, then 3 temperature channels cross 500C TOGETHER in ONE 5-min sample with both rows valid and no data gap (e.g. Cyclone_Gas_Outlet_Temp 30 -> 918 C, 888C in 5 min - far beyond preheater thermal-mass limits), then >= 30 min in the HOT operating regime; recurring timing: 90 of 95 dataset-wide instantaneous cold->hot transitions (95%) occur at 00:00, modal 00:00 (95%) -> expected operating context: score reflects a stale local baseline across the daily startup state change, not a process failure",1.0,1.0,0.9829
948,2019-07-11 00:00:00,2019-07-11 01:20:00,85.0,17,100.0,50.0,50.0,6,Cyclone_Inlet_Gas_Temp; Cyclone_Material_Temp; Cyclone_Outlet_Gas_draft; Cyclone_cone_draft; Cyclone_Gas_Outlet_Temp; Cyclone_Inlet_Draft,Cyclone_Inlet_Gas_Temp; Cyclone_Material_Temp,0,100.0,startup_context,False,True,"expected startup: the unit sits in the COLD operating regime for >= 30 min before the transition, then 3 temperature channels cross 500C TOGETHER in ONE 5-min sample with both rows valid and no data gap (e.g. Cyclone_Material_Temp 0 -> 937 C, 937C in 5 min - far beyond preheater thermal-mass limits), then >= 30 min in the HOT operating regime; recurring timing: 90 of 95 dataset-wide instantaneous cold->hot transitions (95%) occur at 00:00, modal 00:00 (95%) -> expected operating context: score reflects a stale local baseline across the daily startup state change, not a process failure",1.0,1.0,0.9829
949,2019-07-13 00:00:00,2019-07-13 01:20:00,85.0,17,100.0,50.0,50.0,6,Cyclone_Inlet_Gas_Temp; Cyclone_Material_Temp; Cyclone_Outlet_Gas_draft; Cyclone_cone_draft; Cyclone_Gas_Outlet_Temp; Cyclone_Inlet_Draft,Cyclone_Inlet_Gas_Temp; Cyclone_Material_Temp,0,100.0,startup_context,False,True,"expected startup: the unit sits in the COLD operating regime for >= 30 min before the transition, then 3 temperature channels cross 500C TOGETHER in ONE 5-min sample with both rows valid and no data gap (e.g. Cyclone_Material_Temp 20 -> 963 C, 943C in 5 min - far beyond preheater thermal-mass limits), then >= 30 min in the HOT operating regime; recurring timing: 90 of 95 dataset-wide instantaneous cold->hot transitions (95%) occur at 00:00, modal 00:00 (95%) -> expected operating context: score reflects a stale local baseline across the daily startup state change, not a process failure",1.0,1.0,0.9829
950,2019-08-07 00:00:00,2019-08-07 01:20:00,85.0,17,100.0,50.0,50.0,6,Cyclone_Inlet_Gas_Temp; Cyclone_Material_Temp; Cyclone_Outlet_Gas_draft; Cyclone_cone_draft; Cyclone_Gas_Outlet_Temp; Cyclone_Inlet_Draft,Cyclone_Inlet_Gas_Temp; Cyclone_Material_Temp,0,100.0,startup_context,False,True,"expected startup: the unit sits in the COLD operating regime for >= 30 min before the transition, then 3 temperature channels cross 500C TOGETHER in ONE 5-min sample with both rows valid and no data gap (e.g. Cyclone_Material_Temp 42 -> 958 C, 916C in 5 min - far beyond preheater thermal-mass limits), then >= 30 min in the HOT operating regime; recurring timing: 90 of 95 dataset-wide instantaneous cold->hot transitions (95%) occur at 00:00, modal 00:00 (95%) -> expected operating context: score reflects a stale local baseline across the daily startup state change, not a process failure",1.0,1.0,0.9829
951,2019-08-09 00:00:00,2019-08-09 01:20:00,85.0,17,100.0,50.0,50.0,6,Cyclone_Inlet_Gas_Temp; Cyclone_Material_Temp; Cyclone_Outlet_Gas_draft; Cyclone_cone_draft; Cyclone_Gas_Outlet_Temp; Cyclone_Inlet_Draft,Cyclone_Inlet_Gas_Temp; Cyclone_Material_Temp,0,100.0,startup_context,False,True,"expected startup: the unit sits in the COLD operating regime for >= 30 min before the transition, then 3 temperature channels cross 500C TOGETHER in ONE 5-min sample with both rows valid and no data gap (e.g. Cyclone_Material_Temp 60 -> 953 C, 893C in 5 min - far beyond preheater thermal-mass limits), then >= 30 min in the HOT operating regime; recurring timing: 90 of 95 dataset-wide instantaneous cold->hot transitions (95%) occur at 00:00, modal 00:00 (95%) -> expected operating context: score reflects a stale local baseline across the daily startup state change, not a process failure",1.0,1.0,0.9829
952,2019-08-10 00:00:00,2019-08-10 01:20:00,85.0,17,100.0,50.0,43.9,6,Cyclone_Inlet_Gas_Temp; Cyclone_Material_Temp; Cyclone_Outlet_Gas_draft; Cyclone_cone_draft; Cyclone_Gas_Outlet_Temp; Cyclone_Inlet_Draft,Cyclone_Gas_Outlet_Temp; Cyclone_Inlet_Gas_Temp,1,100.0,shutdown_transition,True,False,"expected shutdown: the unit sits in the HOT operating regime for >= 30 min before the transition, then 3 temperature channels drop across 500C TOGETHER in ONE 5-min sample with both rows valid and no data gap (e.g. Cyclone_Material_Temp 946 -> 0 C, 946C in 5 min), then >= 30 min in the COLD operating regime; recurring timing: 90 of 94 dataset-wide instantaneous hot->cold transitions (96%) occur at 00:00, modal 00:00 (96%) -> expected operating context: score reflects a stale local baseline across the daily shutdown boundary, not a process failure | inside COLD/SHUTDOWN regime",1.0,1.0,0.9829
953,2019-08-11 00:00:00,2019-08-11 01:20:00,85.0,17,100.0,50.0,50.0,6,Cyclone_Inlet_Gas_Temp; Cyclone_Material_Temp; Cyclone_Outlet_Gas_draft; Cyclone_cone_draft; Cyclone_Gas_Outlet_Temp; Cyclone_Inlet_Draft,Cyclone_Inlet_Gas_Temp; Cyclone_Material_Temp,0,100.0,startup_context,False,True,"expected startup: the unit sits in the COLD operating regime for >= 30 min before the transition, then 3 temperature channels cross 500C TOGETHER in ONE 5-min sample with both rows valid and no data gap (e.g. Cyclone_Material_Temp 0 -> 979 C, 979C in 5 min - far beyond preheater thermal-mass limits), then >= 30 min in the HOT operating regime; recurring timing: 90 of 95 dataset-wide instantaneous cold->hot transitions (95%) occur at 00:00, modal 00:00 (95%) -> expected operating context: score reflects a stale local baseline across the daily startup state change, not a process failure",1.0,1.0,0.9829
954,2019-09-07 00:00:00,2019-09-07 01:20:00,85.0,17,100.0,50.0,50.0,6,Cyclone_Inlet_Gas_Temp; Cyclone_Material_Temp; Cyclone_Outlet_Gas_draft; Cyclone_cone_draft; Cyclone_Gas_Outlet_Temp; Cyclone_Inlet_Draft,Cyclone_Inlet_Gas_Temp; Cyclone_Material_Temp,0,100.0,startup_context,False,True,"expected startup: the unit sits in the COLD operating regime for >= 30 min before the transition, then 3 temperature channels cross 500C TOGETHER in ONE 5-min sample with both rows valid and no data gap (e.g. Cyclone_Material_Temp 42 -> 913 C, 872C in 5 min - far beyond preheater thermal-mass limits), then >= 30 min in the HOT operating regime; recurring timing: 90 of 95 dataset-wide instantaneous cold->hot transitions (95%) occur at 00:00, modal 00:00 (95%) -> expected operating context: score reflects a stale local baseline across the daily startup state change, not a process failure",1.0,1.0,0.9829
955,2019-09-08 00:00:00,2019-09-08 01:20:00,85.0,17,100.0,50.0,48.57,6,Cyclone_Inlet_Gas_Temp; Cyclone_Material_Temp; Cyclone_Outlet_Gas_draft; Cyclone_cone_draft; Cyclone_Gas_Outlet_Temp; Cyclone_Inlet_Draft,Cyclone_Inlet_Gas_Temp; Cyclone_Material_Temp,1,100.0,shutdown_transition,True,False,"expected shutdown: the unit sits in the HOT operating regime for >= 30 min before the transition, then 3 temperature channels drop across 500C TOGETHER in ONE 5-min sample with both rows valid and no data gap (e.g. Cyclone_Gas_Outlet_Temp 906 -> 30 C, 876C in 5 min), then >= 30 min in the COLD operating regime; recurring timing: 90 of 94 dataset-wide instantaneous hot->cold transitions (96%) occur at 00:00, modal 00:00 (96%) -> expected operating context: score reflects a stale local baseline across the daily shutdown boundary, not a process failure | inside COLD/SHUTDOWN regime",1.0,1.0,0.9829
956,2019-09-09 00:00:00,2019-09-09 01:20:00,85.0,17,100.0,50.0,50.0,6,Cyclone_Inlet_Gas_Temp; Cyclone_Material_Temp; Cyclone_Outlet_Gas_draft; Cyclone_cone_draft; Cyclone_Gas_Outlet_Temp; Cyclone_Inlet_Draft,Cyclone_Inlet_Gas_Temp; Cyclone_Material_Temp,0,100.0,startup_context,False,True,"expected startup: the unit sits in the COLD operating regime for >= 30 min before the transition, then 3 temperature channels cross 500C TOGETHER in ONE 5-min sample with both rows valid and no data gap (e.g. Cyclone_Gas_Outlet_Temp 30 -> 918 C, 888C in 5 min - far beyond preheater thermal-mass limits), then >= 30 min in the HOT operating regime; recurring timing: 90 of 95 dataset-wide instantaneous cold->hot transitions (95%) occur at 00:00, modal 00:00 (95%) -> expected operating context: score reflects a stale local baseline across the daily startup state change, not a process failure",1.0,1.0,0.9829
957,2019-09-10 00:00:00,2019-09-10 01:20:00,85.0,17,100.0,50.0,43.4,6,Cyclone_Inlet_Gas_Temp; Cyclone_Material_Temp; Cyclone_Outlet_Gas_draft; Cyclone_cone_draft; Cyclone_Gas_Outlet_Temp; Cyclone_Inlet_Draft,Cyclone_Gas_Outlet_Temp; Cyclone_Material_Temp,1,100.0,shutdown_transition,True,False,"expected shutdown: the unit sits in the HOT operating regime for >= 30 min before the transition, then 3 temperature channels drop across 500C TOGETHER in ONE 5-min sample with both rows valid and no data gap (e.g. Cyclone_Material_Temp 926 -> 0 C, 926C in 5 min), then >= 30 min in the COLD operating regime; recurring timing: 90 of 94 dataset-wide instantaneous hot->cold transitions (96%) occur at 00:00, modal 00:00 (96%) -> expected operating context: score reflects a stale local baseline across the daily shutdown boundary, not a process failure | inside COLD/SHUTDOWN regime",1.0,1.0,0.9829
958,2019-09-11 00:00:00,2019-09-11 01:20:00,85.0,17,100.0,50.0,50.0,6,Cyclone_Inlet_Gas_Temp; Cyclone_Material_Temp; Cyclone_Outlet_Gas_draft; Cyclone_cone_draft; Cyclone_Gas_Outlet_Temp; Cyclone_Inlet_Draft,Cyclone_Inlet_Gas_Temp; Cyclone_Material_Temp,0,100.0,startup_context,False,True,"expected startup: the unit sits in the COLD operating regime for >= 30 min before the transition, then 3 temperature channels cross 500C TOGETHER in ONE 5-min sample with both rows valid and no data gap (e.g. Cyclone_Material_Temp 0 -> 926 C, 926C in 5 min - far beyond preheater thermal-mass limits), then >= 30 min in the HOT operating regime; recurring timing: 90 of 95 dataset-wide instantaneous cold->hot transitions (95%) occur at 00:00, modal 00:00 (95%) -> expected operating context: score reflects a stale local baseline across the daily startup state change, not a process failure",1.0,1.0,0.9829
959,2019-09-13 00:00:00,2019-09-13 01:20:00,85.0,17,100.0,50.0,50.0,6,Cyclone_Inlet_Gas_Temp; Cyclone_Material_Temp; Cyclone_Outlet_Gas_draft; Cyclone_cone_draft; Cyclone_Gas_Outlet_Temp; Cyclone_Inlet_Draft,Cyclone_Inlet_Gas_Temp; Cyclone_Material_Temp,0,100.0,startup_context,False,True,"expected startup: the unit sits in the COLD operating regime for >= 30 min before the transition, then 3 temperature channels cross 500C TOGETHER in ONE 5-min sample with both rows valid and no data gap (e.g. Cyclone_Material_Temp 21 -> 909 C, 889C in 5 min - far beyond preheater thermal-mass limits), then >= 30 min in the HOT operating regime; recurring timing: 90 of 95 dataset-wide instantaneous cold->hot transitions (95%) occur at 00:00, modal 00:00 (95%) -> expected operating context: score reflects a stale local baseline across the daily startup state change, not a process failure",1.0,1.0,0.9829
960,2019-10-01 00:00:00,2019-10-01 01:20:00,85.0,17,100.0,50.0,50.0,6,Cyclone_Inlet_Gas_Temp; Cyclone_Material_Temp; Cyclone_Outlet_Gas_draft; Cyclone_cone_draft; Cyclone_Gas_Outlet_Temp; Cyclone_Inlet_Draft,Cyclone_Inlet_Gas_Temp; Cyclone_Material_Temp,0,100.0,startup_context,False,True,"expected startup: the unit sits in the COLD operating regime for >= 30 min before the transition, then 3 temperature channels cross 500C TOGETHER in ONE 5-min sample with both rows valid and no data gap (e.g. Cyclone_Material_Temp 0 -> 956 C, 956C in 5 min - far beyond preheater thermal-mass limits), then >= 30 min in the HOT operating regime; recurring timing: 90 of 95 dataset-wide instantaneous cold->hot transitions (95%) occur at 00:00, modal 00:00 (95%) -> expected operating context: score reflects a stale local baseline across the daily startup state change, not a process failure",1.0,1.0,0.9829
961,2019-10-04 00:00:00,2019-10-04 01:20:00,85.0,17,100.0,50.0,50.0,6,Cyclone_Inlet_Gas_Temp; Cyclone_Material_Temp; Cyclone_Outlet_Gas_draft; Cyclone_cone_draft; Cyclone_Gas_Outlet_Temp; Cyclone_Inlet_Draft,Cyclone_Inlet_Gas_Temp; Cyclone_Material_Temp,0,100.0,startup_context,False,True,"expected startup: the unit sits in the COLD operating regime for >= 30 min before the transition, then 3 temperature channels cross 500C TOGETHER in ONE 5-min sample with both rows valid and no data gap (e.g. Cyclone_Gas_Outlet_Temp 29 -> 875 C, 846C in 5 min - far beyond preheater thermal-mass limits), then >= 30 min in the HOT operating regime; recurring timing: 90 of 95 dataset-wide instantaneous cold->hot transitions (95%) occur at 00:00, modal 00:00 (95%) -> expected operating context: score reflects a stale local baseline across the daily startup state change, not a process failure",1.0,1.0,0.9829
962,2019-10-09 00:00:00,2019-10-09 01:20:00,85.0,17,100.0,50.0,50.0,6,Cyclone_Inlet_Gas_Temp; Cyclone_Material_Temp; Cyclone_Outlet_Gas_draft; Cyclone_cone_draft; Cyclone_Gas_Outlet_Temp; Cyclone_Inlet_Draft,Cyclone_Inlet_Gas_Temp; Cyclone_Material_Temp,0,100.0,startup_context,False,True,"expected startup: the unit sits in the COLD operating regime for >= 30 min before the transition, then 3 temperature channels cross 500C TOGETHER in ONE 5-min sample with both rows valid and no data gap (e.g. Cyclone_Gas_Outlet_Temp 29 -> 924 C, 894C in 5 min - far beyond preheater thermal-mass limits), then >= 30 min in the HOT operating regime; recurring timing: 90 of 95 dataset-wide instantaneous cold->hot transitions (95%) occur at 00:00, modal 00:00 (95%) -> expected operating context: score reflects a stale local baseline across the daily startup state change, not a process failure",1.0,1.0,0.9829
963,2019-10-10 00:00:00,2019-10-10 01:20:00,85.0,17,100.0,50.0,48.36,6,Cyclone_Inlet_Gas_Temp; Cyclone_Material_Temp; Cyclone_Outlet_Gas_draft; Cyclone_cone_draft; Cyclone_Gas_Outlet_Temp; Cyclone_Inlet_Draft,Cyclone_Inlet_Gas_Temp; Cyclone_Gas_Outlet_Temp,1,100.0,shutdown_transition,True,False,"expected shutdown: the unit sits in the HOT operating regime for >= 30 min before the transition, then 3 temperature channels drop across 500C TOGETHER in ONE 5-min sample with both rows valid and no data gap (e.g. Cyclone_Material_Temp 958 -> 0 C, 958C in 5 min), then >= 30 min in the COLD operating regime; recurring timing: 90 of 94 dataset-wide instantaneous hot->cold transitions (96%) occur at 00:00, modal 00:00 (96%) -> expected operating context: score reflects a stale local baseline across the daily shutdown boundary, not a process failure | inside COLD/SHUTDOWN regime",1.0,1.0,0.9829
964,2019-10-11 00:00:00,2019-10-11 01:20:00,85.0,17,100.0,50.0,50.0,6,Cyclone_Inlet_Gas_Temp; Cyclone_Material_Temp; Cyclone_Outlet_Gas_draft; Cyclone_cone_draft; Cyclone_Gas_Outlet_Temp; Cyclone_Inlet_Draft,Cyclone_Inlet_Gas_Temp; Cyclone_Material_Temp,0,100.0,startup_context,False,True,"expected startup: the unit sits in the COLD operating regime for >= 30 min before the transition, then 3 temperature channels cross 500C TOGETHER in ONE 5-min sample with both rows valid and no data gap (e.g. Cyclone_Material_Temp 0 -> 972 C, 972C in 5 min - far beyond preheater thermal-mass limits), then >= 30 min in the HOT operating regime; recurring timing: 90 of 95 dataset-wide instantaneous cold->hot transitions (95%) occur at 00:00, modal 00:00 (95%) -> expected operating context: score reflects a stale local baseline across the daily startup state change, not a process failure",1.0,1.0,0.9829
965,2019-11-04 00:00:00,2019-11-04 01:20:00,85.0,17,100.0,50.0,50.0,6,Cyclone_Inlet_Gas_Temp; Cyclone_Material_Temp; Cyclone_Outlet_Gas_draft; Cyclone_cone_draft; Cyclone_Gas_Outlet_Temp; Cyclone_Inlet_Draft,Cyclone_Inlet_Gas_Temp; Cyclone_Material_Temp,0,100.0,startup_context,False,True,"expected startup: the unit sits in the COLD operating regime for >= 30 min before the transition, then 3 temperature channels cross 500C TOGETHER in ONE 5-min sample with both rows valid and no data gap (e.g. Cyclone_Material_Temp 26 -> 989 C, 963C in 5 min - far beyond preheater thermal-mass limits), then >= 30 min in the HOT operating regime; recurring timing: 90 of 95 dataset-wide instantaneous cold->hot transitions (95%) occur at 00:00, modal 00:00 (95%) -> expected operating context: score reflects a stale local baseline across the daily startup state change, not a process failure",1.0,1.0,0.9829
966,2019-11-07 00:00:00,2019-11-07 01:20:00,85.0,17,100.0,50.0,50.0,6,Cyclone_Inlet_Gas_Temp; Cyclone_Material_Temp; Cyclone_Outlet_Gas_draft; Cyclone_cone_draft; Cyclone_Gas_Outlet_Temp; Cyclone_Inlet_Draft,Cyclone_Inlet_Gas_Temp; Cyclone_Material_Temp,0,100.0,startup_context,False,True,"expected startup: the unit sits in the COLD operating regime for >= 30 min before the transition, then 3 temperature channels cross 500C TOGETHER in ONE 5-min sample with both rows valid and no data gap (e.g. Cyclone_Material_Temp 42 -> 913 C, 871C in 5 min - far beyond preheater thermal-mass limits), then >= 30 min in the HOT operating regime; recurring timing: 90 of 95 dataset-wide instantaneous cold->hot transitions (95%) occur at 00:00, modal 00:00 (95%) -> expected operating context: score reflects a stale local baseline across the daily startup state change, not a process failure",1.0,1.0,0.9829
967,2019-11-08 00:00:00,2019-11-08 01:20:00,85.0,17,100.0,50.0,43.11,6,Cyclone_Inlet_Gas_Temp; Cyclone_Material_Temp; Cyclone_Outlet_Gas_draft; Cyclone_cone_draft; Cyclone_Gas_Outlet_Temp; Cyclone_Inlet_Draft,Cyclone_Gas_Outlet_Temp; Cyclone_Inlet_Gas_Temp,1,100.0,shutdown_transition,True,False,"expected shutdown: the unit sits in the HOT operating regime for >= 30 min before the transition, then 3 temperature channels drop across 500C TOGETHER in ONE 5-min sample with both rows valid and no data gap (e.g. Cyclone_Gas_Outlet_Temp 937 -> 29 C, 907C in 5 min), then >= 30 min in the COLD operating regime; recurring timing: 90 of 94 dataset-wide instantaneous hot->cold transitions (96%) occur at 00:00, modal 00:00 (96%) -> expected operating context: score reflects a stale local baseline across the daily shutdown boundary, not a process failure | inside COLD/SHUTDOWN regime",1.0,1.0,0.9829
968,2019-11-09 00:00:00,2019-11-09 01:20:00,85.0,17,100.0,50.0,50.0,6,Cyclone_Inlet_Gas_Temp; Cyclone_Material_Temp; Cyclone_Outlet_Gas_draft; Cyclone_cone_draft; Cyclone_Gas_Outlet_Temp; Cyclone_Inlet_Draft,Cyclone_Inlet_Gas_Temp; Cyclone_Material_Temp,0,100.0,startup_context,False,True,"expected startup: the unit sits in the COLD operating regime for >= 30 min before the transition, then 3 temperature channels cross 500C TOGETHER in ONE 5-min sample with both rows valid and no data gap (e.g. Cyclone_Gas_Outlet_Temp 30 -> 939 C, 909C in 5 min - far beyond preheater thermal-mass limits), then >= 30 min in the HOT operating regime; recurring timing: 90 of 95 dataset-wide instantaneous cold->hot transitions (95%) occur at 00:00, modal 00:00 (95%) -> expected operating context: score reflects a stale local baseline across the daily startup state change, not a process failure",1.0,1.0,0.9829
969,2019-11-11 00:00:00,2019-11-11 01:20:00,85.0,17,100.0,50.0,50.0,6,Cyclone_Inlet_Gas_Temp; Cyclone_Material_Temp; Cyclone_Outlet_Gas_draft; Cyclone_cone_draft; Cyclone_Gas_Outlet_Temp; Cyclone_Inlet_Draft,Cyclone_Inlet_Gas_Temp; Cyclone_Material_Temp,0,100.0,startup_context,False,True,"expected startup: the unit sits in the COLD operating regime for >= 30 min before the transition, then 3 temperature channels cross 500C TOGETHER in ONE 5-min sample with both rows valid and no data gap (e.g. Cyclone_Material_Temp 0 -> 945 C, 945C in 5 min - far beyond preheater thermal-mass limits), then >= 30 min in the HOT operating regime; recurring timing: 90 of 95 dataset-wide instantaneous cold->hot transitions (95%) occur at 00:00, modal 00:00 (95%) -> expected operating context: score reflects a stale local baseline across the daily startup state change, not a process failure",1.0,1.0,0.9829
970,2019-11-12 00:00:00,2019-11-12 01:20:00,85.0,17,100.0,50.0,50.0,6,Cyclone_Inlet_Gas_Temp; Cyclone_Material_Temp; Cyclone_Outlet_Gas_draft; Cyclone_cone_draft; Cyclone_Gas_Outlet_Temp; Cyclone_Inlet_Draft,Cyclone_Material_Temp; Cyclone_Gas_Outlet_Temp,1,100.0,shutdown_transition,True,False,"expected shutdown: the unit sits in the HOT operating regime for >= 30 min before the transition, then 3 temperature channels drop across 500C TOGETHER in ONE 5-min sample with both rows valid and no data gap (e.g. Cyclone_Material_Temp 895 -> 21 C, 873C in 5 min), then >= 30 min in the COLD operating regime; recurring timing: 90 of 94 dataset-wide instantaneous hot->cold transitions (96%) occur at 00:00, modal 00:00 (96%) -> expected operating context: score reflects a stale local baseline across the daily shutdown boundary, not a process failure | inside COLD/SHUTDOWN regime",1.0,1.0,0.9829
971,2019-11-13 00:00:00,2019-11-13 01:20:00,85.0,17,100.0,50.0,50.0,6,Cyclone_Inlet_Gas_Temp; Cyclone_Material_Temp; Cyclone_Outlet_Gas_draft; Cyclone_cone_draft; Cyclone_Gas_Outlet_Temp; Cyclone_Inlet_Draft,Cyclone_Inlet_Gas_Temp; Cyclone_Material_Temp,0,100.0,startup_context,False,True,"expected startup: the unit sits in the COLD operating regime for >= 30 min before the transition, then 3 temperature channels cross 500C TOGETHER in ONE 5-min sample with both rows valid and no data gap (e.g. Cyclone_Inlet_Gas_Temp 24 -> 903 C, 879C in 5 min - far beyond preheater thermal-mass limits), then >= 30 min in the HOT operating regime; recurring timing: 90 of 95 dataset-wide instantaneous cold->hot transitions (95%) occur at 00:00, modal 00:00 (95%) -> expected operating context: score reflects a stale local baseline across the daily startup state change, not a process failure",1.0,1.0,0.9829
972,2019-12-04 00:00:00,2019-12-04 01:20:00,85.0,17,100.0,50.0,50.0,6,Cyclone_Inlet_Gas_Temp; Cyclone_Material_Temp; Cyclone_Outlet_Gas_draft; Cyclone_cone_draft; Cyclone_Gas_Outlet_Temp; Cyclone_Inlet_Draft,Cyclone_Inlet_Gas_Temp; Cyclone_Material_Temp,0,100.0,startup_context,False,True,"expected startup: the unit sits in the COLD operating regime for >= 30 min before the transition, then 3 temperature channels cross 500C TOGETHER in ONE 5-min sample with both rows valid and no data gap (e.g. Cyclone_Material_Temp 26 -> 946 C, 921C in 5 min - far beyond preheater thermal-mass limits), then >= 30 min in the HOT operating regime; recurring timing: 90 of 95 dataset-wide instantaneous cold->hot transitions (95%) occur at 00:00, modal 00:00 (95%) -> expected operating context: score reflects a stale local baseline across the daily startup state change, not a process failure",1.0,1.0,0.9829
973,2019-12-07 00:00:00,2019-12-07 01:20:00,85.0,17,100.0,50.0,50.0,6,Cyclone_Inlet_Gas_Temp; Cyclone_Material_Temp; Cyclone_Outlet_Gas_draft; Cyclone_cone_draft; Cyclone_Gas_Outlet_Temp; Cyclone_Inlet_Draft,Cyclone_Inlet_Gas_Temp; Cyclone_Material_Temp,0,100.0,startup_context,False,True,"expected startup: the unit sits in the COLD operating regime for >= 30 min before the transition, then 3 temperature channels cross 500C TOGETHER in ONE 5-min sample with both rows valid and no data gap (e.g. Cyclone_Gas_Outlet_Temp 37 -> 910 C, 873C in 5 min - far beyond preheater thermal-mass limits), then >= 30 min in the HOT operating regime; recurring timing: 90 of 95 dataset-wide instantaneous cold->hot transitions (95%) occur at 00:00, modal 00:00 (95%) -> expected operating context: score reflects a stale local baseline across the daily startup state change, not a process failure",1.0,1.0,0.9829
974,2019-12-08 00:00:00,2019-12-08 01:20:00,85.0,17,100.0,50.0,46.85,6,Cyclone_Inlet_Gas_Temp; Cyclone_Material_Temp; Cyclone_Outlet_Gas_draft; Cyclone_cone_draft; Cyclone_Gas_Outlet_Temp; Cyclone_Inlet_Draft,Cyclone_Inlet_Gas_Temp; Cyclone_Gas_Outlet_Temp,1,100.0,shutdown_transition,True,False,"expected shutdown: the unit sits in the HOT operating regime for >= 30 min before the transition, then 3 temperature channels drop across 500C TOGETHER in ONE 5-min sample with both rows valid and no data gap (e.g. Cyclone_Gas_Outlet_Temp 919 -> 30 C, 889C in 5 min), then >= 30 min in the COLD operating regime; recurring timing: 90 of 94 dataset-wide instantaneous hot->cold transitions (96%) occur at 00:00, modal 00:00 (96%) -> expected operating context: score reflects a stale local baseline across the daily shutdown boundary, not a process failure | inside COLD/SHUTDOWN regime",1.0,1.0,0.9829
975,2019-12-09 00:00:00,2019-12-09 01:20:00,85.0,17,100.0,50.0,50.0,6,Cyclone_Inlet_Gas_Temp; Cyclone_Material_Temp; Cyclone_Outlet_Gas_draft; Cyclone_cone_draft; Cyclone_Gas_Outlet_Temp; Cyclone_Inlet_Draft,Cyclone_Inlet_Gas_Temp; Cyclone_Material_Temp,0,100.0,startup_context,False,True,"expected startup: the unit sits in the COLD operating regime for >= 30 min before the transition, then 3 temperature channels cross 500C TOGETHER in ONE 5-min sample with both rows valid and no data gap (e.g. Cyclone_Material_Temp 60 -> 981 C, 921C in 5 min - far beyond preheater thermal-mass limits), then >= 30 min in the HOT operating regime; recurring timing: 90 of 95 dataset-wide instantaneous cold->hot transitions (95%) occur at 00:00, modal 00:00 (95%) -> expected operating context: score reflects a stale local baseline across the daily startup state change, not a process failure",1.0,1.0,0.9829
976,2019-12-10 00:00:00,2019-12-10 01:20:00,85.0,17,100.0,50.0,45.17,6,Cyclone_Inlet_Gas_Temp; Cyclone_Material_Temp; Cyclone_Outlet_Gas_draft; Cyclone_cone_draft; Cyclone_Gas_Outlet_Temp; Cyclone_Inlet_Draft,Cyclone_Inlet_Gas_Temp; Cyclone_Material_Temp,1,100.0,shutdown_transition,True,False,"expected shutdown: the unit sits in the HOT operating regime for >= 30 min before the transition, then 3 temperature channels drop across 500C TOGETHER in ONE 5-min sample with both rows valid and no data gap (e.g. Cyclone_Material_Temp 939 -> 0 C, 939C in 5 min), then >= 30 min in the COLD operating regime; recurring timing: 90 of 94 dataset-wide instantaneous hot->cold transitions (96%) occur at 00:00, modal 00:00 (96%) -> expected operating context: score reflects a stale local baseline across the daily shutdown boundary, not a process failure | inside COLD/SHUTDOWN regime",1.0,1.0,0.9829
977,2019-12-11 00:00:00,2019-12-11 01:20:00,85.0,17,100.0,50.0,50.0,6,Cyclone_Inlet_Gas_Temp; Cyclone_Material_Temp; Cyclone_Outlet_Gas_draft; Cyclone_cone_draft; Cyclone_Gas_Outlet_Temp; Cyclone_Inlet_Draft,Cyclone_Inlet_Gas_Temp; Cyclone_Material_Temp,0,100.0,startup_context,False,True,"expected startup: the unit sits in the COLD operating regime for >= 30 min before the transition, then 3 temperature channels cross 500C TOGETHER in ONE 5-min sample with both rows valid and no data gap (e.g. Cyclone_Material_Temp 0 -> 891 C, 891C in 5 min - far beyond preheater thermal-mass limits), then >= 30 min in the HOT operating regime; recurring timing: 90 of 95 dataset-wide instantaneous cold->hot transitions (95%) occur at 00:00, modal 00:00 (95%) -> expected operating context: score reflects a stale local baseline across the daily startup state change, not a process failure",1.0,1.0,0.9829
978,2019-12-12 00:00:00,2019-12-12 01:20:00,85.0,17,100.0,50.0,41.4,6,Cyclone_Inlet_Gas_Temp; Cyclone_Material_Temp; Cyclone_Outlet_Gas_draft; Cyclone_cone_draft; Cyclone_Gas_Outlet_Temp; Cyclone_Inlet_Draft,Cyclone_Material_Temp; Cyclone_Gas_Outlet_Temp,1,100.0,shutdown_transition,True,False,"expected shutdown: the unit sits in the HOT operating regime for >= 30 min before the transition, then 3 temperature channels drop across 500C TOGETHER in ONE 5-min sample with both rows valid and no data gap (e.g. Cyclone_Inlet_Gas_Temp 919 -> 24 C, 894C in 5 min), then >= 30 min in the COLD operating regime; recurring timing: 90 of 94 dataset-wide instantaneous hot->cold transitions (96%) occur at 00:00, modal 00:00 (96%) -> expected operating context: score reflects a stale local baseline across the daily shutdown boundary, not a process failure | inside COLD/SHUTDOWN regime",1.0,1.0,0.9829
979,2020-01-04 00:00:00,2020-01-04 01:20:00,85.0,17,100.0,50.0,50.0,6,Cyclone_Inlet_Gas_Temp; Cyclone_Material_Temp; Cyclone_Outlet_Gas_draft; Cyclone_cone_draft; Cyclone_Gas_Outlet_Temp; Cyclone_Inlet_Draft,Cyclone_Inlet_Gas_Temp; Cyclone_Material_Temp,1,100.0,shutdown_transition,True,False,"expected shutdown: the unit sits in the HOT operating regime for >= 30 min before the transition, then 3 temperature channels drop across 500C TOGETHER in ONE 5-min sample with both rows valid and no data gap (e.g. Cyclone_Material_Temp 920 -> 31 C, 889C in 5 min), then >= 30 min in the COLD operating regime; recurring timing: 90 of 94 dataset-wide instantaneous hot->cold transitions (96%) occur at 00:00, modal 00:00 (96%) -> expected operating context: score reflects a stale local baseline across the daily shutdown boundary, not a process failure | inside COLD/SHUTDOWN regime",1.0,1.0,0.9829
980,2020-03-04 00:00:00,2020-03-04 01:20:00,85.0,17,100.0,50.0,49.22,6,Cyclone_Inlet_Gas_Temp; Cyclone_Material_Temp; Cyclone_Outlet_Gas_draft; Cyclone_cone_draft; Cyclone_Gas_Outlet_Temp; Cyclone_Inlet_Draft,Cyclone_Inlet_Gas_Temp; Cyclone_Material_Temp,1,100.0,shutdown_transition,True,False,"expected shutdown: the unit sits in the HOT operating regime for >= 30 min before the transition, then 3 temperature channels drop across 500C TOGETHER in ONE 5-min sample with both rows valid and no data gap (e.g. Cyclone_Material_Temp 920 -> 30 C, 890C in 5 min), then >= 30 min in the COLD operating regime; recurring timing: 90 of 94 dataset-wide instantaneous hot->cold transitions (96%) occur at 00:00, modal 00:00 (96%) -> expected operating context: score reflects a stale local baseline across the daily shutdown boundary, not a process failure | inside COLD/SHUTDOWN regime",1.0,1.0,0.9829
981,2020-03-05 00:00:00,2020-03-05 01:20:00,85.0,17,100.0,50.0,50.0,6,Cyclone_Inlet_Gas_Temp; Cyclone_Material_Temp; Cyclone_Outlet_Gas_draft; Cyclone_cone_draft; Cyclone_Gas_Outlet_Temp; Cyclone_Inlet_Draft,Cyclone_Inlet_Gas_Temp; Cyclone_Material_Temp,0,100.0,startup_context,False,True,"expected startup: the unit sits in the COLD operating regime for >= 30 min before the transition, then 3 temperature channels cross 500C TOGETHER in ONE 5-min sample with both rows valid and no data gap (e.g. Cyclone_Material_Temp 30 -> 983 C, 953C in 5 min - far beyond preheater thermal-mass limits), then >= 30 min in the HOT operating regime; recurring timing: 90 of 95 dataset-wide instantaneous cold->hot transitions (95%) occur at 00:00, modal 00:00 (95%) -> expected operating context: score reflects a stale local baseline across the daily startup state change, not a process failure",1.0,1.0,0.9829
982,2020-04-01 00:00:00,2020-04-01 01:20:00,85.0,17,100.0,50.0,50.0,6,Cyclone_Inlet_Gas_Temp; Cyclone_Material_Temp; Cyclone_Outlet_Gas_draft; Cyclone_cone_draft; Cyclone_Gas_Outlet_Temp; Cyclone_Inlet_Draft,Cyclone_Inlet_Gas_Temp; Cyclone_Material_Temp,0,100.0,startup_context,False,True,"expected startup: the unit sits in the COLD operating regime for >= 30 min before the transition, then 3 temperature channels cross 500C TOGETHER in ONE 5-min sample with both rows valid and no data gap (e.g. Cyclone_Inlet_Gas_Temp 32 -> 877 C, 845C in 5 min - far beyond preheater thermal-mass limits), then >= 30 min in the HOT operating regime; recurring timing: 90 of 95 dataset-wide instantaneous cold->hot transitions (95%) occur at 00:00, modal 00:00 (95%) -> expected operating context: score reflects a stale local baseline across the daily startup state change, not a process failure",1.0,1.0,0.9829
983,2020-04-04 00:00:00,2020-04-04 01:20:00,85.0,17,100.0,50.0,50.0,6,Cyclone_Inlet_Gas_Temp; Cyclone_Material_Temp; Cyclone_Outlet_Gas_draft; Cyclone_cone_draft; Cyclone_Gas_Outlet_Temp; Cyclone_Inlet_Draft,Cyclone_Inlet_Gas_Temp; Cyclone_Material_Temp,1,100.0,shutdown_transition,True,False,"expected shutdown: the unit sits in the HOT operating regime for >= 30 min before the transition, then 3 temperature channels drop across 500C TOGETHER in ONE 5-min sample with both rows valid and no data gap (e.g. Cyclone_Material_Temp 904 -> 30 C, 874C in 5 min), then >= 30 min in the COLD operating regime; recurring timing: 90 of 94 dataset-wide instantaneous hot->cold transitions (96%) occur at 00:00, modal 00:00 (96%) -> expected operating context: score reflects a stale local baseline across the daily shutdown boundary, not a process failure | inside COLD/SHUTDOWN regime",1.0,1.0,0.9829
984,2020-04-13 00:00:00,2020-04-13 01:20:00,85.0,17,100.0,50.0,45.49,6,Cyclone_Inlet_Gas_Temp; Cyclone_Material_Temp; Cyclone_Outlet_Gas_draft; Cyclone_cone_draft; Cyclone_Gas_Outlet_Temp; Cyclone_Inlet_Draft,Cyclone_Inlet_Gas_Temp; Cyclone_Outlet_Gas_draft,1,100.0,post_outage_baseline,True,False,"onset is the first sample after a 5765-min acquisition outage; the operating regime changed across the outage (HOT -> COLD, unobserved during missing data), so the causal local window still holds pre-outage values -> score measures a stale baseline at the outage boundary, not process behavior | inside COLD/SHUTDOWN regime",1.0,1.0,0.9829
985,2020-05-04 00:00:00,2020-05-04 01:20:00,85.0,17,100.0,50.0,50.0,6,Cyclone_Inlet_Gas_Temp; Cyclone_Material_Temp; Cyclone_Outlet_Gas_draft; Cyclone_cone_draft; Cyclone_Gas_Outlet_Temp; Cyclone_Inlet_Draft,Cyclone_Inlet_Gas_Temp; Cyclone_Material_Temp,1,100.0,shutdown_transition,True,False,"expected shutdown: the unit sits in the HOT operating regime for >= 30 min before the transition, then 3 temperature channels drop across 500C TOGETHER in ONE 5-min sample with both rows valid and no data gap (e.g. Cyclone_Material_Temp 915 -> 31 C, 884C in 5 min), then >= 30 min in the COLD operating regime; recurring timing: 90 of 94 dataset-wide instantaneous hot->cold transitions (96%) occur at 00:00, modal 00:00 (96%) -> expected operating context: score reflects a stale local baseline across the daily shutdown boundary, not a process failure | inside COLD/SHUTDOWN regime",1.0,1.0,0.9829
986,2020-05-05 00:00:00,2020-05-05 01:20:00,85.0,17,100.0,50.0,50.0,6,Cyclone_Inlet_Gas_Temp; Cyclone_Material_Temp; Cyclone_Outlet_Gas_draft; Cyclone_cone_draft; Cyclone_Gas_Outlet_Temp; Cyclone_Inlet_Draft,Cyclone_Inlet_Gas_Temp; Cyclone_Material_Temp,0,100.0,startup_context,False,True,"expected startup: the unit sits in the COLD operating regime for >= 30 min before the transition, then 3 temperature channels cross 500C TOGETHER in ONE 5-min sample with both rows valid and no data gap (e.g. Cyclone_Material_Temp 32 -> 939 C, 907C in 5 min - far beyond preheater thermal-mass limits), then >= 30 min in the HOT operating regime; recurring timing: 90 of 95 dataset-wide instantaneous cold->hot transitions (95%) occur at 00:00, modal 00:00 (95%) -> expected operating context: score reflects a stale local baseline across the daily startup state change, not a process failure",1.0,1.0,0.9829
987,2020-06-04 00:00:00,2020-06-04 01:20:00,85.0,17,100.0,50.0,49.35,6,Cyclone_Inlet_Gas_Temp; Cyclone_Material_Temp; Cyclone_Outlet_Gas_draft; Cyclone_cone_draft; Cyclone_Gas_Outlet_Temp; Cyclone_Inlet_Draft,Cyclone_Inlet_Gas_Temp; Cyclone_Gas_Outlet_Temp,1,100.0,shutdown_transition,True,False,"expected shutdown: the unit sits in the HOT operating regime for >= 30 min before the transition, then 3 temperature channels drop across 500C TOGETHER in ONE 5-min sample with both rows valid and no data gap (e.g. Cyclone_Material_Temp 909 -> 32 C, 877C in 5 min), then >= 30 min in the COLD operating regime; recurring timing: 90 of 94 dataset-wide instantaneous hot->cold transitions (96%) occur at 00:00, modal 00:00 (96%) -> expected operating context: score reflects a stale local baseline across the daily shutdown boundary, not a process failure | inside COLD/SHUTDOWN regime",1.0,1.0,0.9829
988,2020-06-05 00:00:00,2020-06-05 01:20:00,85.0,17,100.0,50.0,50.0,6,Cyclone_Inlet_Gas_Temp; Cyclone_Material_Temp; Cyclone_Outlet_Gas_draft; Cyclone_cone_draft; Cyclone_Gas_Outlet_Temp; Cyclone_Inlet_Draft,Cyclone_Inlet_Gas_Temp; Cyclone_Material_Temp,0,100.0,startup_context,False,True,"expected startup: the unit sits in the COLD operating regime for >= 30 min before the transition, then 3 temperature channels cross 500C TOGETHER in ONE 5-min sample with both rows valid and no data gap (e.g. Cyclone_Material_Temp 33 -> 918 C, 886C in 5 min - far beyond preheater thermal-mass limits), then >= 30 min in the HOT operating regime; recurring timing: 90 of 95 dataset-wide instantaneous cold->hot transitions (95%) occur at 00:00, modal 00:00 (95%) -> expected operating context: score reflects a stale local baseline across the daily startup state change, not a process failure",1.0,1.0,0.9829
989,2020-07-05 00:00:00,2020-07-05 01:20:00,85.0,17,100.0,50.0,50.0,6,Cyclone_Inlet_Gas_Temp; Cyclone_Material_Temp; Cyclone_Outlet_Gas_draft; Cyclone_cone_draft; Cyclone_Gas_Outlet_Temp; Cyclone_Inlet_Draft,Cyclone_Inlet_Gas_Temp; Cyclone_Material_Temp,0,100.0,startup_context,False,True,"expected startup: the unit sits in the COLD operating regime for >= 30 min before the transition, then 3 temperature channels cross 500C TOGETHER in ONE 5-min sample with both rows valid and no data gap (e.g. Cyclone_Material_Temp 32 -> 939 C, 907C in 5 min - far beyond preheater thermal-mass limits), then >= 30 min in the HOT operating regime; recurring timing: 90 of 95 dataset-wide instantaneous cold->hot transitions (95%) occur at 00:00, modal 00:00 (95%) -> expected operating context: score reflects a stale local baseline across the daily startup state change, not a process failure",1.0,1.0,0.9829
990,2020-08-04 00:00:00,2020-08-04 01:20:00,85.0,17,100.0,50.0,50.0,6,Cyclone_Inlet_Gas_Temp; Cyclone_Material_Temp; Cyclone_Outlet_Gas_draft; Cyclone_cone_draft; Cyclone_Gas_Outlet_Temp; Cyclone_Inlet_Draft,Cyclone_Inlet_Gas_Temp; Cyclone_Material_Temp,1,100.0,shutdown_transition,True,False,"expected shutdown: the unit sits in the HOT operating regime for >= 30 min before the transition, then 3 temperature channels drop across 500C TOGETHER in ONE 5-min sample with both rows valid and no data gap (e.g. Cyclone_Inlet_Gas_Temp 875 -> 33 C, 842C in 5 min), then >= 30 min in the COLD operating regime; recurring timing: 90 of 94 dataset-wide instantaneous hot->cold transitions (96%) occur at 00:00, modal 00:00 (96%) -> expected operating context: score reflects a stale local baseline across the daily shutdown boundary, not a process failure | inside COLD/SHUTDOWN regime",1.0,1.0,0.9829
991,2020-08-05 00:00:00,2020-08-05 01:20:00,85.0,17,100.0,50.0,50.0,6,Cyclone_Inlet_Gas_Temp; Cyclone_Material_Temp; Cyclone_Outlet_Gas_draft; Cyclone_cone_draft; Cyclone_Gas_Outlet_Temp; Cyclone_Inlet_Draft,Cyclone_Inlet_Gas_Temp; Cyclone_Material_Temp,0,100.0,startup_context,False,True,"expected startup: the unit sits in the COLD operating regime for >= 30 min before the transition, then 3 temperature channels cross 500C TOGETHER in ONE 5-min sample with both rows valid and no data gap (e.g. Cyclone_Material_Temp 32 -> 969 C, 937C in 5 min - far beyond preheater thermal-mass limits), then >= 30 min in the HOT operating regime; recurring timing: 90 of 95 dataset-wide instantaneous cold->hot transitions (95%) occur at 00:00, modal 00:00 (95%) -> expected operating context: score reflects a stale local baseline across the daily startup state change, not a process failure",1.0,1.0,0.9829
992,2020-09-04 00:00:00,2020-09-04 01:20:00,85.0,17,100.0,50.0,50.0,6,Cyclone_Inlet_Gas_Temp; Cyclone_Material_Temp; Cyclone_Outlet_Gas_draft; Cyclone_cone_draft; Cyclone_Gas_Outlet_Temp; Cyclone_Inlet_Draft,Cyclone_Inlet_Gas_Temp; Cyclone_Material_Temp,1,100.0,shutdown_transition,True,False,"expected shutdown: the unit sits in the HOT operating regime for >= 30 min before the transition, then 3 temperature channels drop across 500C TOGETHER in ONE 5-min sample with both rows valid and no data gap (e.g. Cyclone_Material_Temp 922 -> 32 C, 890C in 5 min), then >= 30 min in the COLD operating regime; recurring timing: 90 of 94 dataset-wide instantaneous hot->cold transitions (96%) occur at 00:00, modal 00:00 (96%) -> expected operating context: score reflects a stale local baseline across the daily shutdown boundary, not a process failure | inside COLD/SHUTDOWN regime",1.0,1.0,0.9829
993,2020-09-05 00:00:00,2020-09-05 01:20:00,85.0,17,100.0,50.0,50.0,6,Cyclone_Inlet_Gas_Temp; Cyclone_Material_Temp; Cyclone_Outlet_Gas_draft; Cyclone_cone_draft; Cyclone_Gas_Outlet_Temp; Cyclone_Inlet_Draft,Cyclone_Inlet_Gas_Temp; Cyclone_Material_Temp,0,100.0,startup_context,False,True,"expected startup: the unit sits in the COLD operating regime for >= 30 min before the transition, then 3 temperature channels cross 500C TOGETHER in ONE 5-min sample with both rows valid and no data gap (e.g. Cyclone_Gas_Outlet_Temp 32 -> 923 C, 891C in 5 min - far beyond preheater thermal-mass limits), then >= 30 min in the HOT operating regime; recurring timing: 90 of 95 dataset-wide instantaneous cold->hot transitions (95%) occur at 00:00, modal 00:00 (95%) -> expected operating context: score reflects a stale local baseline across the daily startup state change, not a process failure",1.0,1.0,0.9829
994,2020-10-04 00:00:00,2020-10-04 01:20:00,85.0,17,100.0,50.0,50.0,6,Cyclone_Inlet_Gas_Temp; Cyclone_Material_Temp; Cyclone_Outlet_Gas_draft; Cyclone_cone_draft; Cyclone_Gas_Outlet_Temp; Cyclone_Inlet_Draft,Cyclone_Inlet_Gas_Temp; Cyclone_Material_Temp,1,100.0,shutdown_transition,True,False,"expected shutdown: the unit sits in the HOT operating regime for >= 30 min before the transition, then 3 temperature channels drop across 500C TOGETHER in ONE 5-min sample with both rows valid and no data gap (e.g. Cyclone_Material_Temp 905 -> 32 C, 873C in 5 min), then >= 30 min in the COLD operating regime; recurring timing: 90 of 94 dataset-wide instantaneous hot->cold transitions (96%) occur at 00:00, modal 00:00 (96%) -> expected operating context: score reflects a stale local baseline across the daily shutdown boundary, not a process failure | inside COLD/SHUTDOWN regime",1.0,1.0,0.9829
995,2020-10-05 00:00:00,2020-10-05 01:20:00,85.0,17,100.0,50.0,50.0,6,Cyclone_Inlet_Gas_Temp; Cyclone_Material_Temp; Cyclone_Outlet_Gas_draft; Cyclone_cone_draft; Cyclone_Gas_Outlet_Temp; Cyclone_Inlet_Draft,Cyclone_Inlet_Gas_Temp; Cyclone_Material_Temp,0,100.0,startup_context,False,True,"expected startup: the unit sits in the COLD operating regime for >= 30 min before the transition, then 3 temperature channels cross 500C TOGETHER in ONE 5-min sample with both rows valid and no data gap (e.g. Cyclone_Gas_Outlet_Temp 32 -> 899 C, 867C in 5 min - far beyond preheater thermal-mass limits), then >= 30 min in the HOT operating regime; recurring timing: 90 of 95 dataset-wide instantaneous cold->hot transitions (95%) occur at 00:00, modal 00:00 (95%) -> expected operating context: score reflects a stale local baseline across the daily startup state change, not a process failure",1.0,1.0,0.9829
996,2020-11-04 00:00:00,2020-11-04 01:20:00,85.0,17,100.0,50.0,49.23,6,Cyclone_Inlet_Gas_Temp; Cyclone_Material_Temp; Cyclone_Outlet_Gas_draft; Cyclone_cone_draft; Cyclone_Gas_Outlet_Temp; Cyclone_Inlet_Draft,Cyclone_Inlet_Gas_Temp; Cyclone_Gas_Outlet_Temp,1,100.0,shutdown_transition,True,False,"expected shutdown: the unit sits in the HOT operating regime for >= 30 min before the transition, then 3 temperature channels drop across 500C TOGETHER in ONE 5-min sample with both rows valid and no data gap (e.g. Cyclone_Material_Temp 939 -> 33 C, 906C in 5 min), then >= 30 min in the COLD operating regime; recurring timing: 90 of 94 dataset-wide instantaneous hot->cold transitions (96%) occur at 00:00, modal 00:00 (96%) -> expected operating context: score reflects a stale local baseline across the daily shutdown boundary, not a process failure | inside COLD/SHUTDOWN regime",1.0,1.0,0.9829
997,2020-11-05 00:00:00,2020-11-05 01:20:00,85.0,17,100.0,50.0,50.0,6,Cyclone_Inlet_Gas_Temp; Cyclone_Material_Temp; Cyclone_Outlet_Gas_draft; Cyclone_cone_draft; Cyclone_Gas_Outlet_Temp; Cyclone_Inlet_Draft,Cyclone_Inlet_Gas_Temp; Cyclone_Material_Temp,0,100.0,startup_context,False,True,"expected startup: the unit sits in the COLD operating regime for >= 30 min before the transition, then 3 temperature channels cross 500C TOGETHER in ONE 5-min sample with both rows valid and no data gap (e.g. Cyclone_Material_Temp 33 -> 916 C, 883C in 5 min - far beyond preheater thermal-mass limits), then >= 30 min in the HOT operating regime; recurring timing: 90 of 95 dataset-wide instantaneous cold->hot transitions (95%) occur at 00:00, modal 00:00 (95%) -> expected operating context: score reflects a stale local baseline across the daily startup state change, not a process failure",1.0,1.0,0.9829
998,2020-12-04 00:00:00,2020-12-04 01:20:00,85.0,17,100.0,50.0,50.0,6,Cyclone_Inlet_Gas_Temp; Cyclone_Material_Temp; Cyclone_Outlet_Gas_draft; Cyclone_cone_draft; Cyclone_Gas_Outlet_Temp; Cyclone_Inlet_Draft,Cyclone_Inlet_Gas_Temp; Cyclone_Gas_Outlet_Temp,1,100.0,shutdown_transition,True,False,"expected shutdown: the unit sits in the HOT operating regime for >= 30 min before the transition, then 3 temperature channels drop across 500C TOGETHER in ONE 5-min sample with both rows valid and no data gap (e.g. Cyclone_Material_Temp 896 -> 33 C, 863C in 5 min), then >= 30 min in the COLD operating regime; recurring timing: 90 of 94 dataset-wide instantaneous hot->cold transitions (96%) occur at 00:00, modal 00:00 (96%) -> expected operating context: score reflects a stale local baseline across the daily shutdown boundary, not a process failure | inside COLD/SHUTDOWN regime",1.0,1.0,0.9829
999,2020-12-05 00:00:00,2020-12-05 01:20:00,85.0,17,100.0,50.0,50.0,6,Cyclone_Inlet_Gas_Temp; Cyclone_Material_Temp; Cyclone_Outlet_Gas_draft; Cyclone_cone_draft; Cyclone_Gas_Outlet_Temp; Cyclone_Inlet_Draft,Cyclone_Inlet_Gas_Temp; Cyclone_Material_Temp,0,100.0,startup_context,False,True,"expected startup: the unit sits in the COLD operating regime for >= 30 min before the transition, then 3 temperature channels cross 500C TOGETHER in ONE 5-min sample with both rows valid and no data gap (e.g. Cyclone_Material_Temp 34 -> 971 C, 937C in 5 min - far beyond preheater thermal-mass limits), then >= 30 min in the HOT operating regime; recurring timing: 90 of 95 dataset-wide instantaneous cold->hot transitions (95%) occur at 00:00, modal 00:00 (95%) -> expected operating context: score reflects a stale local baseline across the daily startup state change, not a process failure",1.0,1.0,0.9829
1000,2018-02-10 23:45:00,2018-02-11 01:20:00,100.0,20,95.0,50.0,46.4,6,Cyclone_Inlet_Gas_Temp; Cyclone_Material_Temp; Cyclone_Outlet_Gas_draft; Cyclone_cone_draft; Cyclone_Gas_Outlet_Temp; Cyclone_Inlet_Draft,Cyclone_Inlet_Gas_Temp; Cyclone_Material_Temp,1,100.0,startup_context,True,True,"expected startup: the unit sits in the COLD operating regime for >= 30 min before the transition, then 2 temperature channels cross 500C TOGETHER in ONE 5-min sample with both rows valid and no data gap (e.g. Cyclone_Inlet_Gas_Temp 34 -> 898 C, 864C in 5 min - far beyond preheater thermal-mass limits), then >= 30 min in the HOT operating regime; recurring timing: 90 of 95 dataset-wide instantaneous cold->hot transitions (95%) occur at 00:00, modal 00:00 (95%); period onset precedes the transition by 15 min -> expected operating context: score reflects a stale local baseline across the daily startup state change, not a process failure | inside COLD/SHUTDOWN regime",1.0,1.0,0.9825
1001,2019-07-10 00:00:00,2019-07-10 01:20:00,85.0,17,100.0,50.0,41.0,6,Cyclone_Inlet_Gas_Temp; Cyclone_Material_Temp; Cyclone_Outlet_Gas_draft; Cyclone_cone_draft; Cyclone_Gas_Outlet_Temp; Cyclone_Inlet_Draft,Cyclone_Gas_Outlet_Temp; Cyclone_Outlet_Gas_draft,1,100.0,shutdown_transition,True,False,"expected shutdown: the unit sits in the HOT operating regime for >= 30 min before the transition, then 3 temperature channels drop across 500C TOGETHER in ONE 5-min sample with both rows valid and no data gap (e.g. Cyclone_Material_Temp 928 -> 0 C, 928C in 5 min), then >= 30 min in the COLD operating regime; recurring timing: 90 of 94 dataset-wide instantaneous hot->cold transitions (96%) occur at 00:00, modal 00:00 (96%) -> expected operating context: score reflects a stale local baseline across the daily shutdown boundary, not a process failure | inside COLD/SHUTDOWN regime",0.9971,1.0,0.9815
1002,2019-11-10 00:00:00,2019-11-10 01:20:00,85.0,17,100.0,50.0,40.91,6,Cyclone_Inlet_Gas_Temp; Cyclone_Material_Temp; Cyclone_Outlet_Gas_draft; Cyclone_cone_draft; Cyclone_Gas_Outlet_Temp; Cyclone_Inlet_Draft,Cyclone_Material_Temp; Cyclone_Gas_Outlet_Temp,1,100.0,shutdown_transition,True,False,"expected shutdown: the unit sits in the HOT operating regime for >= 30 min before the transition, then 3 temperature channels drop across 500C TOGETHER in ONE 5-min sample with both rows valid and no data gap (e.g. Cyclone_Material_Temp 960 -> 0 C, 960C in 5 min), then >= 30 min in the COLD operating regime; recurring timing: 90 of 94 dataset-wide instantaneous hot->cold transitions (96%) occur at 00:00, modal 00:00 (96%) -> expected operating context: score reflects a stale local baseline across the daily shutdown boundary, not a process failure | inside COLD/SHUTDOWN regime",0.9949,1.0,0.9804
1003,2020-04-04 23:40:00,2020-04-05 01:20:00,105.0,21,90.5,50.0,45.26,6,Cyclone_Inlet_Gas_Temp; Cyclone_Material_Temp; Cyclone_Outlet_Gas_draft; Cyclone_cone_draft; Cyclone_Gas_Outlet_Temp; Cyclone_Inlet_Draft,Cyclone_Inlet_Gas_Temp; Cyclone_Material_Temp,1,100.0,startup_context,True,True,"expected startup: the unit sits in the COLD operating regime for >= 30 min before the transition, then 3 temperature channels cross 500C TOGETHER in ONE 5-min sample with both rows valid and no data gap (e.g. Cyclone_Material_Temp 31 -> 962 C, 931C in 5 min - far beyond preheater thermal-mass limits), then >= 30 min in the HOT operating regime; recurring timing: 90 of 95 dataset-wide instantaneous cold->hot transitions (95%) occur at 00:00, modal 00:00 (95%); period onset precedes the transition by 20 min -> expected operating context: score reflects a stale local baseline across the daily startup state change, not a process failure | inside COLD/SHUTDOWN regime",1.0,1.0,0.979
1004,2018-07-10 23:45:00,2018-07-11 01:20:00,100.0,20,90.0,50.0,43.4,6,Cyclone_Inlet_Gas_Temp; Cyclone_Material_Temp; Cyclone_Outlet_Gas_draft; Cyclone_cone_draft; Cyclone_Gas_Outlet_Temp; Cyclone_Inlet_Draft,Cyclone_Inlet_Gas_Temp; Cyclone_Material_Temp,1,100.0,startup_context,True,True,"expected startup: the unit sits in the COLD operating regime for >= 30 min before the transition, then 3 temperature channels cross 500C TOGETHER in ONE 5-min sample with both rows valid and no data gap (e.g. Cyclone_Material_Temp 31 -> 933 C, 902C in 5 min - far beyond preheater thermal-mass limits), then >= 30 min in the HOT operating regime; recurring timing: 90 of 95 dataset-wide instantaneous cold->hot transitions (95%) occur at 00:00, modal 00:00 (95%); period onset precedes the transition by 15 min -> expected operating context: score reflects a stale local baseline across the daily startup state change, not a process failure | inside COLD/SHUTDOWN regime",1.0,1.0,0.9769
1005,2019-03-10 23:45:00,2019-03-11 01:20:00,100.0,20,90.0,50.0,45.15,6,Cyclone_Inlet_Gas_Temp; Cyclone_Material_Temp; Cyclone_Outlet_Gas_draft; Cyclone_cone_draft; Cyclone_Gas_Outlet_Temp; Cyclone_Inlet_Draft,Cyclone_Inlet_Gas_Temp; Cyclone_Material_Temp,1,100.0,startup_context,True,True,"expected startup: the unit sits in the COLD operating regime for >= 30 min before the transition, then 3 temperature channels cross 500C TOGETHER in ONE 5-min sample with both rows valid and no data gap (e.g. Cyclone_Material_Temp 0 -> 958 C, 958C in 5 min - far beyond preheater thermal-mass limits), then >= 30 min in the HOT operating regime; recurring timing: 90 of 95 dataset-wide instantaneous cold->hot transitions (95%) occur at 00:00, modal 00:00 (95%); period onset precedes the transition by 15 min -> expected operating context: score reflects a stale local baseline across the daily startup state change, not a process failure | inside COLD/SHUTDOWN regime",1.0,1.0,0.9769
1006,2019-10-06 23:45:00,2019-10-07 01:20:00,100.0,20,90.0,50.0,43.73,6,Cyclone_Inlet_Gas_Temp; Cyclone_Material_Temp; Cyclone_Outlet_Gas_draft; Cyclone_cone_draft; Cyclone_Gas_Outlet_Temp; Cyclone_Inlet_Draft,Cyclone_Inlet_Gas_Temp; Cyclone_Material_Temp,1,100.0,startup_context,True,True,"expected startup: the unit sits in the COLD operating regime for >= 30 min before the transition, then 3 temperature channels cross 500C TOGETHER in ONE 5-min sample with both rows valid and no data gap (e.g. Cyclone_Material_Temp 42 -> 914 C, 872C in 5 min - far beyond preheater thermal-mass limits), then >= 30 min in the HOT operating regime; recurring timing: 90 of 95 dataset-wide instantaneous cold->hot transitions (95%) occur at 00:00, modal 00:00 (95%); period onset precedes the transition by 15 min -> expected operating context: score reflects a stale local baseline across the daily startup state change, not a process failure | inside COLD/SHUTDOWN regime",1.0,1.0,0.9769
1007,2017-11-10 21:45:00,2017-11-10 22:50:00,70.0,14,100.0,50.0,50.0,6,Cyclone_Inlet_Gas_Temp; Cyclone_Material_Temp; Cyclone_Outlet_Gas_draft; Cyclone_cone_draft; Cyclone_Gas_Outlet_Temp; Cyclone_Inlet_Draft,Cyclone_Inlet_Gas_Temp; Cyclone_Material_Temp,0,99.6,startup_context,False,True,"expected startup: the unit sits in the COLD operating regime for >= 30 min before the transition, then 3 temperature channels cross 500C TOGETHER in ONE 5-min sample with both rows valid and no data gap (e.g. Cyclone_Material_Temp 0 -> 900 C, 900C in 5 min - far beyond preheater thermal-mass limits), then >= 30 min in the HOT operating regime; recurring timing: 3 of 95 dataset-wide instantaneous cold->hot transitions (3%) occur at 21:00, modal 00:00 (95%) -> expected operating context: score reflects a stale local baseline across the daily startup state change, not a process failure",1.0,1.0,0.9767
1008,2017-01-10 00:00:00,2017-01-10 01:20:00,85.0,17,100.0,50.0,40.26,6,Cyclone_Inlet_Gas_Temp; Cyclone_Material_Temp; Cyclone_Outlet_Gas_draft; Cyclone_cone_draft; Cyclone_Gas_Outlet_Temp; Cyclone_Inlet_Draft,Cyclone_Gas_Outlet_Temp; Cyclone_Inlet_Gas_Temp,1,100.0,shutdown_transition,True,False,"expected shutdown: the unit sits in the HOT operating regime for >= 30 min before the transition, then 3 temperature channels drop across 500C TOGETHER in ONE 5-min sample with both rows valid and no data gap (e.g. Cyclone_Material_Temp 904 -> 0 C, 904C in 5 min), then >= 30 min in the COLD operating regime; recurring timing: 90 of 94 dataset-wide instantaneous hot->cold transitions (96%) occur at 00:00, modal 00:00 (96%) -> expected operating context: score reflects a stale local baseline across the daily shutdown boundary, not a process failure | inside COLD/SHUTDOWN regime",0.9791,1.0,0.9724
1009,2019-12-03 00:00:00,2019-12-03 01:20:00,85.0,17,100.0,50.0,40.22,6,Cyclone_Inlet_Gas_Temp; Cyclone_Material_Temp; Cyclone_Outlet_Gas_draft; Cyclone_cone_draft; Cyclone_Gas_Outlet_Temp; Cyclone_Inlet_Draft,Cyclone_Gas_Outlet_Temp; Cyclone_Inlet_Gas_Temp,1,100.0,shutdown_transition,True,False,"expected shutdown: the unit sits in the HOT operating regime for >= 30 min before the transition, then 3 temperature channels drop across 500C TOGETHER in ONE 5-min sample with both rows valid and no data gap (e.g. Cyclone_Material_Temp 973 -> 26 C, 947C in 5 min), then >= 30 min in the COLD operating regime; recurring timing: 90 of 94 dataset-wide instantaneous hot->cold transitions (96%) occur at 00:00, modal 00:00 (96%) -> expected operating context: score reflects a stale local baseline across the daily shutdown boundary, not a process failure | inside COLD/SHUTDOWN regime",0.9782,1.0,0.9719
1010,2018-07-09 23:40:00,2018-07-10 01:20:00,105.0,21,85.7,50.0,40.26,6,Cyclone_Inlet_Gas_Temp; Cyclone_Material_Temp; Cyclone_Outlet_Gas_draft; Cyclone_cone_draft; Cyclone_Gas_Outlet_Temp; Cyclone_Inlet_Draft,Cyclone_Gas_Outlet_Temp; Cyclone_Material_Temp,0,100.0,shutdown_transition,False,False,"expected shutdown: the unit sits in the HOT operating regime for >= 30 min before the transition, then 3 temperature channels drop across 500C TOGETHER in ONE 5-min sample with both rows valid and no data gap (e.g. Cyclone_Material_Temp 965 -> 31 C, 934C in 5 min), then >= 30 min in the COLD operating regime; recurring timing: 90 of 94 dataset-wide instantaneous hot->cold transitions (96%) occur at 00:00, modal 00:00 (96%); period onset precedes the transition by 20 min -> expected operating context: score reflects a stale local baseline across the daily shutdown boundary, not a process failure",0.9791,1.0,0.9632
1011,2019-07-08 00:00:00,2019-07-08 01:20:00,85.0,17,100.0,50.0,39.23,6,Cyclone_Inlet_Gas_Temp; Cyclone_Material_Temp; Cyclone_Outlet_Gas_draft; Cyclone_cone_draft; Cyclone_Gas_Outlet_Temp; Cyclone_Inlet_Draft,Cyclone_Inlet_Gas_Temp; Cyclone_Gas_Outlet_Temp,1,100.0,shutdown_transition,True,False,"expected shutdown: the unit sits in the HOT operating regime for >= 30 min before the transition, then 3 temperature channels drop across 500C TOGETHER in ONE 5-min sample with both rows valid and no data gap (e.g. Cyclone_Material_Temp 940 -> 60 C, 880C in 5 min), then >= 30 min in the COLD operating regime; recurring timing: 90 of 94 dataset-wide instantaneous hot->cold transitions (96%) occur at 00:00, modal 00:00 (96%) -> expected operating context: score reflects a stale local baseline across the daily shutdown boundary, not a process failure | inside COLD/SHUTDOWN regime",0.9541,1.0,0.9598
1012,2020-02-04 00:00:00,2020-02-04 01:20:00,85.0,17,100.0,50.0,39.13,6,Cyclone_Inlet_Gas_Temp; Cyclone_Material_Temp; Cyclone_Outlet_Gas_draft; Cyclone_cone_draft; Cyclone_Gas_Outlet_Temp; Cyclone_Inlet_Draft,Cyclone_Inlet_Gas_Temp; Cyclone_Gas_Outlet_Temp,1,100.0,shutdown_transition,True,False,"expected shutdown: the unit sits in the HOT operating regime for >= 30 min before the transition, then 3 temperature channels drop across 500C TOGETHER in ONE 5-min sample with both rows valid and no data gap (e.g. Cyclone_Material_Temp 942 -> 31 C, 912C in 5 min), then >= 30 min in the COLD operating regime; recurring timing: 90 of 94 dataset-wide instantaneous hot->cold transitions (96%) occur at 00:00, modal 00:00 (96%) -> expected operating context: score reflects a stale local baseline across the daily shutdown boundary, not a process failure | inside COLD/SHUTDOWN regime",0.9516,1.0,0.9586
1013,2019-07-12 00:00:00,2019-07-12 01:20:00,85.0,17,100.0,50.0,38.75,6,Cyclone_Inlet_Gas_Temp; Cyclone_Material_Temp; Cyclone_Outlet_Gas_draft; Cyclone_cone_draft; Cyclone_Gas_Outlet_Temp; Cyclone_Inlet_Draft,Cyclone_Gas_Outlet_Temp; Cyclone_Material_Temp,1,100.0,shutdown_transition,True,False,"expected shutdown: the unit sits in the HOT operating regime for >= 30 min before the transition, then 3 temperature channels drop across 500C TOGETHER in ONE 5-min sample with both rows valid and no data gap (e.g. Cyclone_Material_Temp 959 -> 21 C, 938C in 5 min), then >= 30 min in the COLD operating regime; recurring timing: 90 of 94 dataset-wide instantaneous hot->cold transitions (96%) occur at 00:00, modal 00:00 (96%) -> expected operating context: score reflects a stale local baseline across the daily shutdown boundary, not a process failure | inside COLD/SHUTDOWN regime",0.9424,1.0,0.9539
1014,2018-08-07 00:00:00,2018-08-07 01:20:00,85.0,17,100.0,50.0,38.46,6,Cyclone_Inlet_Gas_Temp; Cyclone_Material_Temp; Cyclone_Outlet_Gas_draft; Cyclone_cone_draft; Cyclone_Gas_Outlet_Temp; Cyclone_Inlet_Draft,Cyclone_Gas_Outlet_Temp; Cyclone_Inlet_Gas_Temp,1,100.0,shutdown_transition,True,False,"expected shutdown: the unit sits in the HOT operating regime for >= 30 min before the transition, then 3 temperature channels drop across 500C TOGETHER in ONE 5-min sample with both rows valid and no data gap (e.g. Cyclone_Inlet_Gas_Temp 890 -> 34 C, 856C in 5 min), then >= 30 min in the COLD operating regime; recurring timing: 90 of 94 dataset-wide instantaneous hot->cold transitions (96%) occur at 00:00, modal 00:00 (96%) -> expected operating context: score reflects a stale local baseline across the daily shutdown boundary, not a process failure | inside COLD/SHUTDOWN regime",0.9353,1.0,0.9504
1015,2018-10-10 00:00:00,2018-10-10 01:20:00,85.0,17,100.0,50.0,38.22,6,Cyclone_Inlet_Gas_Temp; Cyclone_Material_Temp; Cyclone_Outlet_Gas_draft; Cyclone_cone_draft; Cyclone_Gas_Outlet_Temp; Cyclone_Inlet_Draft,Cyclone_Gas_Outlet_Temp; Cyclone_Outlet_Gas_draft,1,100.0,shutdown_transition,True,False,"expected shutdown: the unit sits in the HOT operating regime for >= 30 min before the transition, then 3 temperature channels drop across 500C TOGETHER in ONE 5-min sample with both rows valid and no data gap (e.g. Cyclone_Material_Temp 950 -> 31 C, 919C in 5 min), then >= 30 min in the COLD operating regime; recurring timing: 90 of 94 dataset-wide instantaneous hot->cold transitions (96%) occur at 00:00, modal 00:00 (96%) -> expected operating context: score reflects a stale local baseline across the daily shutdown boundary, not a process failure | inside COLD/SHUTDOWN regime",0.9295,1.0,0.9474
1016,2019-01-10 00:00:00,2019-01-10 01:20:00,85.0,17,100.0,50.0,37.33,6,Cyclone_Inlet_Gas_Temp; Cyclone_Material_Temp; Cyclone_Outlet_Gas_draft; Cyclone_cone_draft; Cyclone_Gas_Outlet_Temp; Cyclone_Inlet_Draft,Cyclone_Gas_Outlet_Temp; Cyclone_Material_Temp,1,100.0,shutdown_transition,True,False,"expected shutdown: the unit sits in the HOT operating regime for >= 30 min before the transition, then 3 temperature channels drop across 500C TOGETHER in ONE 5-min sample with both rows valid and no data gap (e.g. Cyclone_Material_Temp 885 -> 0 C, 885C in 5 min), then >= 30 min in the COLD operating regime; recurring timing: 90 of 94 dataset-wide instantaneous hot->cold transitions (96%) occur at 00:00, modal 00:00 (96%) -> expected operating context: score reflects a stale local baseline across the daily shutdown boundary, not a process failure | inside COLD/SHUTDOWN regime",0.9079,1.0,0.9365
1017,2018-01-09 00:00:00,2018-01-09 01:20:00,85.0,17,100.0,50.0,37.08,6,Cyclone_Inlet_Gas_Temp; Cyclone_Material_Temp; Cyclone_Outlet_Gas_draft; Cyclone_cone_draft; Cyclone_Gas_Outlet_Temp; Cyclone_Inlet_Draft,Cyclone_Gas_Outlet_Temp; Cyclone_Material_Temp,1,100.0,shutdown_transition,True,False,"expected shutdown: the unit sits in the HOT operating regime for >= 30 min before the transition, then 3 temperature channels drop across 500C TOGETHER in ONE 5-min sample with both rows valid and no data gap (e.g. Cyclone_Material_Temp 947 -> 30 C, 917C in 5 min), then >= 30 min in the COLD operating regime; recurring timing: 90 of 94 dataset-wide instantaneous hot->cold transitions (96%) occur at 00:00, modal 00:00 (96%) -> expected operating context: score reflects a stale local baseline across the daily shutdown boundary, not a process failure | inside COLD/SHUTDOWN regime",0.9018,1.0,0.9335
1018,2018-03-04 00:00:00,2018-03-04 01:20:00,85.0,17,100.0,50.0,36.5,6,Cyclone_Inlet_Gas_Temp; Cyclone_Material_Temp; Cyclone_Outlet_Gas_draft; Cyclone_cone_draft; Cyclone_Gas_Outlet_Temp; Cyclone_Inlet_Draft,Cyclone_Outlet_Gas_draft; Cyclone_Inlet_Draft,1,100.0,shutdown_transition,True,False,"expected shutdown: the unit sits in the HOT operating regime for >= 30 min before the transition, then 3 temperature channels drop across 500C TOGETHER in ONE 5-min sample with both rows valid and no data gap (e.g. Cyclone_Material_Temp 954 -> 50 C, 904C in 5 min), then >= 30 min in the COLD operating regime; recurring timing: 90 of 94 dataset-wide instantaneous hot->cold transitions (96%) occur at 00:00, modal 00:00 (96%) -> expected operating context: score reflects a stale local baseline across the daily shutdown boundary, not a process failure | inside COLD/SHUTDOWN regime",0.8877,1.0,0.9264
1019,2017-03-10 00:00:00,2017-03-10 01:20:00,85.0,17,100.0,46.57,36.45,6,Cyclone_Inlet_Gas_Temp; Cyclone_Material_Temp; Cyclone_Outlet_Gas_draft; Cyclone_cone_draft; Cyclone_Gas_Outlet_Temp; Cyclone_Inlet_Draft,Cyclone_Inlet_Gas_Temp; Cyclone_Gas_Outlet_Temp,1,100.0,shutdown_transition,True,False,"expected shutdown: the unit sits in the HOT operating regime for >= 30 min before the transition, then 3 temperature channels drop across 500C TOGETHER in ONE 5-min sample with both rows valid and no data gap (e.g. Cyclone_Material_Temp 896 -> 0 C, 896C in 5 min), then >= 30 min in the COLD operating regime; recurring timing: 90 of 94 dataset-wide instantaneous hot->cold transitions (96%) occur at 00:00, modal 00:00 (96%) -> expected operating context: score reflects a stale local baseline across the daily shutdown boundary, not a process failure | inside COLD/SHUTDOWN regime",0.8865,1.0,0.9258
1020,2017-11-09 22:35:00,2017-11-10 01:20:00,170.0,34,88.2,50.0,34.58,6,Cyclone_Inlet_Gas_Temp; Cyclone_Material_Temp; Cyclone_Outlet_Gas_draft; Cyclone_cone_draft; Cyclone_Gas_Outlet_Temp; Cyclone_Inlet_Draft,Cyclone_Gas_Outlet_Temp; Cyclone_Inlet_Gas_Temp,0,100.0,shutdown_transition,False,False,"expected shutdown: the unit sits in the HOT operating regime for >= 30 min before the transition, then 2 temperature channels drop across 500C TOGETHER in ONE 5-min sample with both rows valid and no data gap (e.g. Cyclone_Inlet_Gas_Temp 875 -> 33 C, 843C in 5 min), then >= 30 min in the COLD operating regime; recurring timing: 90 of 94 dataset-wide instantaneous hot->cold transitions (96%) occur at 00:00, modal 00:00 (96%); period onset precedes the transition by 85 min -> expected operating context: score reflects a stale local baseline across the daily shutdown boundary, not a process failure",0.841,1.0,0.9118
1021,2019-05-12 00:00:00,2019-05-12 01:20:00,85.0,17,100.0,41.94,35.11,6,Cyclone_Inlet_Gas_Temp; Cyclone_Material_Temp; Cyclone_Outlet_Gas_draft; Cyclone_cone_draft; Cyclone_Gas_Outlet_Temp; Cyclone_Inlet_Draft,Cyclone_Gas_Outlet_Temp; Cyclone_Inlet_Gas_Temp,1,100.0,shutdown_transition,True,False,"expected shutdown: the unit sits in the HOT operating regime for >= 30 min before the transition, then 3 temperature channels drop across 500C TOGETHER in ONE 5-min sample with both rows valid and no data gap (e.g. Cyclone_Material_Temp 841 -> 24 C, 817C in 5 min), then >= 30 min in the COLD operating regime; recurring timing: 90 of 94 dataset-wide instantaneous hot->cold transitions (96%) occur at 00:00, modal 00:00 (96%) -> expected operating context: score reflects a stale local baseline across the daily shutdown boundary, not a process failure | inside COLD/SHUTDOWN regime",0.8539,1.0,0.9093
1022,2018-05-10 00:00:00,2018-05-10 01:20:00,85.0,17,100.0,46.64,34.37,6,Cyclone_Inlet_Gas_Temp; Cyclone_Material_Temp; Cyclone_Outlet_Gas_draft; Cyclone_cone_draft; Cyclone_Gas_Outlet_Temp; Cyclone_Inlet_Draft,Cyclone_Gas_Outlet_Temp; Cyclone_Inlet_Gas_Temp,1,100.0,shutdown_transition,True,False,"expected shutdown: the unit sits in the HOT operating regime for >= 30 min before the transition, then 3 temperature channels drop across 500C TOGETHER in ONE 5-min sample with both rows valid and no data gap (e.g. Cyclone_Material_Temp 937 -> 31 C, 906C in 5 min), then >= 30 min in the COLD operating regime; recurring timing: 90 of 94 dataset-wide instantaneous hot->cold transitions (96%) occur at 00:00, modal 00:00 (96%) -> expected operating context: score reflects a stale local baseline across the daily shutdown boundary, not a process failure | inside COLD/SHUTDOWN regime",0.8359,1.0,0.9003
1023,2019-03-12 00:00:00,2019-03-12 01:20:00,85.0,17,100.0,50.0,37.3,5,Cyclone_Inlet_Gas_Temp; Cyclone_Material_Temp; Cyclone_Outlet_Gas_draft; Cyclone_Gas_Outlet_Temp; Cyclone_Inlet_Draft,Cyclone_Gas_Outlet_Temp; Cyclone_Inlet_Gas_Temp,1,100.0,shutdown_transition,True,False,"expected shutdown: the unit sits in the HOT operating regime for >= 30 min before the transition, then 3 temperature channels drop across 500C TOGETHER in ONE 5-min sample with both rows valid and no data gap (e.g. Cyclone_Material_Temp 917 -> 25 C, 892C in 5 min), then >= 30 min in the COLD operating regime; recurring timing: 90 of 94 dataset-wide instantaneous hot->cold transitions (96%) occur at 00:00, modal 00:00 (96%) -> expected operating context: score reflects a stale local baseline across the daily shutdown boundary, not a process failure | inside COLD/SHUTDOWN regime",0.9071,0.8333,0.8989
1024,2018-04-11 00:00:00,2018-04-12 01:20:00,1525.0,305,100.0,50.0,38.68,2,Cyclone_Inlet_Gas_Temp; Cyclone_Gas_Outlet_Temp,Cyclone_Inlet_Gas_Temp; Cyclone_Gas_Outlet_Temp,0,99.9,startup_context,False,True,"expected startup: the unit sits in the COLD operating regime for >= 30 min before the transition, then 3 temperature channels cross 500C TOGETHER in ONE 5-min sample with both rows valid and no data gap (e.g. Cyclone_Material_Temp 31 -> 1139 C, 1109C in 5 min - far beyond preheater thermal-mass limits), then >= 30 min in the HOT operating regime; recurring timing: 90 of 95 dataset-wide instantaneous cold->hot transitions (95%) occur at 00:00, modal 00:00 (95%) -> expected operating context: score reflects a stale local baseline across the daily startup state change, not a process failure",0.9407,0.3333,0.8966
1025,2019-02-12 00:00:00,2019-02-12 01:20:00,85.0,17,100.0,46.01,33.28,6,Cyclone_Inlet_Gas_Temp; Cyclone_Material_Temp; Cyclone_Outlet_Gas_draft; Cyclone_cone_draft; Cyclone_Gas_Outlet_Temp; Cyclone_Inlet_Draft,Cyclone_Inlet_Gas_Temp; Cyclone_Gas_Outlet_Temp,1,100.0,shutdown_transition,True,False,"expected shutdown: the unit sits in the HOT operating regime for >= 30 min before the transition, then 3 temperature channels drop across 500C TOGETHER in ONE 5-min sample with both rows valid and no data gap (e.g. Cyclone_Material_Temp 968 -> 30 C, 938C in 5 min), then >= 30 min in the COLD operating regime; recurring timing: 90 of 94 dataset-wide instantaneous hot->cold transitions (96%) occur at 00:00, modal 00:00 (96%) -> expected operating context: score reflects a stale local baseline across the daily shutdown boundary, not a process failure | inside COLD/SHUTDOWN regime",0.8094,1.0,0.8869
1026,2019-09-12 00:00:00,2019-09-12 01:20:00,85.0,17,100.0,48.47,33.08,6,Cyclone_Inlet_Gas_Temp; Cyclone_Material_Temp; Cyclone_Outlet_Gas_draft; Cyclone_cone_draft; Cyclone_Gas_Outlet_Temp; Cyclone_Inlet_Draft,Cyclone_Outlet_Gas_draft; Cyclone_cone_draft,1,100.0,shutdown_transition,True,False,"expected shutdown: the unit sits in the HOT operating regime for >= 30 min before the transition, then 3 temperature channels drop across 500C TOGETHER in ONE 5-min sample with both rows valid and no data gap (e.g. Cyclone_Material_Temp 937 -> 20 C, 917C in 5 min), then >= 30 min in the COLD operating regime; recurring timing: 90 of 94 dataset-wide instantaneous hot->cold transitions (96%) occur at 00:00, modal 00:00 (96%) -> expected operating context: score reflects a stale local baseline across the daily shutdown boundary, not a process failure | inside COLD/SHUTDOWN regime",0.8045,1.0,0.8845
1027,2019-04-08 00:00:00,2019-04-08 01:20:00,85.0,17,100.0,46.28,32.98,6,Cyclone_Inlet_Gas_Temp; Cyclone_Material_Temp; Cyclone_Outlet_Gas_draft; Cyclone_cone_draft; Cyclone_Gas_Outlet_Temp; Cyclone_Inlet_Draft,Cyclone_Inlet_Gas_Temp; Cyclone_Gas_Outlet_Temp,1,100.0,shutdown_transition,True,False,"expected shutdown: the unit sits in the HOT operating regime for >= 30 min before the transition, then 3 temperature channels drop across 500C TOGETHER in ONE 5-min sample with both rows valid and no data gap (e.g. Cyclone_Gas_Outlet_Temp 895 -> 38 C, 856C in 5 min), then >= 30 min in the COLD operating regime; recurring timing: 90 of 94 dataset-wide instantaneous hot->cold transitions (96%) occur at 00:00, modal 00:00 (96%) -> expected operating context: score reflects a stale local baseline across the daily shutdown boundary, not a process failure | inside COLD/SHUTDOWN regime",0.8021,1.0,0.8833
1028,2019-04-12 00:00:00,2019-04-12 01:20:00,85.0,17,100.0,48.7,32.83,6,Cyclone_Inlet_Gas_Temp; Cyclone_Material_Temp; Cyclone_Outlet_Gas_draft; Cyclone_cone_draft; Cyclone_Gas_Outlet_Temp; Cyclone_Inlet_Draft,Cyclone_Inlet_Gas_Temp; Cyclone_Material_Temp,1,100.0,shutdown_transition,True,False,"expected shutdown: the unit sits in the HOT operating regime for >= 30 min before the transition, then 3 temperature channels drop across 500C TOGETHER in ONE 5-min sample with both rows valid and no data gap (e.g. Cyclone_Material_Temp 927 -> 24 C, 903C in 5 min), then >= 30 min in the COLD operating regime; recurring timing: 90 of 94 dataset-wide instantaneous hot->cold transitions (96%) occur at 00:00, modal 00:00 (96%) -> expected operating context: score reflects a stale local baseline across the daily shutdown boundary, not a process failure | inside COLD/SHUTDOWN regime",0.7984,1.0,0.8814
1029,2017-02-12 00:00:00,2017-02-12 01:20:00,85.0,17,100.0,44.44,32.48,6,Cyclone_Inlet_Gas_Temp; Cyclone_Material_Temp; Cyclone_Outlet_Gas_draft; Cyclone_cone_draft; Cyclone_Gas_Outlet_Temp; Cyclone_Inlet_Draft,Cyclone_Outlet_Gas_draft; Cyclone_Inlet_Draft,1,100.0,shutdown_transition,True,False,"expected shutdown: the unit sits in the HOT operating regime for >= 30 min before the transition, then 3 temperature channels drop across 500C TOGETHER in ONE 5-min sample with both rows valid and no data gap (e.g. Cyclone_Material_Temp 956 -> 29 C, 927C in 5 min), then >= 30 min in the COLD operating regime; recurring timing: 90 of 94 dataset-wide instantaneous hot->cold transitions (96%) occur at 00:00, modal 00:00 (96%) -> expected operating context: score reflects a stale local baseline across the daily shutdown boundary, not a process failure | inside COLD/SHUTDOWN regime",0.7899,1.0,0.8771
1030,2019-06-08 00:00:00,2019-06-08 01:20:00,85.0,17,100.0,48.61,32.21,6,Cyclone_Inlet_Gas_Temp; Cyclone_Material_Temp; Cyclone_Outlet_Gas_draft; Cyclone_cone_draft; Cyclone_Gas_Outlet_Temp; Cyclone_Inlet_Draft,Cyclone_Inlet_Gas_Temp; Cyclone_Outlet_Gas_draft,1,100.0,shutdown_transition,True,False,"expected shutdown: the unit sits in the HOT operating regime for >= 30 min before the transition, then 3 temperature channels drop across 500C TOGETHER in ONE 5-min sample with both rows valid and no data gap (e.g. Cyclone_Gas_Outlet_Temp 909 -> 32 C, 877C in 5 min), then >= 30 min in the COLD operating regime; recurring timing: 90 of 94 dataset-wide instantaneous hot->cold transitions (96%) occur at 00:00, modal 00:00 (96%) -> expected operating context: score reflects a stale local baseline across the daily shutdown boundary, not a process failure | inside COLD/SHUTDOWN regime",0.7833,1.0,0.8738
1031,2018-02-09 00:00:00,2018-02-10 00:05:00,1450.0,290,99.7,50.0,33.54,3,Cyclone_Inlet_Gas_Temp; Cyclone_Material_Temp; Cyclone_Gas_Outlet_Temp,Cyclone_Inlet_Gas_Temp; Cyclone_Gas_Outlet_Temp,1,100.0,shutdown_transition,True,False,"expected shutdown: the unit sits in the HOT operating regime for >= 30 min before the transition, then 3 temperature channels drop across 500C TOGETHER in ONE 5-min sample with both rows valid and no data gap (e.g. Cyclone_Material_Temp 975 -> 38 C, 937C in 5 min), then >= 30 min in the COLD operating regime; recurring timing: 90 of 94 dataset-wide instantaneous hot->cold transitions (96%) occur at 00:00, modal 00:00 (96%) -> expected operating context: score reflects a stale local baseline across the daily shutdown boundary, not a process failure | inside COLD/SHUTDOWN regime",0.8157,0.5,0.869
1032,2019-04-10 00:00:00,2019-04-10 01:50:00,115.0,23,91.3,50.0,31.42,6,Cyclone_Inlet_Gas_Temp; Cyclone_Material_Temp; Cyclone_Outlet_Gas_draft; Cyclone_cone_draft; Cyclone_Gas_Outlet_Temp; Cyclone_Inlet_Draft,Cyclone_Gas_Outlet_Temp; Cyclone_Material_Temp,1,100.0,shutdown_transition,True,False,"expected shutdown: the unit sits in the HOT operating regime for >= 30 min before the transition, then 2 temperature channels drop across 500C TOGETHER in ONE 5-min sample with both rows valid and no data gap (e.g. Cyclone_Gas_Outlet_Temp 909 -> 29 C, 880C in 5 min), then >= 30 min in the COLD operating regime; recurring timing: 90 of 94 dataset-wide instantaneous hot->cold transitions (96%) occur at 00:00, modal 00:00 (96%) -> expected operating context: score reflects a stale local baseline across the daily shutdown boundary, not a process failure | inside COLD/SHUTDOWN regime",0.7641,1.0,0.8641
1033,2019-06-12 00:00:00,2019-06-12 01:20:00,85.0,17,100.0,44.39,30.42,6,Cyclone_Inlet_Gas_Temp; Cyclone_Material_Temp; Cyclone_Outlet_Gas_draft; Cyclone_cone_draft; Cyclone_Gas_Outlet_Temp; Cyclone_Inlet_Draft,Cyclone_Inlet_Gas_Temp; Cyclone_Gas_Outlet_Temp,1,100.0,shutdown_transition,True,False,"expected shutdown: the unit sits in the HOT operating regime for >= 30 min before the transition, then 3 temperature channels drop across 500C TOGETHER in ONE 5-min sample with both rows valid and no data gap (e.g. Cyclone_Material_Temp 922 -> 23 C, 899C in 5 min), then >= 30 min in the COLD operating regime; recurring timing: 90 of 94 dataset-wide instantaneous hot->cold transitions (96%) occur at 00:00, modal 00:00 (96%) -> expected operating context: score reflects a stale local baseline across the daily shutdown boundary, not a process failure | inside COLD/SHUTDOWN regime",0.7398,1.0,0.8519
1034,2019-10-08 00:00:00,2019-10-08 01:20:00,85.0,17,100.0,43.5,30.4,6,Cyclone_Inlet_Gas_Temp; Cyclone_Material_Temp; Cyclone_Outlet_Gas_draft; Cyclone_cone_draft; Cyclone_Gas_Outlet_Temp; Cyclone_Inlet_Draft,Cyclone_Inlet_Gas_Temp; Cyclone_Gas_Outlet_Temp,1,100.0,shutdown_transition,True,False,"expected shutdown: the unit sits in the HOT operating regime for >= 30 min before the transition, then 3 temperature channels drop across 500C TOGETHER in ONE 5-min sample with both rows valid and no data gap (e.g. Cyclone_Gas_Outlet_Temp 889 -> 30 C, 859C in 5 min), then >= 30 min in the COLD operating regime; recurring timing: 90 of 94 dataset-wide instantaneous hot->cold transitions (96%) occur at 00:00, modal 00:00 (96%) -> expected operating context: score reflects a stale local baseline across the daily shutdown boundary, not a process failure | inside COLD/SHUTDOWN regime",0.7393,1.0,0.8517
1035,2019-11-03 00:00:00,2019-11-03 01:20:00,85.0,17,100.0,49.27,39.23,3,Cyclone_Inlet_Gas_Temp; Cyclone_Material_Temp; Cyclone_Gas_Outlet_Temp,Cyclone_Gas_Outlet_Temp; Cyclone_Inlet_Gas_Temp,1,99.9,shutdown_transition,True,False,"expected shutdown: the unit sits in the HOT operating regime for >= 30 min before the transition, then 3 temperature channels drop across 500C TOGETHER in ONE 5-min sample with both rows valid and no data gap (e.g. Cyclone_Material_Temp 985 -> 29 C, 956C in 5 min), then >= 30 min in the COLD operating regime; recurring timing: 90 of 94 dataset-wide instantaneous hot->cold transitions (96%) occur at 00:00, modal 00:00 (96%) -> expected operating context: score reflects a stale local baseline across the daily shutdown boundary, not a process failure | inside COLD/SHUTDOWN regime",0.9541,0.5,0.8479
1036,2019-11-05 00:00:00,2019-11-05 01:20:00,85.0,17,100.0,36.36,28.54,6,Cyclone_Inlet_Gas_Temp; Cyclone_Material_Temp; Cyclone_Outlet_Gas_draft; Cyclone_cone_draft; Cyclone_Gas_Outlet_Temp; Cyclone_Inlet_Draft,Cyclone_Inlet_Gas_Temp; Cyclone_Gas_Outlet_Temp,1,100.0,shutdown_transition,True,False,"expected shutdown: the unit sits in the HOT operating regime for >= 30 min before the transition, then 3 temperature channels drop across 500C TOGETHER in ONE 5-min sample with both rows valid and no data gap (e.g. Cyclone_Material_Temp 931 -> 32 C, 898C in 5 min), then >= 30 min in the COLD operating regime; recurring timing: 90 of 94 dataset-wide instantaneous hot->cold transitions (96%) occur at 00:00, modal 00:00 (96%) -> expected operating context: score reflects a stale local baseline across the daily shutdown boundary, not a process failure | inside COLD/SHUTDOWN regime",0.6941,1.0,0.8289
1037,2019-09-05 00:00:00,2019-09-05 01:20:00,85.0,17,100.0,35.22,28.44,6,Cyclone_Inlet_Gas_Temp; Cyclone_Material_Temp; Cyclone_Outlet_Gas_draft; Cyclone_cone_draft; Cyclone_Gas_Outlet_Temp; Cyclone_Inlet_Draft,Cyclone_Inlet_Gas_Temp; Cyclone_Gas_Outlet_Temp,1,100.0,shutdown_transition,True,False,"expected shutdown: the unit sits in the HOT operating regime for >= 30 min before the transition, then 3 temperature channels drop across 500C TOGETHER in ONE 5-min sample with both rows valid and no data gap (e.g. Cyclone_Material_Temp 906 -> 36 C, 870C in 5 min), then >= 30 min in the COLD operating regime; recurring timing: 90 of 94 dataset-wide instantaneous hot->cold transitions (96%) occur at 00:00, modal 00:00 (96%) -> expected operating context: score reflects a stale local baseline across the daily shutdown boundary, not a process failure | inside COLD/SHUTDOWN regime",0.6917,1.0,0.8277
1038,2018-04-10 00:00:00,2018-04-10 01:20:00,85.0,17,100.0,40.84,28.11,6,Cyclone_Inlet_Gas_Temp; Cyclone_Material_Temp; Cyclone_Outlet_Gas_draft; Cyclone_cone_draft; Cyclone_Gas_Outlet_Temp; Cyclone_Inlet_Draft,Cyclone_Inlet_Gas_Temp; Cyclone_Gas_Outlet_Temp,1,100.0,shutdown_transition,True,False,"expected shutdown: the unit sits in the HOT operating regime for >= 30 min before the transition, then 3 temperature channels drop across 500C TOGETHER in ONE 5-min sample with both rows valid and no data gap (e.g. Cyclone_Material_Temp 948 -> 31 C, 917C in 5 min), then >= 30 min in the COLD operating regime; recurring timing: 90 of 94 dataset-wide instantaneous hot->cold transitions (96%) occur at 00:00, modal 00:00 (96%) -> expected operating context: score reflects a stale local baseline across the daily shutdown boundary, not a process failure | inside COLD/SHUTDOWN regime",0.6836,1.0,0.8236
1039,2019-10-12 00:00:00,2019-10-12 01:20:00,85.0,17,100.0,38.01,27.32,6,Cyclone_Inlet_Gas_Temp; Cyclone_Material_Temp; Cyclone_Outlet_Gas_draft; Cyclone_cone_draft; Cyclone_Gas_Outlet_Temp; Cyclone_Inlet_Draft,Cyclone_Gas_Outlet_Temp; Cyclone_Inlet_Gas_Temp,1,100.0,shutdown_transition,True,False,"expected shutdown: the unit sits in the HOT operating regime for >= 30 min before the transition, then 3 temperature channels drop across 500C TOGETHER in ONE 5-min sample with both rows valid and no data gap (e.g. Cyclone_Material_Temp 931 -> 21 C, 910C in 5 min), then >= 30 min in the COLD operating regime; recurring timing: 90 of 94 dataset-wide instantaneous hot->cold transitions (96%) occur at 00:00, modal 00:00 (96%) -> expected operating context: score reflects a stale local baseline across the daily shutdown boundary, not a process failure | inside COLD/SHUTDOWN regime",0.6644,1.0,0.8139
1040,2017-02-10 00:00:00,2017-02-10 12:45:00,770.0,154,97.4,50.0,36.55,1,Cyclone_Material_Temp,Cyclone_Material_Temp; Cyclone_Inlet_Gas_Temp,1,100.0,shutdown_transition,True,False,"expected shutdown: the unit sits in the HOT operating regime for >= 30 min before the transition, then 2 temperature channels drop across 500C TOGETHER in ONE 5-min sample with both rows valid and no data gap (e.g. Cyclone_Inlet_Gas_Temp 884 -> 34 C, 850C in 5 min), then >= 30 min in the COLD operating regime; recurring timing: 90 of 94 dataset-wide instantaneous hot->cold transitions (96%) occur at 00:00, modal 00:00 (96%) -> expected operating context: score reflects a stale local baseline across the daily shutdown boundary, not a process failure | inside COLD/SHUTDOWN regime",0.8889,0.1667,0.8083
1041,2019-03-08 00:00:00,2019-03-08 02:20:00,145.0,29,89.7,50.0,26.12,6,Cyclone_Inlet_Gas_Temp; Cyclone_Material_Temp; Cyclone_Outlet_Gas_draft; Cyclone_cone_draft; Cyclone_Gas_Outlet_Temp; Cyclone_Inlet_Draft,Cyclone_Gas_Outlet_Temp; Cyclone_Inlet_Gas_Temp,1,100.0,shutdown_transition,True,False,"expected shutdown: the unit sits in the HOT operating regime for >= 30 min before the transition, then 3 temperature channels drop across 500C TOGETHER in ONE 5-min sample with both rows valid and no data gap (e.g. Cyclone_Material_Temp 941 -> 60 C, 881C in 5 min), then >= 30 min in the COLD operating regime; recurring timing: 90 of 94 dataset-wide instantaneous hot->cold transitions (96%) occur at 00:00, modal 00:00 (96%) -> expected operating context: score reflects a stale local baseline across the daily shutdown boundary, not a process failure | inside COLD/SHUTDOWN regime",0.6352,1.0,0.8048
1042,2019-10-05 00:00:00,2019-10-05 01:20:00,85.0,17,100.0,39.27,26.37,6,Cyclone_Inlet_Gas_Temp; Cyclone_Material_Temp; Cyclone_Outlet_Gas_draft; Cyclone_cone_draft; Cyclone_Gas_Outlet_Temp; Cyclone_Inlet_Draft,Cyclone_Outlet_Gas_draft; Cyclone_Inlet_Draft,1,100.0,shutdown_transition,True,False,"expected shutdown: the unit sits in the HOT operating regime for >= 30 min before the transition, then 3 temperature channels drop across 500C TOGETHER in ONE 5-min sample with both rows valid and no data gap (e.g. Cyclone_Gas_Outlet_Temp 978 -> 37 C, 941C in 5 min), then >= 30 min in the COLD operating regime; recurring timing: 90 of 94 dataset-wide instantaneous hot->cold transitions (96%) occur at 00:00, modal 00:00 (96%) -> expected operating context: score reflects a stale local baseline across the daily shutdown boundary, not a process failure | inside COLD/SHUTDOWN regime",0.6413,1.0,0.8023
1043,2019-08-12 00:00:00,2019-08-12 01:20:00,85.0,17,100.0,32.41,30.78,4,Cyclone_Inlet_Gas_Temp; Cyclone_Material_Temp; Cyclone_Gas_Outlet_Temp; Cyclone_Inlet_Draft,Cyclone_Inlet_Gas_Temp; Cyclone_Gas_Outlet_Temp,1,99.9,shutdown_transition,True,False,"expected shutdown: the unit sits in the HOT operating regime for >= 30 min before the transition, then 3 temperature channels drop across 500C TOGETHER in ONE 5-min sample with both rows valid and no data gap (e.g. Cyclone_Material_Temp 909 -> 20 C, 889C in 5 min), then >= 30 min in the COLD operating regime; recurring timing: 90 of 94 dataset-wide instantaneous hot->cold transitions (96%) occur at 00:00, modal 00:00 (96%) -> expected operating context: score reflects a stale local baseline across the daily shutdown boundary, not a process failure | inside COLD/SHUTDOWN regime",0.7486,0.6667,0.7817
1044,2019-06-05 00:00:00,2019-06-05 01:40:00,105.0,21,100.0,35.42,21.61,6,Cyclone_Inlet_Gas_Temp; Cyclone_Material_Temp; Cyclone_Outlet_Gas_draft; Cyclone_cone_draft; Cyclone_Gas_Outlet_Temp; Cyclone_Inlet_Draft,Cyclone_Gas_Outlet_Temp; Cyclone_Material_Temp,1,99.9,shutdown_transition,True,False,"expected shutdown: the unit sits in the HOT operating regime for >= 30 min before the transition, then 3 temperature channels drop across 500C TOGETHER in ONE 5-min sample with both rows valid and no data gap (e.g. Cyclone_Material_Temp 986 -> 56 C, 931C in 5 min), then >= 30 min in the COLD operating regime; recurring timing: 90 of 94 dataset-wide instantaneous hot->cold transitions (96%) occur at 00:00, modal 00:00 (96%) -> expected operating context: score reflects a stale local baseline across the daily shutdown boundary, not a process failure | inside COLD/SHUTDOWN regime",0.5256,1.0,0.7508
1045,2018-04-30 22:20:00,2018-05-01 01:20:00,185.0,37,100.0,50.0,31.97,2,Cyclone_Inlet_Gas_Temp; Cyclone_Gas_Outlet_Temp,Cyclone_Inlet_Gas_Temp; Cyclone_Gas_Outlet_Temp,1,99.9,startup_context,True,True,"expected startup: the unit sits in the COLD operating regime for >= 30 min before the transition, then 2 temperature channels cross 500C TOGETHER in ONE 5-min sample with both rows valid and no data gap (e.g. Cyclone_Material_Temp 36 -> 902 C, 866C in 5 min - far beyond preheater thermal-mass limits), then >= 30 min in the HOT operating regime; recurring timing: 90 of 95 dataset-wide instantaneous cold->hot transitions (95%) occur at 00:00, modal 00:00 (95%); period onset precedes the transition by 100 min -> expected operating context: score reflects a stale local baseline across the daily startup state change, not a process failure | inside COLD/SHUTDOWN regime",0.7775,0.3333,0.7466
1046,2017-09-10 00:00:00,2017-09-10 01:40:00,105.0,21,100.0,39.29,21.26,6,Cyclone_Inlet_Gas_Temp; Cyclone_Material_Temp; Cyclone_Outlet_Gas_draft; Cyclone_cone_draft; Cyclone_Gas_Outlet_Temp; Cyclone_Inlet_Draft,Cyclone_Inlet_Gas_Temp; Cyclone_Inlet_Draft,1,100.0,shutdown_transition,True,False,"expected shutdown: the unit sits in the HOT operating regime for >= 30 min before the transition, then 3 temperature channels drop across 500C TOGETHER in ONE 5-min sample with both rows valid and no data gap (e.g. Cyclone_Material_Temp 856 -> 0 C, 856C in 5 min), then >= 30 min in the COLD operating regime; recurring timing: 90 of 94 dataset-wide instantaneous hot->cold transitions (96%) occur at 00:00, modal 00:00 (96%) -> expected operating context: score reflects a stale local baseline across the daily shutdown boundary, not a process failure | inside COLD/SHUTDOWN regime",0.517,1.0,0.7465
1047,2019-12-05 00:00:00,2019-12-05 01:20:00,85.0,17,100.0,32.43,21.74,6,Cyclone_Inlet_Gas_Temp; Cyclone_Material_Temp; Cyclone_Outlet_Gas_draft; Cyclone_cone_draft; Cyclone_Gas_Outlet_Temp; Cyclone_Inlet_Draft,Cyclone_Inlet_Gas_Temp; Cyclone_Gas_Outlet_Temp,1,100.0,shutdown_transition,True,False,"expected shutdown: the unit sits in the HOT operating regime for >= 30 min before the transition, then 3 temperature channels drop across 500C TOGETHER in ONE 5-min sample with both rows valid and no data gap (e.g. Cyclone_Material_Temp 895 -> 33 C, 862C in 5 min), then >= 30 min in the COLD operating regime; recurring timing: 90 of 94 dataset-wide instantaneous hot->cold transitions (96%) occur at 00:00, modal 00:00 (96%) -> expected operating context: score reflects a stale local baseline across the daily shutdown boundary, not a process failure | inside COLD/SHUTDOWN regime",0.5287,1.0,0.7456
1048,2019-08-08 00:00:00,2019-08-08 01:20:00,85.0,17,100.0,29.74,20.97,6,Cyclone_Inlet_Gas_Temp; Cyclone_Material_Temp; Cyclone_Outlet_Gas_draft; Cyclone_cone_draft; Cyclone_Gas_Outlet_Temp; Cyclone_Inlet_Draft,Cyclone_Outlet_Gas_draft; Cyclone_Gas_Outlet_Temp,1,100.0,shutdown_transition,True,False,"expected shutdown: the unit sits in the HOT operating regime for >= 30 min before the transition, then 3 temperature channels drop across 500C TOGETHER in ONE 5-min sample with both rows valid and no data gap (e.g. Cyclone_Gas_Outlet_Temp 914 -> 30 C, 883C in 5 min), then >= 30 min in the COLD operating regime; recurring timing: 90 of 94 dataset-wide instantaneous hot->cold transitions (96%) occur at 00:00, modal 00:00 (96%) -> expected operating context: score reflects a stale local baseline across the daily shutdown boundary, not a process failure | inside COLD/SHUTDOWN regime",0.51,1.0,0.7362
1049,2019-08-05 00:00:00,2019-08-05 01:20:00,85.0,17,100.0,35.42,18.61,6,Cyclone_Inlet_Gas_Temp; Cyclone_Material_Temp; Cyclone_Outlet_Gas_draft; Cyclone_cone_draft; Cyclone_Gas_Outlet_Temp; Cyclone_Inlet_Draft,Cyclone_Gas_Outlet_Temp; Cyclone_Outlet_Gas_draft,1,100.0,shutdown_transition,True,False,"expected shutdown: the unit sits in the HOT operating regime for >= 30 min before the transition, then 3 temperature channels drop across 500C TOGETHER in ONE 5-min sample with both rows valid and no data gap (e.g. Cyclone_Material_Temp 981 -> 35 C, 946C in 5 min), then >= 30 min in the COLD operating regime; recurring timing: 90 of 94 dataset-wide instantaneous hot->cold transitions (96%) occur at 00:00, modal 00:00 (96%) -> expected operating context: score reflects a stale local baseline across the daily shutdown boundary, not a process failure | inside COLD/SHUTDOWN regime",0.4526,1.0,0.7073
1050,2018-07-07 00:00:00,2018-07-07 01:20:00,85.0,17,100.0,19.11,14.87,6,Cyclone_Inlet_Gas_Temp; Cyclone_Material_Temp; Cyclone_Outlet_Gas_draft; Cyclone_cone_draft; Cyclone_Gas_Outlet_Temp; Cyclone_Inlet_Draft,Cyclone_Inlet_Gas_Temp; Cyclone_Gas_Outlet_Temp,1,99.9,shutdown_transition,True,False,"expected shutdown: the unit sits in the HOT operating regime for >= 30 min before the transition, then 3 temperature channels drop across 500C TOGETHER in ONE 5-min sample with both rows valid and no data gap (e.g. Cyclone_Material_Temp 932 -> 47 C, 885C in 5 min), then >= 30 min in the COLD operating regime; recurring timing: 90 of 94 dataset-wide instantaneous hot->cold transitions (96%) occur at 00:00, modal 00:00 (96%) -> expected operating context: score reflects a stale local baseline across the daily shutdown boundary, not a process failure | inside COLD/SHUTDOWN regime",0.3616,1.0,0.6615
1051,2019-07-05 00:00:00,2019-07-05 01:20:00,85.0,17,100.0,16.37,12.44,6,Cyclone_Inlet_Gas_Temp; Cyclone_Material_Temp; Cyclone_Outlet_Gas_draft; Cyclone_cone_draft; Cyclone_Gas_Outlet_Temp; Cyclone_Inlet_Draft,Cyclone_Material_Temp; Cyclone_Gas_Outlet_Temp,1,99.9,shutdown_transition,True,False,"expected shutdown: the unit sits in the HOT operating regime for >= 30 min before the transition, then 3 temperature channels drop across 500C TOGETHER in ONE 5-min sample with both rows valid and no data gap (e.g. Cyclone_Inlet_Gas_Temp 916 -> 46 C, 870C in 5 min), then >= 30 min in the COLD operating regime; recurring timing: 90 of 94 dataset-wide instantaneous hot->cold transitions (96%) occur at 00:00, modal 00:00 (96%) -> expected operating context: score reflects a stale local baseline across the daily shutdown boundary, not a process failure | inside COLD/SHUTDOWN regime",0.3025,1.0,0.6317
1052,2018-10-13 00:00:00,2018-10-13 01:20:00,85.0,17,100.0,25.97,21.27,3,Cyclone_Inlet_Gas_Temp; Cyclone_Material_Temp; Cyclone_Gas_Outlet_Temp,Cyclone_Gas_Outlet_Temp; Cyclone_Inlet_Gas_Temp,1,99.9,shutdown_transition,True,False,"expected shutdown: the unit sits in the HOT operating regime for >= 30 min before the transition, then 3 temperature channels drop across 500C TOGETHER in ONE 5-min sample with both rows valid and no data gap (e.g. Cyclone_Material_Temp 977 -> 28 C, 949C in 5 min), then >= 30 min in the COLD operating regime; recurring timing: 90 of 94 dataset-wide instantaneous hot->cold transitions (96%) occur at 00:00, modal 00:00 (96%) -> expected operating context: score reflects a stale local baseline across the daily shutdown boundary, not a process failure | inside COLD/SHUTDOWN regime",0.5173,0.5,0.628
1053,2018-06-09 22:35:00,2018-06-10 01:20:00,170.0,34,85.3,41.76,16.73,1,Cyclone_Gas_Outlet_Temp,Cyclone_Gas_Outlet_Temp; Cyclone_Material_Temp,0,99.9,shutdown_transition,False,False,"expected shutdown: the unit sits in the HOT operating regime for >= 30 min before the transition, then 3 temperature channels drop across 500C TOGETHER in ONE 5-min sample with both rows valid and no data gap (e.g. Cyclone_Inlet_Gas_Temp 982 -> 33 C, 949C in 5 min), then >= 30 min in the COLD operating regime; recurring timing: 90 of 94 dataset-wide instantaneous hot->cold transitions (96%) occur at 00:00, modal 00:00 (96%); period onset precedes the transition by 85 min -> expected operating context: score reflects a stale local baseline across the daily shutdown boundary, not a process failure",0.4069,0.1667,0.5035
1054,2019-03-10 00:00:00,2019-03-10 01:20:00,85.0,17,100.0,13.17,10.14,3,Cyclone_Inlet_Gas_Temp; Cyclone_Material_Temp; Cyclone_Gas_Outlet_Temp,Cyclone_Inlet_Gas_Temp; Cyclone_Gas_Outlet_Temp,1,99.6,shutdown_transition,True,False,"expected shutdown: the unit sits in the HOT operating regime for >= 30 min before the transition, then 3 temperature channels drop across 500C TOGETHER in ONE 5-min sample with both rows valid and no data gap (e.g. Cyclone_Material_Temp 962 -> 0 C, 962C in 5 min), then >= 30 min in the COLD operating regime; recurring timing: 90 of 94 dataset-wide instantaneous hot->cold transitions (96%) occur at 00:00, modal 00:00 (96%) -> expected operating context: score reflects a stale local baseline across the daily shutdown boundary, not a process failure | inside COLD/SHUTDOWN regime",0.2466,0.5,0.4916
1055,2019-04-06 00:00:00,2019-04-06 04:45:00,290.0,58,100.0,39.29,9.24,1,Cyclone_Inlet_Gas_Temp,Cyclone_Inlet_Gas_Temp; Cyclone_Gas_Outlet_Temp,1,99.9,shutdown_transition,True,False,"expected shutdown: the unit sits in the HOT operating regime for >= 30 min before the transition, then 3 temperature channels drop across 500C TOGETHER in ONE 5-min sample with both rows valid and no data gap (e.g. Cyclone_Material_Temp 969 -> 45 C, 923C in 5 min), then >= 30 min in the COLD operating regime; recurring timing: 90 of 94 dataset-wide instantaneous hot->cold transitions (96%) occur at 00:00, modal 00:00 (96%) -> expected operating context: score reflects a stale local baseline across the daily shutdown boundary, not a process failure | inside COLD/SHUTDOWN regime",0.2247,0.1667,0.4453
